ISO-10303-21;
HEADER;
FILE_DESCRIPTION(('CATIA V5 STEP Exchange'),'2;1');

FILE_NAME('C:\\Modely\\3Dtisk\\Vybijec_Bafang\\BA15s_Socket.stp','2025-10-04T08:54:21+00:00',('none'),('none'),'CATIA Version 5 Release 19 SP 2 (IN-10)','CATIA V5 STEP AP203','none');

FILE_SCHEMA(('CONFIG_CONTROL_DESIGN'));

ENDSEC;
/* file written by CATIA V5R19 */
DATA;
#5=PRODUCT('BA15s_Socket','','',(#2)) ;
#1=APPLICATION_CONTEXT('configuration controlled 3D design of mechanical parts and assemblies') ;
#14=PRODUCT_DEFINITION('',' ',#6,#3) ;
#16=SECURITY_CLASSIFICATION(' ',' ',#15) ;
#15=SECURITY_CLASSIFICATION_LEVEL('unclassified') ;
#47=CARTESIAN_POINT(' ',(0.,0.,0.)) ;
#52=CARTESIAN_POINT('Axis2P3D Location',(22.1913785276,-3.4,-11.)) ;
#57=CARTESIAN_POINT('Line Origine',(13.165596095,-3.4,2.8)) ;
#61=CARTESIAN_POINT('Vertex',(14.1985914794,-3.4,2.8)) ;
#63=CARTESIAN_POINT('Vertex',(12.1326007105,-3.4,2.8)) ;
#66=CARTESIAN_POINT('Line Origine',(12.1326007105,-3.4,3.8)) ;
#70=CARTESIAN_POINT('Vertex',(12.1326007105,-3.4,4.8)) ;
#73=CARTESIAN_POINT('Line Origine',(13.165596095,-3.4,4.8)) ;
#77=CARTESIAN_POINT('Vertex',(14.1985914794,-3.4,4.8)) ;
#80=CARTESIAN_POINT('Line Origine',(14.1985914794,-3.4,3.8)) ;
#92=CARTESIAN_POINT('Axis2P3D Location',(0.,0.,-2.90000000037)) ;
#97=CARTESIAN_POINT('Axis2P3D Location',(0.,0.,0.)) ;
#101=CARTESIAN_POINT('Vertex',(-15.4893322174,-8.46186075636,0.)) ;
#103=CARTESIAN_POINT('Vertex',(15.4893322174,8.46186075636,0.)) ;
#106=CARTESIAN_POINT('Line Origine',(-15.4893322174,-8.46186075636,-1.)) ;
#110=CARTESIAN_POINT('Vertex',(-15.4893322174,-8.46186075636,-2.)) ;
#113=CARTESIAN_POINT('Axis2P3D Location',(0.,0.,-2.)) ;
#117=CARTESIAN_POINT('Vertex',(16.198321425,-7.00977053927,-2.)) ;
#120=CARTESIAN_POINT('Axis2P3D Location',(0.,0.,-2.)) ;
#124=CARTESIAN_POINT('Vertex',(17.3194255101,-3.4,-2.)) ;
#127=CARTESIAN_POINT('Axis2P3D Location',(0.,0.,-2.)) ;
#131=CARTESIAN_POINT('Vertex',(15.4893322174,8.46186075636,-2.)) ;
#134=CARTESIAN_POINT('Line Origine',(15.4893322174,8.46186075636,-1.)) ;
#148=CARTESIAN_POINT('Axis2P3D Location',(0.,0.,0.)) ;
#153=CARTESIAN_POINT('Axis2P3D Location',(0.,0.,-2.)) ;
#165=CARTESIAN_POINT('Axis2P3D Location',(0.,0.,-2.90000000037)) ;
#170=CARTESIAN_POINT('Axis2P3D Location',(0.,0.,-2.)) ;
#174=CARTESIAN_POINT('Vertex',(5.80285421037,7.00977053927,-2.)) ;
#176=CARTESIAN_POINT('Vertex',(4.,8.17373843477,-2.)) ;
#179=CARTESIAN_POINT('Line Origine',(5.80285421037,7.00977053927,3.4)) ;
#183=CARTESIAN_POINT('Vertex',(5.80285421037,7.00977053927,-5.2)) ;
#186=CARTESIAN_POINT('Axis2P3D Location',(0.,0.,-5.2)) ;
#190=CARTESIAN_POINT('Vertex',(4.,8.17373843477,-5.2)) ;
#193=CARTESIAN_POINT('Line Origine',(4.,8.17373843477,3.4)) ;
#205=CARTESIAN_POINT('Axis2P3D Location',(-0.852305977674,7.00977053927,-11.)) ;
#210=CARTESIAN_POINT('Line Origine',(5.72379831513,7.00977053927,-2.)) ;
#214=CARTESIAN_POINT('Vertex',(5.64474241988,7.00977053927,-2.)) ;
#217=CARTESIAN_POINT('Line Origine',(5.64474241988,7.00977053927,-3.6)) ;
#221=CARTESIAN_POINT('Vertex',(5.64474241988,7.00977053927,-5.2)) ;
#225=CARTESIAN_POINT('Control Point',(5.64474241988,7.00977053927,-5.2)) ;
#226=CARTESIAN_POINT('Control Point',(5.64474241988,7.00977053927,-5.21896306859)) ;
#227=CARTESIAN_POINT('Control Point',(5.6435479523,7.00977053927,-5.23792602934)) ;
#228=CARTESIAN_POINT('Control Point',(5.6411305599,7.00977053927,-5.25697753562)) ;
#229=CARTESIAN_POINT('Control Point',(5.63390921862,7.00977053927,-5.29486328823)) ;
#230=CARTESIAN_POINT('Control Point',(5.62214313504,7.00977053927,-5.33164120085)) ;
#231=CARTESIAN_POINT('Control Point',(5.61500462238,7.00977053927,-5.35007860313)) ;
#232=CARTESIAN_POINT('Control Point',(5.58935179074,7.00977053927,-5.40657154863)) ;
#233=CARTESIAN_POINT('Control Point',(5.55430216235,7.00977053927,-5.45834918836)) ;
#234=CARTESIAN_POINT('Control Point',(5.52676450801,7.00977053927,-5.49120860331)) ;
#235=CARTESIAN_POINT('Control Point',(5.44205757624,7.00977053927,-5.57604306726)) ;
#236=CARTESIAN_POINT('Control Point',(5.34037414695,7.00977053927,-5.64156236842)) ;
#237=CARTESIAN_POINT('Control Point',(5.27100756428,7.00977053927,-5.67652336024)) ;
#238=CARTESIAN_POINT('Control Point',(5.10482607262,7.00977053927,-5.74310158161)) ;
#239=CARTESIAN_POINT('Control Point',(4.92985056999,7.00977053927,-5.78033287383)) ;
#240=CARTESIAN_POINT('Control Point',(4.8295397367,7.00977053927,-5.7936276446)) ;
#241=CARTESIAN_POINT('Control Point',(4.728881773,7.00977053927,-5.8)) ;
#242=CARTESIAN_POINT('Control Point',(4.62851131433,7.00977053927,-5.8)) ;
#243=CARTESIAN_POINT('Vertex',(4.62851131433,7.00977053927,-5.8)) ;
#246=CARTESIAN_POINT('Line Origine',(4.71806081705,7.00977053927,-5.8)) ;
#250=CARTESIAN_POINT('Vertex',(4.80761031978,7.00977053927,-5.8)) ;
#254=CARTESIAN_POINT('Control Point',(5.80285421037,7.00977053927,-5.2)) ;
#255=CARTESIAN_POINT('Control Point',(5.80285421037,7.00977053927,-5.21895860716)) ;
#256=CARTESIAN_POINT('Control Point',(5.80167993123,7.00977053927,-5.23791710991)) ;
#257=CARTESIAN_POINT('Control Point',(5.79930448695,7.00977053927,-5.25696013851)) ;
#258=CARTESIAN_POINT('Control Point',(5.79220750091,7.00977053927,-5.29483064951)) ;
#259=CARTESIAN_POINT('Control Point',(5.78063318271,7.00977053927,-5.33162640035)) ;
#260=CARTESIAN_POINT('Control Point',(5.77361394961,7.00977053927,-5.35006692887)) ;
#261=CARTESIAN_POINT('Control Point',(5.74842637866,7.00977053927,-5.40648117125)) ;
#262=CARTESIAN_POINT('Control Point',(5.71395758642,7.00977053927,-5.45830961944)) ;
#263=CARTESIAN_POINT('Control Point',(5.6868648642,7.00977053927,-5.49122053681)) ;
#264=CARTESIAN_POINT('Control Point',(5.60376783892,7.00977053927,-5.57590630786)) ;
#265=CARTESIAN_POINT('Control Point',(5.50372150476,7.00977053927,-5.64161919581)) ;
#266=CARTESIAN_POINT('Control Point',(5.43551020457,7.00977053927,-5.67666388994)) ;
#267=CARTESIAN_POINT('Control Point',(5.27300440177,7.00977053927,-5.74301154528)) ;
#268=CARTESIAN_POINT('Control Point',(5.10160011719,7.00977053927,-5.78031232739)) ;
#269=CARTESIAN_POINT('Control Point',(5.00375413028,7.00977053927,-5.79360748044)) ;
#270=CARTESIAN_POINT('Control Point',(4.90554664375,7.00977053927,-5.8)) ;
#271=CARTESIAN_POINT('Control Point',(4.80761031977,7.00977053927,-5.8)) ;
#282=CARTESIAN_POINT('Axis2P3D Location',(0.,0.,-5.8)) ;
#287=CARTESIAN_POINT('Axis2P3D Location',(0.,0.,-2.)) ;
#291=CARTESIAN_POINT('Vertex',(7.89824305701,4.31482984744,-2.)) ;
#294=CARTESIAN_POINT('Line Origine',(7.89824305701,4.31482984744,-3.6)) ;
#298=CARTESIAN_POINT('Vertex',(7.89824305701,4.31482984744,-5.2)) ;
#301=CARTESIAN_POINT('Axis2P3D Location',(0.,0.,-5.2)) ;
#313=CARTESIAN_POINT('Axis2P3D Location',(0.,0.,-5.2)) ;
#317=CARTESIAN_POINT('Vertex',(8.3330666624,3.4,-5.2)) ;
#320=CARTESIAN_POINT('Axis2P3D Location',(0.,0.,-2.)) ;
#324=CARTESIAN_POINT('Vertex',(8.3330666624,3.4,-2.)) ;
#327=CARTESIAN_POINT('Line Origine',(8.3330666624,3.4,-3.6)) ;
#339=CARTESIAN_POINT('Line Origine',(5.77313504282,-6.90441248604,-3.6)) ;
#343=CARTESIAN_POINT('Vertex',(5.77313504282,-6.90441248604,-5.2)) ;
#345=CARTESIAN_POINT('Vertex',(5.77313504282,-6.90441248604,-2.)) ;
#348=CARTESIAN_POINT('Axis2P3D Location',(0.,0.,-5.2)) ;
#352=CARTESIAN_POINT('Vertex',(8.3330666624,-3.4,-5.2)) ;
#355=CARTESIAN_POINT('Line Origine',(8.3330666624,-3.4,-3.6)) ;
#359=CARTESIAN_POINT('Vertex',(8.3330666624,-3.4,-2.)) ;
#362=CARTESIAN_POINT('Axis2P3D Location',(0.,0.,-2.)) ;
#374=CARTESIAN_POINT('Axis2P3D Location',(0.,0.,-5.2)) ;
#378=CARTESIAN_POINT('Vertex',(-2.,-8.87749964799,-5.2)) ;
#380=CARTESIAN_POINT('Vertex',(-0.598010417943,-9.08032948411,-5.2)) ;
#383=CARTESIAN_POINT('Line Origine',(-0.598010417943,-9.08032948411,3.4)) ;
#387=CARTESIAN_POINT('Vertex',(-0.598010417943,-9.08032948411,-2.)) ;
#390=CARTESIAN_POINT('Axis2P3D Location',(0.,0.,-2.)) ;
#394=CARTESIAN_POINT('Vertex',(-2.,-8.87749964799,-2.)) ;
#397=CARTESIAN_POINT('Line Origine',(-2.,-8.87749964799,3.4)) ;
#409=CARTESIAN_POINT('Axis2P3D Location',(0.,0.,-2.)) ;
#413=CARTESIAN_POINT('Vertex',(-7.7619263073,-4.75,-2.)) ;
#415=CARTESIAN_POINT('Vertex',(-4.,-8.17373843477,-2.)) ;
#418=CARTESIAN_POINT('Line Origine',(-7.7619263073,-4.75,3.4)) ;
#422=CARTESIAN_POINT('Vertex',(-7.7619263073,-4.75,-5.2)) ;
#425=CARTESIAN_POINT('Axis2P3D Location',(0.,0.,-5.2)) ;
#429=CARTESIAN_POINT('Vertex',(-4.,-8.17373843477,-5.2)) ;
#432=CARTESIAN_POINT('Line Origine',(-4.,-8.17373843477,3.4)) ;
#444=CARTESIAN_POINT('Axis2P3D Location',(0.,0.,-5.2)) ;
#448=CARTESIAN_POINT('Vertex',(2.,8.87749964799,-5.2)) ;
#450=CARTESIAN_POINT('Vertex',(-7.7619263073,4.75,-5.2)) ;
#453=CARTESIAN_POINT('Line Origine',(-7.7619263073,4.75,3.4)) ;
#457=CARTESIAN_POINT('Vertex',(-7.7619263073,4.75,-2.)) ;
#460=CARTESIAN_POINT('Axis2P3D Location',(0.,0.,-2.)) ;
#464=CARTESIAN_POINT('Vertex',(2.,8.87749964767,-2.)) ;
#467=CARTESIAN_POINT('Line Origine',(2.,8.87749964799,3.4)) ;
#479=CARTESIAN_POINT('Axis2P3D Location',(0.,-4.75,-5.95)) ;
#484=CARTESIAN_POINT('Line Origine',(-2.,-4.75,-5.875)) ;
#488=CARTESIAN_POINT('Vertex',(-2.,-4.75,-5.8)) ;
#490=CARTESIAN_POINT('Vertex',(-2.,-4.75,-5.95)) ;
#493=CARTESIAN_POINT('Line Origine',(0.530865704891,-4.75,-5.95)) ;
#497=CARTESIAN_POINT('Vertex',(3.06173140978,-4.75,-5.95)) ;
#500=CARTESIAN_POINT('Line Origine',(3.06173140978,-4.75,-5.875)) ;
#504=CARTESIAN_POINT('Vertex',(3.06173140978,-4.75,-5.8)) ;
#507=CARTESIAN_POINT('Line Origine',(0.530865704891,-4.75,-5.8)) ;
#519=CARTESIAN_POINT('Axis2P3D Location',(8.5,0.,-5.8)) ;
#524=CARTESIAN_POINT('Line Origine',(-2.,-6.50567791046,-5.8)) ;
#528=CARTESIAN_POINT('Vertex',(-2.,-8.26135582093,-5.8)) ;
#531=CARTESIAN_POINT('Line Origine',(3.99881489732,-4.20897459622,-5.8)) ;
#535=CARTESIAN_POINT('Vertex',(4.93589838486,-3.66794919243,-5.8)) ;
#538=CARTESIAN_POINT('Axis2P3D Location',(5.93589838486,-5.4,-5.8)) ;
#542=CARTESIAN_POINT('Vertex',(5.93589838486,-3.4,-5.8)) ;
#545=CARTESIAN_POINT('Line Origine',(6.80852206637,-3.4,-5.8)) ;
#549=CARTESIAN_POINT('Vertex',(7.68114574787,-3.4,-5.8)) ;
#552=CARTESIAN_POINT('Axis2P3D Location',(0.,0.,-5.8)) ;
#556=CARTESIAN_POINT('Vertex',(6.92802280597,-4.75,-5.8)) ;
#559=CARTESIAN_POINT('Axis2P3D Location',(0.,0.,-5.8)) ;
#563=CARTESIAN_POINT('Vertex',(5.35183278755,-6.47440235189,-5.8)) ;
#566=CARTESIAN_POINT('Axis2P3D Location',(3.,-9.2,-5.8)) ;
#570=CARTESIAN_POINT('Vertex',(-0.527995196542,-8.48358539018,-5.8)) ;
#573=CARTESIAN_POINT('Axis2P3D Location',(0.,0.,-5.8)) ;
#590=CARTESIAN_POINT('Axis2P3D Location',(0.,0.,-5.2)) ;
#596=CARTESIAN_POINT('Control Point',(-0.598010417943,-9.08032948411,-5.19999999999)) ;
#597=CARTESIAN_POINT('Control Point',(-0.598010417943,-9.08032948411,-5.43597078387)) ;
#598=CARTESIAN_POINT('Control Point',(-0.597928798478,-8.954207517,-5.67537601188)) ;
#599=CARTESIAN_POINT('Control Point',(-0.57495434017,-8.71483644352,-5.8)) ;
#600=CARTESIAN_POINT('Control Point',(-0.527995196542,-8.48358539017,-5.8)) ;
#603=CARTESIAN_POINT('Control Point',(-2.,-8.87749964799,-5.19999999999)) ;
#604=CARTESIAN_POINT('Control Point',(-2.,-8.87749964799,-5.438732616)) ;
#605=CARTESIAN_POINT('Control Point',(-1.99999996658,-8.74330695085,-5.67977655066)) ;
#606=CARTESIAN_POINT('Control Point',(-2.,-8.50008843693,-5.8)) ;
#607=CARTESIAN_POINT('Control Point',(-2.,-8.26135582092,-5.8)) ;
#616=CARTESIAN_POINT('Line Origine',(-4.,-6.125,-5.8)) ;
#620=CARTESIAN_POINT('Vertex',(-4.,-4.75,-5.8)) ;
#622=CARTESIAN_POINT('Vertex',(-4.,-7.5,-5.8)) ;
#625=CARTESIAN_POINT('Axis2P3D Location',(0.,0.,-5.8)) ;
#629=CARTESIAN_POINT('Vertex',(-7.04893608994,-4.75,-5.8)) ;
#632=CARTESIAN_POINT('Line Origine',(-5.52446804497,-4.75,-5.8)) ;
#644=CARTESIAN_POINT('Control Point',(-7.7619263073,-4.75,-5.2)) ;
#645=CARTESIAN_POINT('Control Point',(-7.7619263073,-4.75,-5.40632648956)) ;
#646=CARTESIAN_POINT('Control Point',(-7.65451572509,-4.75000076588,-5.61467052237)) ;
#647=CARTESIAN_POINT('Control Point',(-7.45971389806,-4.74999857237,-5.73893240348)) ;
#648=CARTESIAN_POINT('Control Point',(-7.25526257949,-4.75,-5.8)) ;
#649=CARTESIAN_POINT('Control Point',(-7.04893608994,-4.75,-5.8)) ;
#652=CARTESIAN_POINT('Control Point',(-4.,-8.17373843477,-5.19999999999)) ;
#653=CARTESIAN_POINT('Control Point',(-4.,-8.17373843477,-5.40004212866)) ;
#654=CARTESIAN_POINT('Control Point',(-4.0000005748,-8.07934007093,-5.60181346948)) ;
#655=CARTESIAN_POINT('Control Point',(-3.99999896817,-7.8990342532,-5.73562432303)) ;
#656=CARTESIAN_POINT('Control Point',(-4.,-7.70004212866,-5.8)) ;
#657=CARTESIAN_POINT('Control Point',(-4.,-7.49999999999,-5.8)) ;
#666=CARTESIAN_POINT('Axis2P3D Location',(0.,0.,0.)) ;
#675=CARTESIAN_POINT('Axis2P3D Location',(0.,0.,0.)) ;
#679=CARTESIAN_POINT('Vertex',(12.6,-3.08600801163E-015,0.)) ;
#681=CARTESIAN_POINT('Vertex',(-12.6,1.54300400582E-015,0.)) ;
#684=CARTESIAN_POINT('Axis2P3D Location',(0.,0.,0.)) ;
#694=CARTESIAN_POINT('Axis2P3D Location',(0.,0.,-5.8)) ;
#698=CARTESIAN_POINT('Vertex',(4.,7.5,-5.8)) ;
#702=CARTESIAN_POINT('Control Point',(4.,8.17373843477,-5.19999999999)) ;
#703=CARTESIAN_POINT('Control Point',(4.,8.17373843477,-5.40004212866)) ;
#704=CARTESIAN_POINT('Control Point',(4.0000005748,8.07934007092,-5.60181346947)) ;
#705=CARTESIAN_POINT('Control Point',(3.99999896817,7.89903425321,-5.73562432303)) ;
#706=CARTESIAN_POINT('Control Point',(4.,7.70004212866,-5.8)) ;
#707=CARTESIAN_POINT('Control Point',(4.,7.49999999999,-5.8)) ;
#716=CARTESIAN_POINT('Axis2P3D Location',(0.,0.,-5.2)) ;
#721=CARTESIAN_POINT('Axis2P3D Location',(7.37169351988,4.02717452428,-5.2)) ;
#725=CARTESIAN_POINT('Vertex',(7.37169351988,4.02717452428,-5.8)) ;
#728=CARTESIAN_POINT('Axis2P3D Location',(0.,0.,-5.8)) ;
#732=CARTESIAN_POINT('Vertex',(6.92802280597,4.75,-5.8)) ;
#735=CARTESIAN_POINT('Axis2P3D Location',(0.,0.,-5.8)) ;
#748=CARTESIAN_POINT('Axis2P3D Location',(0.,0.,-5.8)) ;
#752=CARTESIAN_POINT('Vertex',(7.68114574787,3.4,-5.8)) ;
#756=CARTESIAN_POINT('Control Point',(8.3330666624,3.4,-5.2)) ;
#757=CARTESIAN_POINT('Control Point',(8.3330666624,3.4,-5.39658814128)) ;
#758=CARTESIAN_POINT('Control Point',(8.24527108717,3.40000006045,-5.59456497915)) ;
#759=CARTESIAN_POINT('Control Point',(8.07375730981,3.3999997675,-5.73332274073)) ;
#760=CARTESIAN_POINT('Control Point',(7.87773388915,3.4,-5.8)) ;
#761=CARTESIAN_POINT('Control Point',(7.68114574787,3.4,-5.8)) ;
#771=CARTESIAN_POINT('Control Point',(5.77313504282,-6.90441248604,-5.2)) ;
#772=CARTESIAN_POINT('Control Point',(5.77313504282,-6.90441248604,-5.4362406481)) ;
#773=CARTESIAN_POINT('Control Point',(5.69576625613,-6.80445850537,-5.67615823645)) ;
#774=CARTESIAN_POINT('Control Point',(5.53069305278,-6.62873526909,-5.8)) ;
#775=CARTESIAN_POINT('Control Point',(5.35183278755,-6.47440235188,-5.8)) ;
#778=CARTESIAN_POINT('Control Point',(8.3330666624,-3.4,-5.2)) ;
#779=CARTESIAN_POINT('Control Point',(8.3330666624,-3.4,-5.39658814128)) ;
#780=CARTESIAN_POINT('Control Point',(8.24527108718,-3.40000006045,-5.59456497914)) ;
#781=CARTESIAN_POINT('Control Point',(8.07375730981,-3.3999997675,-5.73332274074)) ;
#782=CARTESIAN_POINT('Control Point',(7.87773388915,-3.4,-5.8)) ;
#783=CARTESIAN_POINT('Control Point',(7.68114574787,-3.4,-5.8)) ;
#793=CARTESIAN_POINT('Line Origine',(2.,6.50567791046,-5.8)) ;
#797=CARTESIAN_POINT('Vertex',(2.,8.26135582093,-5.8)) ;
#799=CARTESIAN_POINT('Vertex',(2.,4.75,-5.8)) ;
#802=CARTESIAN_POINT('Line Origine',(-2.52446804497,4.75,-5.8)) ;
#806=CARTESIAN_POINT('Vertex',(-7.04893608994,4.75,-5.8)) ;
#809=CARTESIAN_POINT('Axis2P3D Location',(0.,0.,-5.8)) ;
#821=CARTESIAN_POINT('Control Point',(-7.7619263073,4.75,-5.2)) ;
#822=CARTESIAN_POINT('Control Point',(-7.7619263073,4.75,-5.40632648956)) ;
#823=CARTESIAN_POINT('Control Point',(-7.65451572509,4.75000076588,-5.61467052237)) ;
#824=CARTESIAN_POINT('Control Point',(-7.45971389805,4.74999857237,-5.73893240349)) ;
#825=CARTESIAN_POINT('Control Point',(-7.25526257949,4.75,-5.8)) ;
#826=CARTESIAN_POINT('Control Point',(-7.04893608994,4.75,-5.8)) ;
#829=CARTESIAN_POINT('Control Point',(2.,8.87749964799,-5.19999999999)) ;
#830=CARTESIAN_POINT('Control Point',(2.,8.87749964799,-5.438732616)) ;
#831=CARTESIAN_POINT('Control Point',(1.99999996658,8.74330695085,-5.67977655067)) ;
#832=CARTESIAN_POINT('Control Point',(2.,8.50008843693,-5.8)) ;
#833=CARTESIAN_POINT('Control Point',(2.,8.26135582092,-5.8)) ;
#842=CARTESIAN_POINT('Axis2P3D Location',(5.41573675185,0.,-9.7)) ;
#847=CARTESIAN_POINT('Line Origine',(5.41573675185,1.33226762955E-015,-9.7)) ;
#851=CARTESIAN_POINT('Vertex',(5.41573675185,2.91547594742,-9.7)) ;
#853=CARTESIAN_POINT('Vertex',(5.41573675185,-2.91547594742,-9.7)) ;
#856=CARTESIAN_POINT('Line Origine',(-1.24213162407,-2.91547594742,-9.7)) ;
#860=CARTESIAN_POINT('Vertex',(-7.9,-2.91547594742,-9.7)) ;
#863=CARTESIAN_POINT('Line Origine',(-7.9,-4.4408920985E-016,-9.7)) ;
#867=CARTESIAN_POINT('Vertex',(-7.9,2.91547594742,-9.7)) ;
#870=CARTESIAN_POINT('Line Origine',(-1.24213162407,2.91547594742,-9.7)) ;
#882=CARTESIAN_POINT('Axis2P3D Location',(-7.9,0.,-9.7)) ;
#887=CARTESIAN_POINT('Axis2P3D Location',(-7.9,-2.22044604925E-016,-5.95)) ;
#897=CARTESIAN_POINT('Axis2P3D Location',(4.93589838486,-3.66794919243,-11.)) ;
#903=CARTESIAN_POINT('Control Point',(3.06173140978,-4.75,-5.95)) ;
#904=CARTESIAN_POINT('Control Point',(3.06173140978,-4.75,-6.16299957185)) ;
#905=CARTESIAN_POINT('Control Point',(3.08241064587,-4.73806083748,-6.37599878823)) ;
#906=CARTESIAN_POINT('Control Point',(3.12377885587,-4.7141768903,-6.58516610652)) ;
#907=CARTESIAN_POINT('Control Point',(3.25115037376,-4.64063891016,-7.01837754992)) ;
#908=CARTESIAN_POINT('Control Point',(3.44936422618,-4.5262000891,-7.4151622613)) ;
#909=CARTESIAN_POINT('Control Point',(3.57121382816,-4.4558501886,-7.61461922446)) ;
#910=CARTESIAN_POINT('Control Point',(3.88250423264,-4.27612658978,-8.04959351642)) ;
#911=CARTESIAN_POINT('Control Point',(4.2483847287,-4.06488538689,-8.42503022487)) ;
#912=CARTESIAN_POINT('Control Point',(4.46895221571,-3.93754068889,-8.62117350255)) ;
#913=CARTESIAN_POINT('Control Point',(4.69872871775,-3.80487916358,-8.80163788436)) ;
#914=CARTESIAN_POINT('Control Point',(4.93589838486,-3.66794919243,-8.96805379703)) ;
#915=CARTESIAN_POINT('Vertex',(4.93589838486,-3.66794919243,-8.96805379703)) ;
#918=CARTESIAN_POINT('Line Origine',(4.93589838486,-3.66794919243,-7.38402689851)) ;
#930=CARTESIAN_POINT('Axis2P3D Location',(0.,0.,6.)) ;
#936=CARTESIAN_POINT('Control Point',(11.8967533037,4.15057355438,4.8)) ;
#937=CARTESIAN_POINT('Control Point',(11.7501554891,4.57076561049,5.20581625706)) ;
#938=CARTESIAN_POINT('Control Point',(11.579638996,4.98797752669,5.60657906435)) ;
#939=CARTESIAN_POINT('Control Point',(11.3841995766,5.4,6.)) ;
#940=CARTESIAN_POINT('Vertex',(11.8967533037,4.15057355438,4.8)) ;
#942=CARTESIAN_POINT('Vertex',(11.3841995766,5.4,6.)) ;
#945=CARTESIAN_POINT('Axis2P3D Location',(0.,0.,4.8)) ;
#949=CARTESIAN_POINT('Vertex',(12.6,0.,4.8)) ;
#952=CARTESIAN_POINT('Line Origine',(12.6,0.,5.38999999987)) ;
#957=CARTESIAN_POINT('Line Origine',(-12.6,1.54300400582E-015,5.38999999987)) ;
#961=CARTESIAN_POINT('Vertex',(-12.6,1.54300400582E-015,4.8)) ;
#964=CARTESIAN_POINT('Axis2P3D Location',(0.,0.,4.8)) ;
#968=CARTESIAN_POINT('Vertex',(-12.5602547745,1.,4.8)) ;
#971=CARTESIAN_POINT('Line Origine',(-12.5602547745,1.,5.38999999987)) ;
#975=CARTESIAN_POINT('Vertex',(-12.5602547745,1.,7.65714285714)) ;
#978=CARTESIAN_POINT('Axis2P3D Location',(0.,0.,7.65714285714)) ;
#982=CARTESIAN_POINT('Vertex',(-12.6,1.54300400582E-015,7.65714285714)) ;
#985=CARTESIAN_POINT('Line Origine',(-12.6,1.54300400582E-015,5.38999999987)) ;
#989=CARTESIAN_POINT('Vertex',(-12.6,1.54300400582E-015,12.)) ;
#992=CARTESIAN_POINT('Axis2P3D Location',(0.,0.,12.)) ;
#996=CARTESIAN_POINT('Vertex',(12.6,0.,12.)) ;
#999=CARTESIAN_POINT('Line Origine',(12.6,0.,5.38999999987)) ;
#1003=CARTESIAN_POINT('Vertex',(12.6,0.,7.65714285714)) ;
#1006=CARTESIAN_POINT('Axis2P3D Location',(0.,0.,7.65714285714)) ;
#1010=CARTESIAN_POINT('Vertex',(11.3841995766,5.4,7.65714285714)) ;
#1013=CARTESIAN_POINT('Line Origine',(11.3841995766,5.4,5.38999999987)) ;
#1034=CARTESIAN_POINT('Control Point',(-0.65,12.5832229576,4.8)) ;
#1035=CARTESIAN_POINT('Control Point',(-1.05077686833,12.5625203947,5.20077686833)) ;
#1036=CARTESIAN_POINT('Control Point',(-1.45114680029,12.5226499544,5.60114680029)) ;
#1037=CARTESIAN_POINT('Control Point',(-1.85,12.4634465538,6.)) ;
#1038=CARTESIAN_POINT('Vertex',(-0.65,12.5832229576,4.8)) ;
#1040=CARTESIAN_POINT('Vertex',(-1.85,12.4634465538,6.)) ;
#1043=CARTESIAN_POINT('Axis2P3D Location',(0.,0.,4.8)) ;
#1047=CARTESIAN_POINT('Vertex',(3.55,12.0895616132,4.8)) ;
#1050=CARTESIAN_POINT('Line Origine',(3.55,12.0895616132,5.38999999987)) ;
#1054=CARTESIAN_POINT('Vertex',(3.55,12.0895616132,7.65714285714)) ;
#1057=CARTESIAN_POINT('Axis2P3D Location',(0.,0.,7.65714285714)) ;
#1061=CARTESIAN_POINT('Vertex',(-1.85,12.4634465538,7.65714285714)) ;
#1064=CARTESIAN_POINT('Line Origine',(-1.85,12.4634465538,5.38999999987)) ;
#1077=CARTESIAN_POINT('Line Origine',(11.3841995766,-5.4,5.38999999987)) ;
#1081=CARTESIAN_POINT('Vertex',(11.3841995766,-5.4,7.65714285714)) ;
#1083=CARTESIAN_POINT('Vertex',(11.3841995766,-5.4,2.8)) ;
#1086=CARTESIAN_POINT('Axis2P3D Location',(0.,0.,7.65714285714)) ;
#1091=CARTESIAN_POINT('Axis2P3D Location',(0.,0.,12.)) ;
#1096=CARTESIAN_POINT('Axis2P3D Location',(0.,0.,7.65714285714)) ;
#1100=CARTESIAN_POINT('Vertex',(-12.1326007105,-3.4,7.65714285714)) ;
#1103=CARTESIAN_POINT('Line Origine',(-12.1326007105,-3.4,5.38999999987)) ;
#1107=CARTESIAN_POINT('Vertex',(-12.1326007105,-3.4,6.)) ;
#1111=CARTESIAN_POINT('Control Point',(-12.4064499354,-2.2,4.8)) ;
#1112=CARTESIAN_POINT('Control Point',(-12.3351503859,-2.60207922341,5.20207922341)) ;
#1113=CARTESIAN_POINT('Control Point',(-12.2439944408,-3.00250127899,5.60250127899)) ;
#1114=CARTESIAN_POINT('Control Point',(-12.1326007105,-3.4,6.)) ;
#1115=CARTESIAN_POINT('Vertex',(-12.4064499354,-2.2,4.8)) ;
#1118=CARTESIAN_POINT('Axis2P3D Location',(0.,0.,4.8)) ;
#1123=CARTESIAN_POINT('Axis2P3D Location',(0.,0.,4.8)) ;
#1128=CARTESIAN_POINT('Axis2P3D Location',(0.,0.,2.8)) ;
#1151=CARTESIAN_POINT('Control Point',(0.65,-12.5832229576,4.8)) ;
#1152=CARTESIAN_POINT('Control Point',(1.05077686833,-12.5625203947,5.20077686833)) ;
#1153=CARTESIAN_POINT('Control Point',(1.45114680029,-12.5226499544,5.60114680029)) ;
#1154=CARTESIAN_POINT('Control Point',(1.85,-12.4634465538,6.)) ;
#1155=CARTESIAN_POINT('Vertex',(0.65,-12.5832229576,4.8)) ;
#1157=CARTESIAN_POINT('Vertex',(1.85,-12.4634465538,6.)) ;
#1160=CARTESIAN_POINT('Axis2P3D Location',(0.,0.,4.8)) ;
#1164=CARTESIAN_POINT('Vertex',(-1.85,-12.4634465538,4.8)) ;
#1167=CARTESIAN_POINT('Line Origine',(-1.85,-12.4634465538,5.38999999987)) ;
#1171=CARTESIAN_POINT('Vertex',(-1.85,-12.4634465538,7.65714285714)) ;
#1174=CARTESIAN_POINT('Axis2P3D Location',(0.,0.,7.65714285714)) ;
#1178=CARTESIAN_POINT('Vertex',(1.85,-12.4634465538,7.65714285714)) ;
#1181=CARTESIAN_POINT('Line Origine',(1.85,-12.4634465538,5.38999999987)) ;
#1194=CARTESIAN_POINT('Axis2P3D Location',(10.8456263832,5.4471190489,6.)) ;
#1200=CARTESIAN_POINT('Control Point',(13.6416269752,5.20250069389,6.)) ;
#1201=CARTESIAN_POINT('Control Point',(13.798289771,4.79171066283,5.60442721136)) ;
#1202=CARTESIAN_POINT('Control Point',(13.9349150755,4.37775430003,5.20395375739)) ;
#1203=CARTESIAN_POINT('Control Point',(14.0521365095,3.96200195832,4.8)) ;
#1204=CARTESIAN_POINT('Vertex',(13.6416269752,5.20250069389,6.)) ;
#1206=CARTESIAN_POINT('Vertex',(14.0521365095,3.96200195832,4.8)) ;
#1209=CARTESIAN_POINT('Line Origine',(12.9920997883,4.05474315434,4.8)) ;
#1214=CARTESIAN_POINT('Line Origine',(13.0966866796,5.25017679205,6.)) ;
#1226=CARTESIAN_POINT('Axis2P3D Location',(0.,-14.6,4.8)) ;
#1231=CARTESIAN_POINT('Axis2P3D Location',(0.,0.,4.8)) ;
#1244=CARTESIAN_POINT('Line Origine',(-13.4198723888,-2.2,4.8)) ;
#1248=CARTESIAN_POINT('Vertex',(-14.4332948421,-2.2,4.8)) ;
#1251=CARTESIAN_POINT('Axis2P3D Location',(0.,0.,4.8)) ;
#1255=CARTESIAN_POINT('Vertex',(-14.5657131648,1.,4.8)) ;
#1258=CARTESIAN_POINT('Line Origine',(-13.5629839697,1.,4.8)) ;
#1271=CARTESIAN_POINT('Axis2P3D Location',(-12.5602547745,1.,12.)) ;
#1276=CARTESIAN_POINT('Line Origine',(-14.5657131648,1.,5.8)) ;
#1280=CARTESIAN_POINT('Vertex',(-14.5657131648,1.,6.8)) ;
#1284=CARTESIAN_POINT('Control Point',(-12.5602547745,1.,7.65714285714)) ;
#1285=CARTESIAN_POINT('Control Point',(-12.9612888761,1.,7.48581324866)) ;
#1286=CARTESIAN_POINT('Control Point',(-13.3623630158,1.,7.3144234643)) ;
#1287=CARTESIAN_POINT('Control Point',(-13.7634773585,1.,7.14298022817)) ;
#1288=CARTESIAN_POINT('Control Point',(-14.164590418,1.,6.97150603347)) ;
#1289=CARTESIAN_POINT('Control Point',(-14.5657131648,1.,6.8)) ;
#1298=CARTESIAN_POINT('Axis2P3D Location',(0.,0.,7.7)) ;
#1304=CARTESIAN_POINT('Control Point',(-12.1326007105,-3.4,7.65714285714)) ;
#1305=CARTESIAN_POINT('Control Point',(-12.8201137043,-3.4,7.37342446813)) ;
#1306=CARTESIAN_POINT('Control Point',(-13.5093049958,-3.4,7.08728661036)) ;
#1307=CARTESIAN_POINT('Control Point',(-14.1985914794,-3.4,6.8)) ;
#1308=CARTESIAN_POINT('Vertex',(-14.1985914794,-3.4,6.8)) ;
#1311=CARTESIAN_POINT('Axis2P3D Location',(0.,0.,6.8)) ;
#1324=CARTESIAN_POINT('Axis2P3D Location',(11.3841995766,5.4,12.)) ;
#1330=CARTESIAN_POINT('Control Point',(11.3841995766,5.4,7.65714285714)) ;
#1331=CARTESIAN_POINT('Control Point',(11.8331419647,5.36072263046,7.49051864118)) ;
#1332=CARTESIAN_POINT('Control Point',(12.2838942608,5.3212869145,7.32101458782)) ;
#1333=CARTESIAN_POINT('Control Point',(12.7358622867,5.28174483596,7.14915602518)) ;
#1334=CARTESIAN_POINT('Control Point',(13.1885080638,5.24214346186,6.97539249421)) ;
#1335=CARTESIAN_POINT('Control Point',(13.6416269752,5.20250069389,6.8)) ;
#1336=CARTESIAN_POINT('Vertex',(13.6416269752,5.20250069389,6.8)) ;
#1339=CARTESIAN_POINT('Line Origine',(13.6416269752,5.20250069389,6.4)) ;
#1351=CARTESIAN_POINT('Axis2P3D Location',(-1.85,11.5874739359,6.)) ;
#1357=CARTESIAN_POINT('Control Point',(-1.85,14.4823168036,6.)) ;
#1358=CARTESIAN_POINT('Control Point',(-1.45085744244,14.5333040691,5.60085744244)) ;
#1359=CARTESIAN_POINT('Control Point',(-1.05056871883,14.5676724061,5.20056871883)) ;
#1360=CARTESIAN_POINT('Control Point',(-0.65,14.585523645,4.8)) ;
#1361=CARTESIAN_POINT('Vertex',(-1.85,14.4823168036,6.)) ;
#1363=CARTESIAN_POINT('Vertex',(-0.65,14.585523645,4.8)) ;
#1366=CARTESIAN_POINT('Line Origine',(-0.65,13.3447808066,4.8)) ;
#1371=CARTESIAN_POINT('Line Origine',(-1.85,13.3447808066,6.)) ;
#1383=CARTESIAN_POINT('Axis2P3D Location',(0.,0.,4.8)) ;
#1387=CARTESIAN_POINT('Vertex',(3.55,14.1618325085,4.8)) ;
#1390=CARTESIAN_POINT('Line Origine',(3.55,13.1256970609,4.8)) ;
#1402=CARTESIAN_POINT('Axis2P3D Location',(3.55,12.0895616132,12.)) ;
#1407=CARTESIAN_POINT('Line Origine',(3.55,14.1618325085,5.8)) ;
#1411=CARTESIAN_POINT('Vertex',(3.55,14.1618325085,6.8)) ;
#1415=CARTESIAN_POINT('Control Point',(3.55,12.0895616132,7.65714285714)) ;
#1416=CARTESIAN_POINT('Control Point',(3.55,12.5032603795,7.48702596176)) ;
#1417=CARTESIAN_POINT('Control Point',(3.55,12.917479365,7.31611752259)) ;
#1418=CARTESIAN_POINT('Control Point',(3.55,13.3322344422,7.14449831634)) ;
#1419=CARTESIAN_POINT('Control Point',(3.55,13.7469692424,6.97246254663)) ;
#1420=CARTESIAN_POINT('Control Point',(3.55,14.1618325085,6.8)) ;
#1429=CARTESIAN_POINT('Axis2P3D Location',(0.,0.,6.8)) ;
#1433=CARTESIAN_POINT('Vertex',(-1.85,14.4823168036,6.8)) ;
#1437=CARTESIAN_POINT('Control Point',(-1.85,12.4634465538,7.65714285714)) ;
#1438=CARTESIAN_POINT('Control Point',(-1.85,13.1360721666,7.37199886479)) ;
#1439=CARTESIAN_POINT('Control Point',(-1.85,13.8091812364,7.08616132688)) ;
#1440=CARTESIAN_POINT('Control Point',(-1.85,14.4823168036,6.8)) ;
#1449=CARTESIAN_POINT('Axis2P3D Location',(-1.85,12.4634465538,12.)) ;
#1454=CARTESIAN_POINT('Line Origine',(-1.85,14.4823168036,6.4)) ;
#1466=CARTESIAN_POINT('Line Origine',(-13.165596095,-3.4,6.)) ;
#1470=CARTESIAN_POINT('Vertex',(-14.1985914794,-3.4,6.)) ;
#1473=CARTESIAN_POINT('Line Origine',(-14.1985914794,-3.4,6.4)) ;
#1485=CARTESIAN_POINT('Axis2P3D Location',(-15.0934798579,-3.4,6.)) ;
#1491=CARTESIAN_POINT('Control Point',(-14.1985914794,-3.4,6.)) ;
#1492=CARTESIAN_POINT('Control Point',(-14.2939373688,-3.00183019651,5.60183019651)) ;
#1493=CARTESIAN_POINT('Control Point',(-14.3720942414,-2.60151196116,5.20151196116)) ;
#1494=CARTESIAN_POINT('Control Point',(-14.4332948421,-2.2,4.8)) ;
#1503=CARTESIAN_POINT('Axis2P3D Location',(1.85,-12.0361358646,6.)) ;
#1509=CARTESIAN_POINT('Control Point',(1.85,-14.4823168036,6.)) ;
#1510=CARTESIAN_POINT('Control Point',(1.45085744244,-14.5333040691,5.60085744244)) ;
#1511=CARTESIAN_POINT('Control Point',(1.05056871883,-14.5676724061,5.20056871883)) ;
#1512=CARTESIAN_POINT('Control Point',(0.65,-14.585523645,4.8)) ;
#1513=CARTESIAN_POINT('Vertex',(1.85,-14.4823168036,6.)) ;
#1515=CARTESIAN_POINT('Vertex',(0.65,-14.585523645,4.8)) ;
#1518=CARTESIAN_POINT('Line Origine',(0.65,-13.5317232769,4.8)) ;
#1523=CARTESIAN_POINT('Line Origine',(1.85,-13.5317232769,6.)) ;
#1535=CARTESIAN_POINT('Axis2P3D Location',(0.,0.,4.8)) ;
#1539=CARTESIAN_POINT('Vertex',(-1.67147422992,-14.5040054433,4.8)) ;
#1542=CARTESIAN_POINT('Line Origine',(-1.76073711496,-13.4837259986,4.8)) ;
#1554=CARTESIAN_POINT('Axis2P3D Location',(-1.85,-12.4634465538,12.)) ;
#1559=CARTESIAN_POINT('Line Origine',(-1.67147422992,-14.5040054433,5.8)) ;
#1563=CARTESIAN_POINT('Vertex',(-1.67147422992,-14.5040054433,6.8)) ;
#1567=CARTESIAN_POINT('Control Point',(-1.85,-12.4634465538,7.65714285714)) ;
#1568=CARTESIAN_POINT('Control Point',(-1.81433903927,-12.8710532001,7.48659146687)) ;
#1569=CARTESIAN_POINT('Control Point',(-1.77864753886,-13.2790089166,7.31550932101)) ;
#1570=CARTESIAN_POINT('Control Point',(-1.74292485633,-13.6873210463,7.14395238188)) ;
#1571=CARTESIAN_POINT('Control Point',(-1.70720328668,-14.0956204558,6.9721183332)) ;
#1572=CARTESIAN_POINT('Control Point',(-1.67147422992,-14.5040054433,6.8)) ;
#1581=CARTESIAN_POINT('Axis2P3D Location',(0.,0.,6.8)) ;
#1585=CARTESIAN_POINT('Vertex',(1.85,-14.4823168036,6.8)) ;
#1589=CARTESIAN_POINT('Control Point',(1.85,-12.4634465538,7.65714285714)) ;
#1590=CARTESIAN_POINT('Control Point',(1.85,-13.1360721666,7.37199886479)) ;
#1591=CARTESIAN_POINT('Control Point',(1.85,-13.8091812364,7.08616132688)) ;
#1592=CARTESIAN_POINT('Control Point',(1.85,-14.4823168036,6.8)) ;
#1601=CARTESIAN_POINT('Axis2P3D Location',(1.85,-12.4634465538,12.)) ;
#1606=CARTESIAN_POINT('Line Origine',(1.85,-14.4823168036,6.4)) ;
#1618=CARTESIAN_POINT('Axis2P3D Location',(0.,0.,6.25)) ;
#1631=CARTESIAN_POINT('Axis2P3D Location',(-7.51939709749,-6.2847965194,0.)) ;
#1636=CARTESIAN_POINT('Line Origine',(-7.18684020623,-6.21073658191,12.)) ;
#1640=CARTESIAN_POINT('Vertex',(-7.51939709749,-6.2847965194,12.)) ;
#1642=CARTESIAN_POINT('Vertex',(-6.85428331497,-6.13667664442,12.)) ;
#1645=CARTESIAN_POINT('Line Origine',(-7.51939709749,-6.2847965194,6.)) ;
#1649=CARTESIAN_POINT('Vertex',(-7.51939709749,-6.2847965194,0.)) ;
#1652=CARTESIAN_POINT('Line Origine',(-7.18684020623,-6.21073658191,0.)) ;
#1656=CARTESIAN_POINT('Vertex',(-6.85428331497,-6.13667664442,0.)) ;
#1659=CARTESIAN_POINT('Line Origine',(-6.85428331497,-6.13667664442,6.)) ;
#1671=CARTESIAN_POINT('Axis2P3D Location',(0.,0.,6.)) ;
#1676=CARTESIAN_POINT('Axis2P3D Location',(0.,0.,0.)) ;
#1680=CARTESIAN_POINT('Vertex',(-1.68995676827E-015,-9.2,0.)) ;
#1683=CARTESIAN_POINT('Line Origine',(-1.68995676827E-015,-9.2,6.)) ;
#1687=CARTESIAN_POINT('Vertex',(6.48128469297E-015,-9.2,12.)) ;
#1690=CARTESIAN_POINT('Axis2P3D Location',(0.,0.,12.)) ;
#1702=CARTESIAN_POINT('Axis2P3D Location',(1.7763568394E-015,-9.2,0.)) ;
#1707=CARTESIAN_POINT('Line Origine',(0.45,-10.5329587897,0.)) ;
#1711=CARTESIAN_POINT('Vertex',(0.9,-11.8659175794,0.)) ;
#1714=CARTESIAN_POINT('Line Origine',(0.9,-11.8659175794,6.)) ;
#1718=CARTESIAN_POINT('Vertex',(0.9,-11.8659175794,12.)) ;
#1721=CARTESIAN_POINT('Line Origine',(0.45,-10.5329587897,12.)) ;
#1733=CARTESIAN_POINT('Axis2P3D Location',(0.,0.,6.)) ;
#1738=CARTESIAN_POINT('Axis2P3D Location',(0.,0.,0.)) ;
#1742=CARTESIAN_POINT('Vertex',(-11.884864324,-0.6,0.)) ;
#1745=CARTESIAN_POINT('Line Origine',(-11.884864324,-0.6,6.)) ;
#1749=CARTESIAN_POINT('Vertex',(-11.884864324,-0.6,12.)) ;
#1752=CARTESIAN_POINT('Axis2P3D Location',(0.,0.,12.)) ;
#1764=CARTESIAN_POINT('Axis2P3D Location',(9.18041393402,-0.6,0.)) ;
#1769=CARTESIAN_POINT('Line Origine',(-10.8332398663,-0.6,12.)) ;
#1773=CARTESIAN_POINT('Vertex',(-9.78161540851,-0.6,12.)) ;
#1776=CARTESIAN_POINT('Line Origine',(-10.8332398663,-0.6,0.)) ;
#1780=CARTESIAN_POINT('Vertex',(-9.78161540851,-0.6,0.)) ;
#1783=CARTESIAN_POINT('Line Origine',(-9.78161540851,-0.6,6.)) ;
#1795=CARTESIAN_POINT('Axis2P3D Location',(0.,0.,6.)) ;
#1800=CARTESIAN_POINT('Axis2P3D Location',(0.,0.,0.)) ;
#1805=CARTESIAN_POINT('Axis2P3D Location',(0.,0.,12.)) ;
#1817=CARTESIAN_POINT('Axis2P3D Location',(-9.47575854483,2.5,0.)) ;
#1822=CARTESIAN_POINT('Line Origine',(6.85428331497,6.13667664442,6.)) ;
#1826=CARTESIAN_POINT('Vertex',(6.85428331497,6.13667664442,0.)) ;
#1828=CARTESIAN_POINT('Vertex',(6.85428331497,6.13667664442,12.)) ;
#1831=CARTESIAN_POINT('Line Origine',(7.18684020623,6.21073658191,12.)) ;
#1835=CARTESIAN_POINT('Vertex',(7.51939709749,6.2847965194,12.)) ;
#1838=CARTESIAN_POINT('Line Origine',(7.51939709749,6.2847965194,6.)) ;
#1842=CARTESIAN_POINT('Vertex',(7.51939709749,6.2847965194,0.)) ;
#1845=CARTESIAN_POINT('Line Origine',(7.18684020623,6.21073658191,0.)) ;
#1857=CARTESIAN_POINT('Axis2P3D Location',(0.,0.,0.)) ;
#1861=CARTESIAN_POINT('Vertex',(0.6,9.18041393402,0.)) ;
#1864=CARTESIAN_POINT('Line Origine',(0.6,9.18041393402,6.)) ;
#1868=CARTESIAN_POINT('Vertex',(0.6,9.18041393402,12.)) ;
#1871=CARTESIAN_POINT('Axis2P3D Location',(0.,0.,12.)) ;
#1883=CARTESIAN_POINT('Axis2P3D Location',(0.6,9.18041393402,0.)) ;
#1888=CARTESIAN_POINT('Line Origine',(0.6,10.532639129,0.)) ;
#1892=CARTESIAN_POINT('Vertex',(0.6,11.884864324,0.)) ;
#1895=CARTESIAN_POINT('Line Origine',(0.6,11.884864324,6.)) ;
#1899=CARTESIAN_POINT('Vertex',(0.6,11.884864324,12.)) ;
#1902=CARTESIAN_POINT('Line Origine',(0.6,10.532639129,12.)) ;
#1914=CARTESIAN_POINT('Axis2P3D Location',(0.,0.,0.)) ;
#1918=CARTESIAN_POINT('Vertex',(11.884864324,0.6,0.)) ;
#1921=CARTESIAN_POINT('Line Origine',(11.884864324,0.6,6.)) ;
#1925=CARTESIAN_POINT('Vertex',(11.884864324,0.6,12.)) ;
#1928=CARTESIAN_POINT('Axis2P3D Location',(0.,0.,12.)) ;
#1940=CARTESIAN_POINT('Axis2P3D Location',(9.18041393402,0.6,0.)) ;
#1945=CARTESIAN_POINT('Line Origine',(9.78161540851,0.6,6.)) ;
#1949=CARTESIAN_POINT('Vertex',(9.78161540851,0.6,0.)) ;
#1951=CARTESIAN_POINT('Vertex',(9.78161540851,0.6,12.)) ;
#1954=CARTESIAN_POINT('Line Origine',(10.8332398663,0.6,12.)) ;
#1959=CARTESIAN_POINT('Line Origine',(10.8332398663,0.6,0.)) ;
#1971=CARTESIAN_POINT('Axis2P3D Location',(0.,0.,6.)) ;
#1976=CARTESIAN_POINT('Axis2P3D Location',(0.,0.,0.)) ;
#1981=CARTESIAN_POINT('Axis2P3D Location',(0.,0.,12.)) ;
#1993=CARTESIAN_POINT('Axis2P3D Location',(-2.2,8.93308457365,6.)) ;
#1998=CARTESIAN_POINT('Axis2P3D Location',(-2.2,8.93308457365,0.)) ;
#2002=CARTESIAN_POINT('Vertex',(-1.31663036328,9.10529980212,0.)) ;
#2004=CARTESIAN_POINT('Vertex',(-3.1,8.93308457365,0.)) ;
#2007=CARTESIAN_POINT('Line Origine',(-3.1,8.93308457365,6.)) ;
#2011=CARTESIAN_POINT('Vertex',(-3.1,8.93308457365,12.)) ;
#2014=CARTESIAN_POINT('Axis2P3D Location',(-2.2,8.93308457365,12.)) ;
#2018=CARTESIAN_POINT('Vertex',(-1.31663036328,9.10529980212,12.)) ;
#2021=CARTESIAN_POINT('Line Origine',(-1.31663036328,9.10529980212,6.)) ;
#2033=CARTESIAN_POINT('Axis2P3D Location',(-2.2,8.93308457365,12.)) ;
#2037=CARTESIAN_POINT('Vertex',(-3.06231576149,8.67538023241,12.)) ;
#2040=CARTESIAN_POINT('Axis2P3D Location',(-2.2,8.93308457365,0.)) ;
#2044=CARTESIAN_POINT('Vertex',(-3.06231576149,8.67538023241,0.)) ;
#2047=CARTESIAN_POINT('Line Origine',(-3.06231576149,8.67538023241,6.)) ;
#2059=CARTESIAN_POINT('Axis2P3D Location',(0.,0.,12.)) ;
#2063=CARTESIAN_POINT('Vertex',(-8.81064476232,2.64811987498,12.)) ;
#2066=CARTESIAN_POINT('Axis2P3D Location',(0.,0.,0.)) ;
#2070=CARTESIAN_POINT('Vertex',(-8.81064476232,2.64811987498,0.)) ;
#2073=CARTESIAN_POINT('Line Origine',(-8.81064476232,2.64811987498,6.)) ;
#2085=CARTESIAN_POINT('Line Origine',(-9.14320165357,2.57405993749,0.)) ;
#2089=CARTESIAN_POINT('Vertex',(-9.47575854483,2.5,0.)) ;
#2092=CARTESIAN_POINT('Line Origine',(-9.47575854483,2.5,6.)) ;
#2096=CARTESIAN_POINT('Vertex',(-9.47575854483,2.5,12.)) ;
#2099=CARTESIAN_POINT('Line Origine',(-9.14320165357,2.57405993749,12.)) ;
#2111=CARTESIAN_POINT('Axis2P3D Location',(0.,0.,12.)) ;
#2115=CARTESIAN_POINT('Vertex',(-9.78161540851,0.6,12.)) ;
#2118=CARTESIAN_POINT('Axis2P3D Location',(0.,0.,0.)) ;
#2122=CARTESIAN_POINT('Vertex',(-9.78161540851,0.6,0.)) ;
#2125=CARTESIAN_POINT('Line Origine',(-9.78161540851,0.6,6.)) ;
#2137=CARTESIAN_POINT('Line Origine',(-10.8332398663,0.6,0.)) ;
#2141=CARTESIAN_POINT('Vertex',(-11.884864324,0.6,0.)) ;
#2144=CARTESIAN_POINT('Line Origine',(-11.884864324,0.6,6.)) ;
#2148=CARTESIAN_POINT('Vertex',(-11.884864324,0.6,12.)) ;
#2151=CARTESIAN_POINT('Line Origine',(-10.8332398663,0.6,12.)) ;
#2163=CARTESIAN_POINT('Axis2P3D Location',(0.,0.,12.)) ;
#2167=CARTESIAN_POINT('Vertex',(-0.6,11.884864324,12.)) ;
#2170=CARTESIAN_POINT('Axis2P3D Location',(0.,0.,0.)) ;
#2174=CARTESIAN_POINT('Vertex',(-0.6,11.884864324,0.)) ;
#2177=CARTESIAN_POINT('Line Origine',(-0.6,11.884864324,6.)) ;
#2189=CARTESIAN_POINT('Axis2P3D Location',(-0.6,9.18041393402,0.)) ;
#2194=CARTESIAN_POINT('Line Origine',(-0.6,10.532639129,0.)) ;
#2198=CARTESIAN_POINT('Vertex',(-0.6,9.18041393402,0.)) ;
#2201=CARTESIAN_POINT('Line Origine',(-0.6,9.18041393402,6.)) ;
#2205=CARTESIAN_POINT('Vertex',(-0.6,9.18041393402,12.)) ;
#2208=CARTESIAN_POINT('Line Origine',(-0.6,10.532639129,12.)) ;
#2220=CARTESIAN_POINT('Axis2P3D Location',(0.,0.,0.)) ;
#2225=CARTESIAN_POINT('Axis2P3D Location',(0.,0.,12.)) ;
#2237=CARTESIAN_POINT('Line Origine',(9.14320165357,-2.57405993749,0.)) ;
#2241=CARTESIAN_POINT('Vertex',(8.81064476232,-2.64811987498,0.)) ;
#2243=CARTESIAN_POINT('Vertex',(9.47575854483,-2.5,0.)) ;
#2246=CARTESIAN_POINT('Line Origine',(9.47575854483,-2.5,6.)) ;
#2250=CARTESIAN_POINT('Vertex',(9.47575854483,-2.5,12.)) ;
#2253=CARTESIAN_POINT('Line Origine',(9.14320165357,-2.57405993749,12.)) ;
#2257=CARTESIAN_POINT('Vertex',(8.81064476232,-2.64811987498,12.)) ;
#2260=CARTESIAN_POINT('Line Origine',(8.81064476232,-2.64811987498,6.)) ;
#2272=CARTESIAN_POINT('Axis2P3D Location',(0.,0.,12.)) ;
#2276=CARTESIAN_POINT('Vertex',(9.78161540851,-0.6,12.)) ;
#2279=CARTESIAN_POINT('Axis2P3D Location',(0.,0.,0.)) ;
#2283=CARTESIAN_POINT('Vertex',(9.78161540851,-0.6,0.)) ;
#2286=CARTESIAN_POINT('Line Origine',(9.78161540851,-0.6,6.)) ;
#2298=CARTESIAN_POINT('Line Origine',(10.8332398663,-0.6,0.)) ;
#2302=CARTESIAN_POINT('Vertex',(11.884864324,-0.6,0.)) ;
#2305=CARTESIAN_POINT('Line Origine',(11.884864324,-0.6,6.)) ;
#2309=CARTESIAN_POINT('Vertex',(11.884864324,-0.6,12.)) ;
#2312=CARTESIAN_POINT('Line Origine',(10.8332398663,-0.6,12.)) ;
#2324=CARTESIAN_POINT('Axis2P3D Location',(0.,0.,0.)) ;
#2328=CARTESIAN_POINT('Vertex',(6.2279069079,-10.1401763075,0.)) ;
#2331=CARTESIAN_POINT('Line Origine',(6.2279069079,-10.1401763075,6.)) ;
#2335=CARTESIAN_POINT('Vertex',(6.2279069079,-10.1401763075,12.)) ;
#2338=CARTESIAN_POINT('Axis2P3D Location',(0.,0.,12.)) ;
#2350=CARTESIAN_POINT('Axis2P3D Location',(5.33497660804,-7.49520010351,0.)) ;
#2355=CARTESIAN_POINT('Line Origine',(5.78144175797,-8.81768820549,0.)) ;
#2359=CARTESIAN_POINT('Vertex',(5.33497660804,-7.49520010351,0.)) ;
#2362=CARTESIAN_POINT('Line Origine',(5.33497660804,-7.49520010351,6.)) ;
#2366=CARTESIAN_POINT('Vertex',(5.33497660804,-7.49520010351,12.)) ;
#2369=CARTESIAN_POINT('Line Origine',(5.78144175797,-8.81768820549,12.)) ;
#2381=CARTESIAN_POINT('Axis2P3D Location',(0.,0.,12.)) ;
#2386=CARTESIAN_POINT('Axis2P3D Location',(0.,0.,0.)) ;
#2398=CARTESIAN_POINT('Axis2P3D Location',(1.78551794348,-10.2683317461,0.)) ;
#2403=CARTESIAN_POINT('Line Origine',(1.78551794348,-10.2683317461,6.)) ;
#2407=CARTESIAN_POINT('Vertex',(1.78551794348,-10.2683317461,0.)) ;
#2409=CARTESIAN_POINT('Vertex',(1.78551794348,-10.2683317461,12.)) ;
#2412=CARTESIAN_POINT('Line Origine',(3.15934226861,-9.80453575251,0.)) ;
#2416=CARTESIAN_POINT('Vertex',(4.53316659373,-9.34073975889,0.)) ;
#2419=CARTESIAN_POINT('Line Origine',(4.53316659373,-9.34073975889,6.)) ;
#2423=CARTESIAN_POINT('Vertex',(4.53316659373,-9.34073975889,12.)) ;
#2426=CARTESIAN_POINT('Line Origine',(3.15934226861,-9.80453575251,12.)) ;
#2438=CARTESIAN_POINT('Axis2P3D Location',(4.53316659373,-9.34073975889,0.)) ;
#2443=CARTESIAN_POINT('Line Origine',(4.77753502944,-10.0645909907,0.)) ;
#2447=CARTESIAN_POINT('Vertex',(5.02190346515,-10.7884422224,0.)) ;
#2450=CARTESIAN_POINT('Line Origine',(5.02190346515,-10.7884422224,6.)) ;
#2454=CARTESIAN_POINT('Vertex',(5.02190346515,-10.7884422224,12.)) ;
#2457=CARTESIAN_POINT('Line Origine',(4.77753502944,-10.0645909907,12.)) ;
#2469=CARTESIAN_POINT('Axis2P3D Location',(0.,0.,12.)) ;
#2473=CARTESIAN_POINT('Vertex',(2.26304672903,-11.6828343951,12.)) ;
#2476=CARTESIAN_POINT('Axis2P3D Location',(0.,0.,0.)) ;
#2480=CARTESIAN_POINT('Vertex',(2.26304672903,-11.6828343951,0.)) ;
#2483=CARTESIAN_POINT('Line Origine',(2.26304672903,-11.6828343951,6.)) ;
#2495=CARTESIAN_POINT('Axis2P3D Location',(2.26304672903,-11.6828343951,0.)) ;
#2500=CARTESIAN_POINT('Line Origine',(2.02428233626,-10.9755830706,0.)) ;
#2505=CARTESIAN_POINT('Line Origine',(2.02428233626,-10.9755830706,12.)) ;
#2579=CARTESIAN_POINT('Axis2P3D Location',(0.,0.,2.8)) ;
#2583=CARTESIAN_POINT('Vertex',(13.6416269752,-5.20250069389,2.8)) ;
#2586=CARTESIAN_POINT('Axis2P3D Location',(0.,0.,6.8)) ;
#2590=CARTESIAN_POINT('Vertex',(13.6416269752,-5.20250069389,6.8)) ;
#2593=CARTESIAN_POINT('Line Origine',(13.6416269752,-5.20250069389,4.8)) ;
#2608=CARTESIAN_POINT('Axis2P3D Location',(20.9014882623,-4.5673451325,12.)) ;
#2613=CARTESIAN_POINT('Line Origine',(12.5129132759,-5.30125034695,2.8)) ;
#2619=CARTESIAN_POINT('Control Point',(11.3841995766,-5.4,7.65714285714)) ;
#2620=CARTESIAN_POINT('Control Point',(11.8331419647,-5.36072263047,7.49051864119)) ;
#2621=CARTESIAN_POINT('Control Point',(12.2838942607,-5.32128691451,7.32101458785)) ;
#2622=CARTESIAN_POINT('Control Point',(12.7358622868,-5.28174483595,7.14915602515)) ;
#2623=CARTESIAN_POINT('Control Point',(13.1885080639,-5.24214346186,6.9753924942)) ;
#2624=CARTESIAN_POINT('Control Point',(13.6416269752,-5.20250069389,6.8)) ;
#2633=CARTESIAN_POINT('Axis2P3D Location',(0.,-14.6,2.8)) ;
#2653=CARTESIAN_POINT('Axis2P3D Location',(-2.,0.,0.)) ;
#2658=CARTESIAN_POINT('Axis2P3D Location',(-2.,1.7763568394E-015,-5.95)) ;
#2662=CARTESIAN_POINT('Vertex',(-2.,-4.73341297036,-6.34661272302)) ;
#2665=CARTESIAN_POINT('Line Origine',(-2.,-12.5849316434,-2.)) ;
#2669=CARTESIAN_POINT('Vertex',(-2.,-16.2923636387,-2.)) ;
#2672=CARTESIAN_POINT('Line Origine',(-2.,-15.3725040125,-7.2431998695)) ;
#2676=CARTESIAN_POINT('Vertex',(-2.,-14.4526443863,-12.486399739)) ;
#2679=CARTESIAN_POINT('Axis2P3D Location',(-2.,-13.9601658739,-12.4)) ;
#2683=CARTESIAN_POINT('Vertex',(-2.,-13.9601658737,-12.9)) ;
#2686=CARTESIAN_POINT('Line Origine',(-2.,-12.1186189411,-12.9)) ;
#2690=CARTESIAN_POINT('Vertex',(-2.,-10.2770720082,-12.9)) ;
#2693=CARTESIAN_POINT('Axis2P3D Location',(-2.,-10.2770720082,-12.4)) ;
#2697=CARTESIAN_POINT('Vertex',(-2.,-9.88844940402,-12.7145989058)) ;
#2700=CARTESIAN_POINT('Line Origine',(-2.,-7.3109312716,-9.53060591868)) ;
#2719=CARTESIAN_POINT('Axis2P3D Location',(-2.5,-13.9601658739,-12.4)) ;
#2724=CARTESIAN_POINT('Axis2P3D Location',(-2.5,-14.4526443863,-12.486399739)) ;
#2728=CARTESIAN_POINT('Vertex',(-2.5,-14.9451228986,-12.572799478)) ;
#2731=CARTESIAN_POINT('Axis2P3D Location',(-2.5,-13.9601658739,-12.4)) ;
#2735=CARTESIAN_POINT('Vertex',(-2.5,-13.9601658739,-13.4)) ;
#2738=CARTESIAN_POINT('Axis2P3D Location',(-2.5,-13.9601658739,-12.9)) ;
#2750=CARTESIAN_POINT('Axis2P3D Location',(-2.5,-10.714768861,-12.9)) ;
#2755=CARTESIAN_POINT('Line Origine',(-2.5,-10.714768861,-13.4)) ;
#2759=CARTESIAN_POINT('Vertex',(-2.5,-10.2770720082,-13.4)) ;
#2762=CARTESIAN_POINT('Axis2P3D Location',(-2.5,-10.2770720082,-12.9)) ;
#2774=CARTESIAN_POINT('Axis2P3D Location',(-2.5,-10.2770720082,-12.4)) ;
#2779=CARTESIAN_POINT('Axis2P3D Location',(-2.5,-10.2770720082,-12.4)) ;
#2783=CARTESIAN_POINT('Vertex',(-2.5,-9.49982713749,-13.0291982287)) ;
#2786=CARTESIAN_POINT('Axis2P3D Location',(-2.5,-9.88844957285,-12.7145991143)) ;
#2798=CARTESIAN_POINT('Axis2P3D Location',(-2.5,-7.2422287305,-9.44573807379)) ;
#2803=CARTESIAN_POINT('Line Origine',(-2.5,-6.85360629515,-9.76033718812)) ;
#2807=CARTESIAN_POINT('Vertex',(-2.5,-4.62953772202,-7.01295836249)) ;
#2811=CARTESIAN_POINT('Control Point',(-2.5,-4.62953772202,-7.01295836249)) ;
#2812=CARTESIAN_POINT('Control Point',(-2.31364783281,-4.62953772202,-7.01295836249)) ;
#2813=CARTESIAN_POINT('Control Point',(-2.1252679747,-4.65694905053,-6.89829115282)) ;
#2814=CARTESIAN_POINT('Control Point',(-2.04383558391,-4.69466977278,-6.71330283602)) ;
#2815=CARTESIAN_POINT('Control Point',(-2.,-4.71785304605,-6.53231414728)) ;
#2816=CARTESIAN_POINT('Control Point',(-2.,-4.73341297036,-6.34661272302)) ;
#2825=CARTESIAN_POINT('Axis2P3D Location',(-2.5,-15.2923636387,-7.7)) ;
#2830=CARTESIAN_POINT('Line Origine',(-2.5,-15.7848421511,-7.786399739)) ;
#2834=CARTESIAN_POINT('Vertex',(-2.5,-16.8,-2.)) ;
#2838=CARTESIAN_POINT('Control Point',(-2.,-16.2923636387,-2.)) ;
#2839=CARTESIAN_POINT('Control Point',(-2.,-16.4902042519,-2.)) ;
#2840=CARTESIAN_POINT('Control Point',(-2.10219810654,-16.6909893788,-2.00000007611)) ;
#2841=CARTESIAN_POINT('Control Point',(-2.30215938681,-16.8,-2.)) ;
#2842=CARTESIAN_POINT('Control Point',(-2.5,-16.8,-2.)) ;
#2851=CARTESIAN_POINT('Axis2P3D Location',(-4.,0.,0.)) ;
#2856=CARTESIAN_POINT('Line Origine',(-4.,-7.3109312716,-9.53060591868)) ;
#2860=CARTESIAN_POINT('Vertex',(-4.,-9.88844978717,-12.7145993791)) ;
#2862=CARTESIAN_POINT('Vertex',(-4.,-4.73341297036,-6.34661272302)) ;
#2865=CARTESIAN_POINT('Axis2P3D Location',(-4.,-10.2770720082,-12.4)) ;
#2869=CARTESIAN_POINT('Vertex',(-4.,-10.2770720082,-12.9)) ;
#2872=CARTESIAN_POINT('Line Origine',(-4.,-12.1186189411,-12.9)) ;
#2876=CARTESIAN_POINT('Vertex',(-4.,-13.9601660031,-12.9)) ;
#2879=CARTESIAN_POINT('Axis2P3D Location',(-4.,-13.9601658739,-12.4)) ;
#2883=CARTESIAN_POINT('Vertex',(-4.,-14.4526443863,-12.486399739)) ;
#2886=CARTESIAN_POINT('Line Origine',(-4.,-15.3725040125,-7.2431998695)) ;
#2890=CARTESIAN_POINT('Vertex',(-4.,-16.2923636387,-2.)) ;
#2893=CARTESIAN_POINT('Line Origine',(-4.,-12.2330510367,-2.)) ;
#2898=CARTESIAN_POINT('Line Origine',(-4.,-4.75,-5.875)) ;
#2902=CARTESIAN_POINT('Vertex',(-4.,-4.75,-5.95)) ;
#2905=CARTESIAN_POINT('Axis2P3D Location',(-4.,1.7763568394E-015,-5.95)) ;
#2924=CARTESIAN_POINT('Axis2P3D Location',(-2.,-16.8,-2.)) ;
#2929=CARTESIAN_POINT('Line Origine',(-3.5,-15.8725614493,-7.286399739)) ;
#2933=CARTESIAN_POINT('Vertex',(-3.5,-16.8,-2.)) ;
#2935=CARTESIAN_POINT('Vertex',(-3.5,-14.9451228986,-12.572799478)) ;
#2938=CARTESIAN_POINT('Line Origine',(-3.,-14.9451228986,-12.572799478)) ;
#2943=CARTESIAN_POINT('Line Origine',(-3.,-16.8,-2.)) ;
#2955=CARTESIAN_POINT('Axis2P3D Location',(-3.,-13.9601658739,-12.4)) ;
#2960=CARTESIAN_POINT('Line Origine',(-3.,-13.9601658739,-13.4)) ;
#2964=CARTESIAN_POINT('Vertex',(-3.5,-13.9601658739,-13.4)) ;
#2967=CARTESIAN_POINT('Axis2P3D Location',(-3.5,-13.9601658739,-12.4)) ;
#2979=CARTESIAN_POINT('Axis2P3D Location',(-2.,-13.9601658739,-13.4)) ;
#2984=CARTESIAN_POINT('Line Origine',(-3.5,-12.1186189411,-13.4)) ;
#2988=CARTESIAN_POINT('Vertex',(-3.5,-10.2770720082,-13.4)) ;
#2991=CARTESIAN_POINT('Line Origine',(-3.,-10.2770720082,-13.4)) ;
#3003=CARTESIAN_POINT('Axis2P3D Location',(-3.,-10.2770720082,-12.4)) ;
#3008=CARTESIAN_POINT('Line Origine',(-3.,-9.49982713749,-13.0291982287)) ;
#3012=CARTESIAN_POINT('Vertex',(-3.5,-9.49982713749,-13.0291982287)) ;
#3015=CARTESIAN_POINT('Axis2P3D Location',(-3.5,-10.2770720082,-12.4)) ;
#3027=CARTESIAN_POINT('Axis2P3D Location',(-2.,-9.49982713749,-13.0291982287)) ;
#3032=CARTESIAN_POINT('Line Origine',(-3.5,-7.06468242976,-10.0210782956)) ;
#3036=CARTESIAN_POINT('Vertex',(-3.5,-4.62953772202,-7.01295836249)) ;
#3039=CARTESIAN_POINT('Line Origine',(-3.,-4.62953772202,-7.01295836249)) ;
#3051=CARTESIAN_POINT('Axis2P3D Location',(-3.5,-13.9601658739,-12.4)) ;
#3056=CARTESIAN_POINT('Axis2P3D Location',(-3.5,-14.4526443863,-12.486399739)) ;
#3061=CARTESIAN_POINT('Axis2P3D Location',(-3.5,-13.9601660031,-12.9)) ;
#3073=CARTESIAN_POINT('Axis2P3D Location',(-3.5,-10.714768861,-12.9)) ;
#3078=CARTESIAN_POINT('Axis2P3D Location',(-3.5,-10.2770720082,-12.9)) ;
#3090=CARTESIAN_POINT('Axis2P3D Location',(-3.5,-10.2770720082,-12.4)) ;
#3095=CARTESIAN_POINT('Axis2P3D Location',(-3.5,-9.88844978717,-12.7145993791)) ;
#3107=CARTESIAN_POINT('Axis2P3D Location',(-3.5,-7.2422287305,-9.44573807379)) ;
#3113=CARTESIAN_POINT('Control Point',(-3.5,-4.62953772202,-7.01295836249)) ;
#3114=CARTESIAN_POINT('Control Point',(-3.68635216719,-4.62953772202,-7.01295836249)) ;
#3115=CARTESIAN_POINT('Control Point',(-3.8747320253,-4.65694905053,-6.89829115282)) ;
#3116=CARTESIAN_POINT('Control Point',(-3.95616441609,-4.69466977278,-6.71330283601)) ;
#3117=CARTESIAN_POINT('Control Point',(-4.,-4.71785304605,-6.53231414728)) ;
#3118=CARTESIAN_POINT('Control Point',(-4.,-4.73341297036,-6.34661272302)) ;
#3127=CARTESIAN_POINT('Axis2P3D Location',(-3.5,-15.2923636387,-7.7)) ;
#3133=CARTESIAN_POINT('Control Point',(-4.,-16.2923636387,-2.)) ;
#3134=CARTESIAN_POINT('Control Point',(-4.,-16.4902042519,-2.)) ;
#3135=CARTESIAN_POINT('Control Point',(-3.89780189346,-16.6909893788,-2.00000007611)) ;
#3136=CARTESIAN_POINT('Control Point',(-3.69784061319,-16.8,-2.)) ;
#3137=CARTESIAN_POINT('Control Point',(-3.5,-16.8,-2.)) ;
#3146=CARTESIAN_POINT('Axis2P3D Location',(3.,-9.2,0.660000190865)) ;
#3151=CARTESIAN_POINT('Line Origine',(-0.6,-9.2,0.660000190865)) ;
#3155=CARTESIAN_POINT('Vertex',(-0.6,-9.2,-11.5)) ;
#3157=CARTESIAN_POINT('Vertex',(-0.6,-9.2,-2.)) ;
#3160=CARTESIAN_POINT('Axis2P3D Location',(3.,-9.2,-2.)) ;
#3165=CARTESIAN_POINT('Axis2P3D Location',(3.,-9.2,-2.)) ;
#3169=CARTESIAN_POINT('Vertex',(6.6,-9.2,-2.)) ;
#3172=CARTESIAN_POINT('Line Origine',(6.6,-9.2,0.660000190865)) ;
#3176=CARTESIAN_POINT('Vertex',(6.6,-9.2,-11.5)) ;
#3179=CARTESIAN_POINT('Axis2P3D Location',(3.,-9.2,-11.5)) ;
#3197=CARTESIAN_POINT('Axis2P3D Location',(3.,-9.2,-2.)) ;
#3202=CARTESIAN_POINT('Axis2P3D Location',(3.,-9.2,-11.5)) ;
#3214=CARTESIAN_POINT('Axis2P3D Location',(3.,-9.2,-11.5)) ;
#3219=CARTESIAN_POINT('Axis2P3D Location',(-0.1,-9.19999999944,-11.5)) ;
#3223=CARTESIAN_POINT('Vertex',(-0.1,-9.19999945268,-12.)) ;
#3226=CARTESIAN_POINT('Axis2P3D Location',(3.,-9.2,-12.)) ;
#3230=CARTESIAN_POINT('Vertex',(6.1,-9.2,-12.)) ;
#3233=CARTESIAN_POINT('Axis2P3D Location',(6.1,-9.2,-11.5)) ;
#3245=CARTESIAN_POINT('Axis2P3D Location',(3.,-9.2,-11.5)) ;
#3250=CARTESIAN_POINT('Axis2P3D Location',(3.,-9.2,-12.)) ;
#3262=CARTESIAN_POINT('Axis2P3D Location',(5.93589838486,-5.4,-5.83999999985)) ;
#3268=CARTESIAN_POINT('Control Point',(5.41235357036,-3.46974073575,-9.19397891898)) ;
#3269=CARTESIAN_POINT('Control Point',(5.51994675364,-3.44055820353,-9.20606603046)) ;
#3270=CARTESIAN_POINT('Control Point',(5.63075502511,-3.42042318275,-9.19990065892)) ;
#3271=CARTESIAN_POINT('Control Point',(5.73902389259,-3.40971347935,-9.17474963564)) ;
#3272=CARTESIAN_POINT('Vertex',(5.41235357036,-3.46974073575,-9.19397891898)) ;
#3274=CARTESIAN_POINT('Vertex',(5.73902385018,-3.40971348354,-9.1747496227)) ;
#3278=CARTESIAN_POINT('Control Point',(5.93589838239,-3.4,-9.12901549258)) ;
#3279=CARTESIAN_POINT('Control Point',(5.87017151244,-3.40000000008,-9.1442839007)) ;
#3280=CARTESIAN_POINT('Control Point',(5.80444452978,-3.40324222137,-9.15955233911)) ;
#3281=CARTESIAN_POINT('Control Point',(5.73902385018,-3.40971348354,-9.1747496227)) ;
#3282=CARTESIAN_POINT('Vertex',(5.93589838486,-3.4,-9.12901550323)) ;
#3285=CARTESIAN_POINT('Line Origine',(5.93589838486,-3.4,-5.83999999985)) ;
#3291=CARTESIAN_POINT('Control Point',(5.41235357036,-3.46974073575,-9.19397891898)) ;
#3292=CARTESIAN_POINT('Control Point',(5.23687780781,-3.51733508085,-9.14307228816)) ;
#3293=CARTESIAN_POINT('Control Point',(5.07563429178,-3.58727262896,-9.06610292264)) ;
#3294=CARTESIAN_POINT('Control Point',(4.93589838486,-3.66794919243,-8.96805379703)) ;
#3306=CARTESIAN_POINT('Control Point',(6.02725455618,-2.899999957,-9.6205987108)) ;
#3307=CARTESIAN_POINT('Control Point',(6.02725455076,-2.92794074208,-9.62059871171)) ;
#3308=CARTESIAN_POINT('Control Point',(6.02689794226,-2.95588152717,-9.61867984843)) ;
#3309=CARTESIAN_POINT('Control Point',(6.02618472472,-2.98364053315,-9.61484208874)) ;
#3310=CARTESIAN_POINT('Control Point',(6.0251195681,-3.01103600194,-9.6091105612)) ;
#3311=CARTESIAN_POINT('Control Point',(6.02371163796,-3.03789321306,-9.60153458508)) ;
#3312=CARTESIAN_POINT('Control Point',(5.97795942142,-2.89999993895,-9.62975975354)) ;
#3313=CARTESIAN_POINT('Control Point',(5.97849196005,-2.92787664033,-9.62966078605)) ;
#3314=CARTESIAN_POINT('Control Point',(5.97866953139,-2.95575334171,-9.62765175644)) ;
#3315=CARTESIAN_POINT('Control Point',(5.9784886649,-2.98344951478,-9.62373327682)) ;
#3316=CARTESIAN_POINT('Control Point',(5.97795052329,-3.01078465193,-9.61793088828)) ;
#3317=CARTESIAN_POINT('Control Point',(5.97706085843,-3.0375852027,-9.61029407931)) ;
#3318=CARTESIAN_POINT('Control Point',(5.92866422586,-2.90121492269,-9.63892080758)) ;
#3319=CARTESIAN_POINT('Control Point',(5.92972625568,-2.92901441443,-9.63872343902)) ;
#3320=CARTESIAN_POINT('Control Point',(5.93043494931,-2.95681390617,-9.63662478521)) ;
#3321=CARTESIAN_POINT('Control Point',(5.93078343121,-2.98443419862,-9.63262609147)) ;
#3322=CARTESIAN_POINT('Control Point',(5.93076941682,-3.01169611286,-9.62675330236)) ;
#3323=CARTESIAN_POINT('Control Point',(5.93039530077,-3.03842734428,-9.61905606905)) ;
#3324=CARTESIAN_POINT('Control Point',(5.87940728701,-2.90364491695,-9.64807475197)) ;
#3325=CARTESIAN_POINT('Control Point',(5.88099538456,-2.9313542716,-9.64777961856)) ;
#3326=CARTESIAN_POINT('Control Point',(5.8822317711,-2.95906362626,-9.64559194493)) ;
#3327=CARTESIAN_POINT('Control Point',(5.88310622744,-2.98659518504,-9.64151359824)) ;
#3328=CARTESIAN_POINT('Control Point',(5.88361308342,-3.01377117205,-9.63557091726)) ;
#3329=CARTESIAN_POINT('Control Point',(5.88375143467,-3.04042060078,-9.6278137093)) ;
#3330=CARTESIAN_POINT('Control Point',(5.83022694132,-2.90728828176,-9.65721446223)) ;
#3331=CARTESIAN_POINT('Control Point',(5.83233732997,-2.93489478177,-9.65682226583)) ;
#3332=CARTESIAN_POINT('Control Point',(5.83409762568,-2.96250128178,-9.65454623596)) ;
#3333=CARTESIAN_POINT('Control Point',(5.83549432831,-2.98993145987,-9.65038884995)) ;
#3334=CARTESIAN_POINT('Control Point',(5.83651844524,-3.01700901379,-9.64437683147)) ;
#3335=CARTESIAN_POINT('Control Point',(5.83716583279,-3.04356434372,-9.6365601374)) ;
#3336=CARTESIAN_POINT('Control Point',(5.78116143712,-2.91214171475,-9.66633283027)) ;
#3337=CARTESIAN_POINT('Control Point',(5.78379000361,-2.93963286126,-9.6658443353)) ;
#3338=CARTESIAN_POINT('Control Point',(5.78607008693,-2.96712400776,-9.66348066904)) ;
#3339=CARTESIAN_POINT('Control Point',(5.78798496981,-2.99444037315,-9.65924490713)) ;
#3340=CARTESIAN_POINT('Control Point',(5.7895224014,-3.02140719563,-9.65316414868)) ;
#3341=CARTESIAN_POINT('Control Point',(5.79067505959,-3.04785632722,-9.64528849371)) ;
#3343=CARTESIAN_POINT('Control Point',(5.78551295899,-2.96257084328,-9.66290629855)) ;
#3344=CARTESIAN_POINT('Control Point',(5.86722121047,-2.98563379045,-9.6445041058)) ;
#3345=CARTESIAN_POINT('Control Point',(5.94649007185,-3.0113235668,-9.62363919512)) ;
#3346=CARTESIAN_POINT('Control Point',(6.02371163796,-3.03789321306,-9.60153458508)) ;
#3347=CARTESIAN_POINT('Vertex',(6.02371163796,-3.03789321306,-9.60153458508)) ;
#3349=CARTESIAN_POINT('Vertex',(5.78551297946,-2.96257096358,-9.66290631255)) ;
#3353=CARTESIAN_POINT('Control Point',(5.78116143712,-2.91214171475,-9.66633283027)) ;
#3354=CARTESIAN_POINT('Control Point',(5.78277146132,-2.9289803267,-9.66603362204)) ;
#3355=CARTESIAN_POINT('Control Point',(5.78422446003,-2.94581890888,-9.66488948298)) ;
#3356=CARTESIAN_POINT('Control Point',(5.78551295899,-2.96257084328,-9.66290629855)) ;
#3357=CARTESIAN_POINT('Vertex',(5.78116143712,-2.91214171475,-9.66633283027)) ;
#3361=CARTESIAN_POINT('Control Point',(6.02725455618,-2.899999957,-9.6205987108)) ;
#3362=CARTESIAN_POINT('Control Point',(5.97795942141,-2.89999993895,-9.62975975354)) ;
#3363=CARTESIAN_POINT('Control Point',(5.92866422586,-2.90121492269,-9.63892080758)) ;
#3364=CARTESIAN_POINT('Control Point',(5.87940728701,-2.90364491695,-9.64807475197)) ;
#3365=CARTESIAN_POINT('Control Point',(5.83022694132,-2.90728828176,-9.65721446223)) ;
#3366=CARTESIAN_POINT('Control Point',(5.78116143712,-2.91214171475,-9.66633283027)) ;
#3367=CARTESIAN_POINT('Vertex',(6.02725455618,-2.9,-9.6205987108)) ;
#3371=CARTESIAN_POINT('Control Point',(6.02725455618,-2.899999957,-9.6205987108)) ;
#3372=CARTESIAN_POINT('Control Point',(6.02725454714,-2.94656793214,-9.62059871232)) ;
#3373=CARTESIAN_POINT('Control Point',(6.02605818819,-2.99313119452,-9.61416121194)) ;
#3374=CARTESIAN_POINT('Control Point',(6.02371163796,-3.03789321306,-9.60153458508)) ;
#3384=CARTESIAN_POINT('Control Point',(5.96728768832,-3.36955918577,-9.29792035611)) ;
#3385=CARTESIAN_POINT('Control Point',(5.96126937582,-3.38161041557,-9.2655361161)) ;
#3386=CARTESIAN_POINT('Control Point',(5.95505798909,-3.39077340717,-9.23211294976)) ;
#3387=CARTESIAN_POINT('Control Point',(5.94871522073,-3.39692448981,-9.19798282189)) ;
#3388=CARTESIAN_POINT('Control Point',(5.94230675245,-3.39999996674,-9.16349916256)) ;
#3389=CARTESIAN_POINT('Control Point',(5.93589828479,-3.39999996558,-9.12901550323)) ;
#3390=CARTESIAN_POINT('Control Point',(5.92718230564,-3.36907843781,-9.30671002204)) ;
#3391=CARTESIAN_POINT('Control Point',(5.92141365134,-3.3811941991,-9.27439052601)) ;
#3392=CARTESIAN_POINT('Control Point',(5.91539628271,-3.39043792787,-9.24103915366)) ;
#3393=CARTESIAN_POINT('Control Point',(5.90918904753,-3.39668586033,-9.20698568359)) ;
#3394=CARTESIAN_POINT('Control Point',(5.90285591971,-3.39987359191,-9.17258111478)) ;
#3395=CARTESIAN_POINT('Control Point',(5.89646215024,-3.39999995297,-9.13817654597)) ;
#3396=CARTESIAN_POINT('Control Point',(5.88705366017,-3.36958750835,-9.31550230252)) ;
#3397=CARTESIAN_POINT('Control Point',(5.88153776286,-3.38176149343,-9.283247106)) ;
#3398=CARTESIAN_POINT('Control Point',(5.87571829952,-3.39108096486,-9.2499670273)) ;
#3399=CARTESIAN_POINT('Control Point',(5.86965127157,-3.39742213651,-9.21598967534)) ;
#3400=CARTESIAN_POINT('Control Point',(5.86339891394,-3.40071994411,-9.18166363768)) ;
#3401=CARTESIAN_POINT('Control Point',(5.85702596773,-3.40097194303,-9.14733760002)) ;
#3402=CARTESIAN_POINT('Control Point',(5.84693321973,-3.3710879021,-9.32429032553)) ;
#3403=CARTESIAN_POINT('Control Point',(5.84167294102,-3.38331360305,-9.29209894043)) ;
#3404=CARTESIAN_POINT('Control Point',(5.83605506746,-3.39270357176,-9.25888960685)) ;
#3405=CARTESIAN_POINT('Control Point',(5.83013275582,-3.39913407048,-9.22498778199)) ;
#3406=CARTESIAN_POINT('Control Point',(5.82396647375,-3.4025394253,-9.1907396632)) ;
#3407=CARTESIAN_POINT('Control Point',(5.81762039466,-3.40291594268,-9.1564915444)) ;
#3408=CARTESIAN_POINT('Control Point',(5.80685260242,-3.37357973727,-9.33306720077)) ;
#3409=CARTESIAN_POINT('Control Point',(5.80185054865,-3.38585046093,-9.30093909794)) ;
#3410=CARTESIAN_POINT('Control Point',(5.79643772393,-3.39530544504,-9.2677999156)) ;
#3411=CARTESIAN_POINT('Control Point',(5.79066444525,-3.40182107086,-9.23397297854)) ;
#3412=CARTESIAN_POINT('Control Point',(5.78458938777,-3.4053311066,-9.19980211661)) ;
#3413=CARTESIAN_POINT('Control Point',(5.77827610223,-3.40583063929,-9.16563125467)) ;
#3414=CARTESIAN_POINT('Control Point',(5.76684347547,-3.37706171367,-9.34182604057)) ;
#3415=CARTESIAN_POINT('Control Point',(5.76210198216,-3.38937059937,-9.30976065214)) ;
#3416=CARTESIAN_POINT('Control Point',(5.75689742006,-3.39888489852,-9.27669098445)) ;
#3417=CARTESIAN_POINT('Control Point',(5.7512772743,-3.40548118164,-9.24293825048)) ;
#3418=CARTESIAN_POINT('Control Point',(5.74529840555,-3.40909271216,-9.20884393659)) ;
#3419=CARTESIAN_POINT('Control Point',(5.73902368989,-3.40971339025,-9.1747496227)) ;
#3421=CARTESIAN_POINT('Control Point',(5.96728768832,-3.36955918577,-9.29792035611)) ;
#3422=CARTESIAN_POINT('Control Point',(5.89614545796,-3.37701372298,-9.29041763743)) ;
#3423=CARTESIAN_POINT('Control Point',(5.82544854645,-3.38723011695,-9.28008329145)) ;
#3424=CARTESIAN_POINT('Control Point',(5.7553010472,-3.39897288926,-9.26805414333)) ;
#3425=CARTESIAN_POINT('Vertex',(5.75530123588,-3.39897297013,-9.26805415505)) ;
#3427=CARTESIAN_POINT('Vertex',(5.96728768832,-3.36955918577,-9.29792035611)) ;
#3431=CARTESIAN_POINT('Control Point',(5.96728768832,-3.36955918577,-9.29792035611)) ;
#3432=CARTESIAN_POINT('Control Point',(5.95725716748,-3.38964456877,-9.24394662276)) ;
#3433=CARTESIAN_POINT('Control Point',(5.94657906422,-3.39999996752,-9.18648826878)) ;
#3434=CARTESIAN_POINT('Control Point',(5.93589828479,-3.39999996558,-9.12901550323)) ;
#3437=CARTESIAN_POINT('Control Point',(5.7553010472,-3.39897288926,-9.26805414333)) ;
#3438=CARTESIAN_POINT('Control Point',(5.75024130717,-3.40554180806,-9.23733149111)) ;
#3439=CARTESIAN_POINT('Control Point',(5.74478253538,-3.40914374066,-9.20604090284)) ;
#3440=CARTESIAN_POINT('Control Point',(5.7390236899,-3.40971339025,-9.1747496227)) ;
#3450=CARTESIAN_POINT('Control Point',(5.61253059233,-2.92791698721,-9.69029451548)) ;
#3451=CARTESIAN_POINT('Control Point',(5.61403205548,-2.93797702442,-9.6901460557)) ;
#3452=CARTESIAN_POINT('Control Point',(5.61550806316,-2.94803706163,-9.68974014938)) ;
#3453=CARTESIAN_POINT('Control Point',(5.61695732058,-2.95808842367,-9.68907692448)) ;
#3454=CARTESIAN_POINT('Control Point',(5.61837857692,-2.96812243538,-9.6881569534)) ;
#3455=CARTESIAN_POINT('Control Point',(5.61977063177,-2.97813046643,-9.68698125008)) ;
#3456=CARTESIAN_POINT('Control Point',(5.64638786743,-2.92409002223,-9.68694683525)) ;
#3457=CARTESIAN_POINT('Control Point',(5.64778050795,-2.93415600855,-9.68678334412)) ;
#3458=CARTESIAN_POINT('Control Point',(5.64914336336,-2.94422199487,-9.68636334359)) ;
#3459=CARTESIAN_POINT('Control Point',(5.65047523528,-2.95427931788,-9.68568697431)) ;
#3460=CARTESIAN_POINT('Control Point',(5.65177497663,-2.96431931427,-9.68475481893)) ;
#3461=CARTESIAN_POINT('Control Point',(5.65304149761,-2.97433336543,-9.68356789907)) ;
#3462=CARTESIAN_POINT('Control Point',(5.68020855045,-2.92060063874,-9.68287579818)) ;
#3463=CARTESIAN_POINT('Control Point',(5.68149292679,-2.9306739178,-9.68270175891)) ;
#3464=CARTESIAN_POINT('Control Point',(5.6827432004,-2.94074719686,-9.68227209543)) ;
#3465=CARTESIAN_POINT('Control Point',(5.6839582676,-2.9508118185,-9.68158695726)) ;
#3466=CARTESIAN_POINT('Control Point',(5.68513708338,-2.9608591253,-9.68064693372)) ;
#3467=CARTESIAN_POINT('Control Point',(5.68627866683,-2.97088050445,-9.67945305099)) ;
#3468=CARTESIAN_POINT('Control Point',(5.71396347414,-2.9174481185,-9.67808129751)) ;
#3469=CARTESIAN_POINT('Control Point',(5.71514045669,-2.92753002891,-9.67790113736)) ;
#3470=CARTESIAN_POINT('Control Point',(5.71627902249,-2.93761193932,-9.67746618739)) ;
#3471=CARTESIAN_POINT('Control Point',(5.71737816089,-2.94768519226,-9.67677660227)) ;
#3472=CARTESIAN_POINT('Control Point',(5.71843692731,-2.95774113027,-9.67583297461)) ;
#3473=CARTESIAN_POINT('Control Point',(5.71945444809,-2.96777114047,-9.67463633207)) ;
#3474=CARTESIAN_POINT('Control Point',(5.74762399503,-2.91462991851,-9.67256548596)) ;
#3475=CARTESIAN_POINT('Control Point',(5.74869475988,-2.92472179345,-9.67238353955)) ;
#3476=CARTESIAN_POINT('Control Point',(5.7497227893,-2.93481366838,-9.67194758944)) ;
#3477=CARTESIAN_POINT('Control Point',(5.75070716404,-2.9448968799,-9.67125779177)) ;
#3478=CARTESIAN_POINT('Control Point',(5.75164703832,-2.95496276461,-9.67031473919)) ;
#3479=CARTESIAN_POINT('Control Point',(5.75254164414,-2.9650027037,-9.66911945788)) ;
#3480=CARTESIAN_POINT('Control Point',(5.78116143915,-2.91214184122,-9.66633284693)) ;
#3481=CARTESIAN_POINT('Control Point',(5.78212745735,-2.92224500715,-9.66615332143)) ;
#3482=CARTESIAN_POINT('Control Point',(5.78304640914,-2.93234817309,-9.66572053377)) ;
#3483=CARTESIAN_POINT('Control Point',(5.78391746501,-2.94244266382,-9.66503463805)) ;
#3484=CARTESIAN_POINT('Control Point',(5.78473987639,-2.95251980416,-9.6640962237)) ;
#3485=CARTESIAN_POINT('Control Point',(5.78551297946,-2.96257096358,-9.66290631255)) ;
#3487=CARTESIAN_POINT('Control Point',(5.61253059233,-2.92791698721,-9.69029451548)) ;
#3488=CARTESIAN_POINT('Control Point',(5.64638786743,-2.92409002223,-9.68694683525)) ;
#3489=CARTESIAN_POINT('Control Point',(5.68020855045,-2.92060063874,-9.68287579818)) ;
#3490=CARTESIAN_POINT('Control Point',(5.71396347414,-2.9174481185,-9.67808129751)) ;
#3491=CARTESIAN_POINT('Control Point',(5.74762399503,-2.91462991851,-9.67256548596)) ;
#3492=CARTESIAN_POINT('Control Point',(5.78116143915,-2.91214184122,-9.66633284693)) ;
#3493=CARTESIAN_POINT('Vertex',(5.61253044455,-2.92791689621,-9.69029446018)) ;
#3497=CARTESIAN_POINT('Control Point',(5.61253059233,-2.92791698721,-9.69029451548)) ;
#3498=CARTESIAN_POINT('Control Point',(5.67127514129,-2.93533703432,-9.68448607405)) ;
#3499=CARTESIAN_POINT('Control Point',(5.72942309201,-2.94673900866,-9.67553881281)) ;
#3500=CARTESIAN_POINT('Control Point',(5.78551297946,-2.96257096358,-9.66290631255)) ;
#3509=CARTESIAN_POINT('Control Point',(5.40172508158,-3.46270193169,-9.29100036414)) ;
#3510=CARTESIAN_POINT('Control Point',(5.40432809393,-3.46595185431,-9.27184525426)) ;
#3511=CARTESIAN_POINT('Control Point',(5.40670005859,-3.46828815896,-9.25250373925)) ;
#3512=CARTESIAN_POINT('Control Point',(5.4088326394,-3.46970043516,-9.23303715582)) ;
#3513=CARTESIAN_POINT('Control Point',(5.41071898576,-3.4701841462,-9.21350803736)) ;
#3514=CARTESIAN_POINT('Control Point',(5.41235386358,-3.46974071579,-9.19397891898)) ;
#3515=CARTESIAN_POINT('Control Point',(5.47146583542,-3.44370513234,-9.29766512321)) ;
#3516=CARTESIAN_POINT('Control Point',(5.47297277107,-3.44722620897,-9.27862068556)) ;
#3517=CARTESIAN_POINT('Control Point',(5.47427462549,-3.44984757249,-9.25939494142)) ;
#3518=CARTESIAN_POINT('Control Point',(5.47536674995,-3.45155816601,-9.24004756684)) ;
#3519=CARTESIAN_POINT('Control Point',(5.47624578253,-3.45235259145,-9.22063937626)) ;
#3520=CARTESIAN_POINT('Control Point',(5.47690970959,-3.4522312108,-9.20123118572)) ;
#3521=CARTESIAN_POINT('Control Point',(5.5422725973,-3.42771520816,-9.29887078134)) ;
#3522=CARTESIAN_POINT('Control Point',(5.54266142302,-3.43144266351,-9.27995252955)) ;
#3523=CARTESIAN_POINT('Control Point',(5.54286894935,-3.43428021537,-9.26085713386)) ;
#3524=CARTESIAN_POINT('Control Point',(5.54289405326,-3.4362163574,-9.24164291206)) ;
#3525=CARTESIAN_POINT('Control Point',(5.54273673114,-3.43724509052,-9.22236927653)) ;
#3526=CARTESIAN_POINT('Control Point',(5.54239809698,-3.43736603291,-9.20309564098)) ;
#3527=CARTESIAN_POINT('Control Point',(5.6136284369,-3.4149214597,-9.2943697784)) ;
#3528=CARTESIAN_POINT('Control Point',(5.61288223473,-3.41878786552,-9.27559386152)) ;
#3529=CARTESIAN_POINT('Control Point',(5.6119766603,-3.42176974989,-9.2566440151)) ;
#3530=CARTESIAN_POINT('Control Point',(5.61091402444,-3.42385531456,-9.23757750618)) ;
#3531=CARTESIAN_POINT('Control Point',(5.60969761261,-3.42503817799,-9.21845266535)) ;
#3532=CARTESIAN_POINT('Control Point',(5.6083316242,-3.42531749064,-9.19932782453)) ;
#3533=CARTESIAN_POINT('Control Point',(5.68484048684,-3.40538391486,-9.28406457675)) ;
#3534=CARTESIAN_POINT('Control Point',(5.6829503441,-3.40932092524,-9.26544908733)) ;
#3535=CARTESIAN_POINT('Control Point',(5.68092133461,-3.41237421709,-9.24666198423)) ;
#3536=CARTESIAN_POINT('Control Point',(5.67875919279,-3.4145318362,-9.22775977536)) ;
#3537=CARTESIAN_POINT('Control Point',(5.67647049909,-3.41578721325,-9.20880001288)) ;
#3538=CARTESIAN_POINT('Control Point',(5.67406256084,-3.41613928281,-9.18984025039)) ;
#3539=CARTESIAN_POINT('Control Point',(5.75530123588,-3.39897297013,-9.26805415505)) ;
#3540=CARTESIAN_POINT('Control Point',(5.75226539371,-3.40291432195,-9.24962056425)) ;
#3541=CARTESIAN_POINT('Control Point',(5.74911016948,-3.40596830755,-9.23101690364)) ;
#3542=CARTESIAN_POINT('Control Point',(5.74584478537,-3.40812295019,-9.21229917224)) ;
#3543=CARTESIAN_POINT('Control Point',(5.7424791913,-3.40937168446,-9.19352440472)) ;
#3544=CARTESIAN_POINT('Control Point',(5.73902388454,-3.40971347536,-9.17474963719)) ;
#3546=CARTESIAN_POINT('Control Point',(5.75530123588,-3.39897297013,-9.26805415505)) ;
#3547=CARTESIAN_POINT('Control Point',(5.63283353741,-3.41947421552,-9.24705293739)) ;
#3548=CARTESIAN_POINT('Control Point',(5.51977478614,-3.44060490275,-9.22514241292)) ;
#3549=CARTESIAN_POINT('Control Point',(5.41235386358,-3.46974071579,-9.19397891898)) ;
#3557=CARTESIAN_POINT('Axis2P3D Location',(5.93589838486,5.4,-5.83999999985)) ;
#3563=CARTESIAN_POINT('Control Point',(5.93589838224,3.4,-9.12901549195)) ;
#3564=CARTESIAN_POINT('Control Point',(5.87017161655,3.40000000009,-9.14428387524)) ;
#3565=CARTESIAN_POINT('Control Point',(5.80444460068,3.40324221388,-9.15955232017)) ;
#3566=CARTESIAN_POINT('Control Point',(5.73902383581,3.40971348496,-9.1747496227)) ;
#3567=CARTESIAN_POINT('Vertex',(5.73902383581,3.40971348496,-9.1747496227)) ;
#3569=CARTESIAN_POINT('Vertex',(5.93589838486,3.4,-9.12901550323)) ;
#3573=CARTESIAN_POINT('Control Point',(5.41235305564,3.46974087536,-9.19397876965)) ;
#3574=CARTESIAN_POINT('Control Point',(5.51994724652,3.44055803904,-9.20606608417)) ;
#3575=CARTESIAN_POINT('Control Point',(5.63075515152,3.42042317025,-9.19990062469)) ;
#3576=CARTESIAN_POINT('Control Point',(5.73902389242,3.40971347936,-9.17474963491)) ;
#3577=CARTESIAN_POINT('Vertex',(5.41235305564,3.46974087536,-9.19397876965)) ;
#3581=CARTESIAN_POINT('Control Point',(5.41235305564,3.46974087536,-9.19397876965)) ;
#3582=CARTESIAN_POINT('Control Point',(5.236877491,3.51733521702,-9.14307213813)) ;
#3583=CARTESIAN_POINT('Control Point',(5.07563415515,3.58727270784,-9.06610282677)) ;
#3584=CARTESIAN_POINT('Control Point',(4.93589838486,3.66794919243,-8.96805379703)) ;
#3585=CARTESIAN_POINT('Vertex',(4.93589838486,3.66794919243,-8.96805379703)) ;
#3588=CARTESIAN_POINT('Line Origine',(4.93589838486,3.66794919243,-5.83999999985)) ;
#3592=CARTESIAN_POINT('Vertex',(4.93589838486,3.66794919243,-5.8)) ;
#3595=CARTESIAN_POINT('Axis2P3D Location',(5.93589838486,5.4,-5.8)) ;
#3599=CARTESIAN_POINT('Vertex',(5.93589838486,3.4,-5.8)) ;
#3602=CARTESIAN_POINT('Line Origine',(5.93589838486,3.4,-5.83999999985)) ;
#3616=CARTESIAN_POINT('Axis2P3D Location',(5.41573675185,0.,-7.7)) ;
#3621=CARTESIAN_POINT('Line Origine',(5.78116143712,0.,-9.66633283027)) ;
#3625=CARTESIAN_POINT('Vertex',(5.78116143712,2.91214187233,-9.66633283027)) ;
#3629=CARTESIAN_POINT('Control Point',(5.41573675185,-2.91547594742,-9.7)) ;
#3630=CARTESIAN_POINT('Control Point',(5.4816214452,-2.91547594742,-9.7)) ;
#3631=CARTESIAN_POINT('Control Point',(5.54748853604,-2.91970148772,-9.6967256436)) ;
#3632=CARTESIAN_POINT('Control Point',(5.61253059025,-2.92791698721,-9.6902944971)) ;
#3635=CARTESIAN_POINT('Control Point',(5.41573675185,2.91547594742,-9.7)) ;
#3636=CARTESIAN_POINT('Control Point',(5.48162144593,2.91547594742,-9.7)) ;
#3637=CARTESIAN_POINT('Control Point',(5.54748853751,2.91970148781,-9.69672564353)) ;
#3638=CARTESIAN_POINT('Control Point',(5.61253059242,2.92791698748,-9.69029449688)) ;
#3639=CARTESIAN_POINT('Vertex',(5.61253044672,2.92791689649,-9.69029445997)) ;
#3643=CARTESIAN_POINT('Control Point',(5.61253059242,2.92791698748,-9.69029449688)) ;
#3644=CARTESIAN_POINT('Control Point',(5.66895936172,2.92153871549,-9.68471500387)) ;
#3645=CARTESIAN_POINT('Control Point',(5.72526571348,2.91628863636,-9.67672053111)) ;
#3646=CARTESIAN_POINT('Control Point',(5.78116143656,2.91214184168,-9.66633283037)) ;
#3658=CARTESIAN_POINT('Control Point',(5.93589833336,3.40000000931,-9.12901549195)) ;
#3659=CARTESIAN_POINT('Control Point',(5.94230680791,3.40000000935,-9.16349915057)) ;
#3660=CARTESIAN_POINT('Control Point',(5.94871528254,3.39692453148,-9.19798280919)) ;
#3661=CARTESIAN_POINT('Control Point',(5.95505805663,3.39077344812,-9.23211293638)) ;
#3662=CARTESIAN_POINT('Control Point',(5.96126944843,3.381610456,-9.26553610209)) ;
#3663=CARTESIAN_POINT('Control Point',(5.9672877653,3.36955922589,-9.29792034152)) ;
#3664=CARTESIAN_POINT('Control Point',(5.89646225379,3.40000001343,-9.13817652192)) ;
#3665=CARTESIAN_POINT('Control Point',(5.90285603194,3.39987365095,-9.17258108992)) ;
#3666=CARTESIAN_POINT('Control Point',(5.90918916782,3.3966859182,-9.20698565792)) ;
#3667=CARTESIAN_POINT('Control Point',(5.91539641037,3.39043798483,-9.24103912721)) ;
#3668=CARTESIAN_POINT('Control Point',(5.92141378559,3.38119425543,-9.27439049882)) ;
#3669=CARTESIAN_POINT('Control Point',(5.92718244564,3.36907849376,-9.30670999418)) ;
#3670=CARTESIAN_POINT('Control Point',(5.85702608905,3.40097202018,-9.14733757183)) ;
#3671=CARTESIAN_POINT('Control Point',(5.86339904565,3.40072001935,-9.18166360851)) ;
#3672=CARTESIAN_POINT('Control Point',(5.86965141293,3.39742221016,-9.21598964519)) ;
#3673=CARTESIAN_POINT('Control Point',(5.87571844967,3.39108103726,-9.24996699618)) ;
#3674=CARTESIAN_POINT('Control Point',(5.88153792089,3.38176156494,-9.28324707399)) ;
#3675=CARTESIAN_POINT('Control Point',(5.88705382508,3.36958757932,-9.3155022697)) ;
#3676=CARTESIAN_POINT('Control Point',(5.81762049736,3.40291603705,-9.15649152054)) ;
#3677=CARTESIAN_POINT('Control Point',(5.82396658821,3.40253951712,-9.19073963813)) ;
#3678=CARTESIAN_POINT('Control Point',(5.83013288114,3.39913416016,-9.22498775572)) ;
#3679=CARTESIAN_POINT('Control Point',(5.83605520263,3.39270365975,-9.25888957941)) ;
#3680=CARTESIAN_POINT('Control Point',(5.84167308494,3.3833136898,-9.2920989119)) ;
#3681=CARTESIAN_POINT('Control Point',(5.84693337122,3.37108798807,-9.32429029601)) ;
#3682=CARTESIAN_POINT('Control Point',(5.77827616028,3.40583075047,-9.16563124118)) ;
#3683=CARTESIAN_POINT('Control Point',(5.78458945846,3.40533121456,-9.1998021017)) ;
#3684=CARTESIAN_POINT('Control Point',(5.79066452754,3.40182117611,-9.23397296221)) ;
#3685=CARTESIAN_POINT('Control Point',(5.79643781665,3.39530554813,-9.26779989788)) ;
#3686=CARTESIAN_POINT('Control Point',(5.80185065053,3.38585056242,-9.30093907893)) ;
#3687=CARTESIAN_POINT('Control Point',(5.80685271213,3.37357983771,-9.33306718059)) ;
#3688=CARTESIAN_POINT('Control Point',(5.7390236899,3.40971351631,-9.1747496227)) ;
#3689=CARTESIAN_POINT('Control Point',(5.74529841859,3.40909283442,-9.20884393498)) ;
#3690=CARTESIAN_POINT('Control Point',(5.75127729921,3.40548130068,-9.24293824726)) ;
#3691=CARTESIAN_POINT('Control Point',(5.75689745554,3.39888501498,-9.27669097966)) ;
#3692=CARTESIAN_POINT('Control Point',(5.76210202682,3.38937071389,-9.30976064588)) ;
#3693=CARTESIAN_POINT('Control Point',(5.76684352784,3.3770618269,-9.341826033)) ;
#3695=CARTESIAN_POINT('Control Point',(5.9672877653,3.36955922589,-9.29792034152)) ;
#3696=CARTESIAN_POINT('Control Point',(5.89614560119,3.3770137964,-9.29041758933)) ;
#3697=CARTESIAN_POINT('Control Point',(5.82544863301,3.38723024406,-9.28008316231)) ;
#3698=CARTESIAN_POINT('Control Point',(5.7553010549,3.39897303843,-9.26805399052)) ;
#3699=CARTESIAN_POINT('Vertex',(5.9672877653,3.36955922589,-9.29792034152)) ;
#3701=CARTESIAN_POINT('Vertex',(5.75530122076,3.39897300144,-9.26805400388)) ;
#3705=CARTESIAN_POINT('Control Point',(5.7390236899,3.40971351631,-9.1747496227)) ;
#3706=CARTESIAN_POINT('Control Point',(5.74478253807,3.40914386414,-9.20604085096)) ;
#3707=CARTESIAN_POINT('Control Point',(5.75024131234,3.40554193937,-9.23733138735)) ;
#3708=CARTESIAN_POINT('Control Point',(5.7553010549,3.39897303843,-9.26805399052)) ;
#3711=CARTESIAN_POINT('Control Point',(5.93589833336,3.40000000931,-9.12901549195)) ;
#3712=CARTESIAN_POINT('Control Point',(5.94657912428,3.40000000937,-9.18648825632)) ;
#3713=CARTESIAN_POINT('Control Point',(5.95725723719,3.38964460941,-9.24394660913)) ;
#3714=CARTESIAN_POINT('Control Point',(5.9672877653,3.36955922589,-9.29792034152)) ;
#3724=CARTESIAN_POINT('Control Point',(6.02371172084,3.03789321499,-9.60153458348)) ;
#3725=CARTESIAN_POINT('Control Point',(6.02511964693,3.0110360136,-9.6091105549)) ;
#3726=CARTESIAN_POINT('Control Point',(6.02618479927,2.98364055515,-9.61484207908)) ;
#3727=CARTESIAN_POINT('Control Point',(6.02689801234,2.95588155992,-9.61867983681)) ;
#3728=CARTESIAN_POINT('Control Point',(6.02725461622,2.92794078579,-9.62059869954)) ;
#3729=CARTESIAN_POINT('Control Point',(6.0272546169,2.90000001166,-9.62059869951)) ;
#3730=CARTESIAN_POINT('Control Point',(5.97706101137,3.03758522365,-9.6102940645)) ;
#3731=CARTESIAN_POINT('Control Point',(5.97795067211,3.01078468297,-9.61793086885)) ;
#3732=CARTESIAN_POINT('Control Point',(5.97848880928,2.98344955653,-9.62373325412)) ;
#3733=CARTESIAN_POINT('Control Point',(5.97866967103,2.95575339459,-9.62765173186)) ;
#3734=CARTESIAN_POINT('Control Point',(5.9784920947,2.92787670455,-9.62966076101)) ;
#3735=CARTESIAN_POINT('Control Point',(5.97795955085,2.90000001453,-9.62975972949)) ;
#3736=CARTESIAN_POINT('Control Point',(5.93039547952,3.03842738366,-9.61905604931)) ;
#3737=CARTESIAN_POINT('Control Point',(5.93076959093,3.01169616277,-9.62675327814)) ;
#3738=CARTESIAN_POINT('Control Point',(5.93078360026,2.98443425971,-9.63262606411)) ;
#3739=CARTESIAN_POINT('Control Point',(5.9304351129,2.95681397888,-9.63662475613)) ;
#3740=CARTESIAN_POINT('Control Point',(5.92972641347,2.92901449899,-9.63872340967)) ;
#3741=CARTESIAN_POINT('Control Point',(5.92866437751,2.90121501913,-9.6389207794)) ;
#3742=CARTESIAN_POINT('Control Point',(5.88375159512,3.04042065881,-9.62781369288)) ;
#3743=CARTESIAN_POINT('Control Point',(5.8836132384,3.01377124114,-9.63557089651)) ;
#3744=CARTESIAN_POINT('Control Point',(5.88310637646,2.98659526586,-9.64151357453)) ;
#3745=CARTESIAN_POINT('Control Point',(5.88223191367,2.95906371928,-9.64559191971)) ;
#3746=CARTESIAN_POINT('Control Point',(5.88099552024,2.93135437708,-9.64777959329)) ;
#3747=CARTESIAN_POINT('Control Point',(5.8794074154,2.90364503491,-9.64807472811)) ;
#3748=CARTESIAN_POINT('Control Point',(5.8371659426,3.04356441986,-9.63656013033)) ;
#3749=CARTESIAN_POINT('Control Point',(5.83651854867,3.01700910151,-9.64437682024)) ;
#3750=CARTESIAN_POINT('Control Point',(5.8354944248,2.98993155988,-9.65038883596)) ;
#3751=CARTESIAN_POINT('Control Point',(5.83409771468,2.96250139457,-9.65454622065)) ;
#3752=CARTESIAN_POINT('Control Point',(5.83233741098,2.93489490762,-9.65682225069)) ;
#3753=CARTESIAN_POINT('Control Point',(5.83022701388,2.90728842073,-9.65721444875)) ;
#3754=CARTESIAN_POINT('Control Point',(5.79067510132,3.0478564194,-9.64528849927)) ;
#3755=CARTESIAN_POINT('Control Point',(5.78952243593,3.02140729985,-9.65316415021)) ;
#3756=CARTESIAN_POINT('Control Point',(5.78798499652,2.99444049016,-9.65924490604)) ;
#3757=CARTESIAN_POINT('Control Point',(5.78607010526,2.96712413807,-9.66348066682)) ;
#3758=CARTESIAN_POINT('Control Point',(5.78379001301,2.93963300516,-9.66584433345)) ;
#3759=CARTESIAN_POINT('Control Point',(5.78116143712,2.91214187233,-9.66633283027)) ;
#3761=CARTESIAN_POINT('Control Point',(5.78551297734,2.96257099875,-9.66290629445)) ;
#3762=CARTESIAN_POINT('Control Point',(5.86722130699,2.98563397149,-9.64450408125)) ;
#3763=CARTESIAN_POINT('Control Point',(5.94649021856,3.01132357868,-9.62363918526)) ;
#3764=CARTESIAN_POINT('Control Point',(6.02371172084,3.03789321499,-9.60153458348)) ;
#3765=CARTESIAN_POINT('Vertex',(5.78551299183,2.96257096833,-9.66290630876)) ;
#3767=CARTESIAN_POINT('Vertex',(6.02371172084,3.03789321499,-9.60153458348)) ;
#3771=CARTESIAN_POINT('Control Point',(6.02371172084,3.03789321499,-9.60153458348)) ;
#3772=CARTESIAN_POINT('Control Point',(6.02605826432,2.99313121267,-9.61416120252)) ;
#3773=CARTESIAN_POINT('Control Point',(6.02725461577,2.94656796854,-9.62059869957)) ;
#3774=CARTESIAN_POINT('Control Point',(6.0272546169,2.90000001166,-9.62059869951)) ;
#3775=CARTESIAN_POINT('Vertex',(6.02725455618,2.9,-9.6205987108)) ;
#3779=CARTESIAN_POINT('Control Point',(6.02725455618,2.90000001166,-9.6205987108)) ;
#3780=CARTESIAN_POINT('Control Point',(5.97795950227,2.90000001572,-9.62975973852)) ;
#3781=CARTESIAN_POINT('Control Point',(5.92866434111,2.90121502092,-9.63892078617)) ;
#3782=CARTESIAN_POINT('Control Point',(5.87940739117,2.9036450367,-9.64807473261)) ;
#3783=CARTESIAN_POINT('Control Point',(5.83022700179,2.90728842192,-9.65721445099)) ;
#3784=CARTESIAN_POINT('Control Point',(5.78116143712,2.91214187233,-9.66633283027)) ;
#3787=CARTESIAN_POINT('Control Point',(5.78551297734,2.96257099875,-9.66290629445)) ;
#3788=CARTESIAN_POINT('Control Point',(5.78422447265,2.94581906502,-9.66488948034)) ;
#3789=CARTESIAN_POINT('Control Point',(5.78277146781,2.92898048355,-9.66603362077)) ;
#3790=CARTESIAN_POINT('Control Point',(5.78116143712,2.91214187233,-9.66633283027)) ;
#3800=CARTESIAN_POINT('Control Point',(5.41235336157,3.46974090121,-9.19397876965)) ;
#3801=CARTESIAN_POINT('Control Point',(5.41071848271,3.47018433247,-9.2135078572)) ;
#3802=CARTESIAN_POINT('Control Point',(5.40883213566,3.46970062528,-9.23303694475)) ;
#3803=CARTESIAN_POINT('Control Point',(5.4066995545,3.4682883559,-9.25250349746)) ;
#3804=CARTESIAN_POINT('Control Point',(5.4043275898,3.46595206104,-9.27184498228)) ;
#3805=CARTESIAN_POINT('Control Point',(5.4017245777,3.46270215107,-9.29100006274)) ;
#3806=CARTESIAN_POINT('Control Point',(5.47690980999,3.45223120384,-9.20123115836)) ;
#3807=CARTESIAN_POINT('Control Point',(5.47624588886,3.45235258268,-9.22063931713)) ;
#3808=CARTESIAN_POINT('Control Point',(5.47536686281,3.45155815849,-9.2400474759)) ;
#3809=CARTESIAN_POINT('Control Point',(5.47427474546,3.44984756927,-9.25939481892)) ;
#3810=CARTESIAN_POINT('Control Point',(5.4729728987,3.44722621307,-9.27862053206)) ;
#3811=CARTESIAN_POINT('Control Point',(5.4714659712,3.4437051467,-9.29766493955)) ;
#3812=CARTESIAN_POINT('Control Point',(5.54239867865,3.43736588374,-9.20309568947)) ;
#3813=CARTESIAN_POINT('Control Point',(5.54273732205,3.43724493897,-9.22236929265)) ;
#3814=CARTESIAN_POINT('Control Point',(5.54289465424,3.43621620648,-9.24164289583)) ;
#3815=CARTESIAN_POINT('Control Point',(5.54286956122,3.4342800681,-9.2608570856)) ;
#3816=CARTESIAN_POINT('Control Point',(5.54266204657,3.43144252287,-9.27995244989)) ;
#3817=CARTESIAN_POINT('Control Point',(5.54227323325,3.42771507707,-9.29887067119)) ;
#3818=CARTESIAN_POINT('Control Point',(5.60833168742,3.42531748166,-9.19932781598)) ;
#3819=CARTESIAN_POINT('Control Point',(5.60969767682,3.42503816878,-9.2184526256)) ;
#3820=CARTESIAN_POINT('Control Point',(5.61091409004,3.42385530807,-9.23757743523)) ;
#3821=CARTESIAN_POINT('Control Point',(5.6119767277,3.42176974905,-9.25664391323)) ;
#3822=CARTESIAN_POINT('Control Point',(5.61288230436,3.41878787325,-9.27559372931)) ;
#3823=CARTESIAN_POINT('Control Point',(5.61362850916,3.41492147883,-9.29436961668)) ;
#3824=CARTESIAN_POINT('Control Point',(5.67406264219,3.41613927605,-9.18984022878)) ;
#3825=CARTESIAN_POINT('Control Point',(5.6764705794,3.41578720692,-9.20879996027)) ;
#3826=CARTESIAN_POINT('Control Point',(5.67875927242,3.41453183321,-9.22775969176)) ;
#3827=CARTESIAN_POINT('Control Point',(5.68092141393,3.41237422035,-9.24666186992)) ;
#3828=CARTESIAN_POINT('Control Point',(5.68295042349,3.40932093763,-9.2654489429)) ;
#3829=CARTESIAN_POINT('Control Point',(5.68484056673,3.40538393916,-9.28406440303)) ;
#3830=CARTESIAN_POINT('Control Point',(5.73902389107,3.40971347508,-9.17474963491)) ;
#3831=CARTESIAN_POINT('Control Point',(5.74247919288,3.40937168469,-9.1935243721)) ;
#3832=CARTESIAN_POINT('Control Point',(5.74584478225,3.40812295386,-9.21229910929)) ;
#3833=CARTESIAN_POINT('Control Point',(5.74911016198,3.40596831759,-9.23101681064)) ;
#3834=CARTESIAN_POINT('Control Point',(5.7522653822,3.40291434122,-9.24962044175)) ;
#3835=CARTESIAN_POINT('Control Point',(5.75530122076,3.39897300144,-9.26805400388)) ;
#3837=CARTESIAN_POINT('Control Point',(5.75530122076,3.39897300144,-9.26805400388)) ;
#3838=CARTESIAN_POINT('Control Point',(5.63283318559,3.41947428733,-9.24705274283)) ;
#3839=CARTESIAN_POINT('Control Point',(5.51977546798,3.44060471869,-9.22514266147)) ;
#3840=CARTESIAN_POINT('Control Point',(5.41235336157,3.46974090121,-9.19397876965)) ;
#3849=CARTESIAN_POINT('Control Point',(5.61977063578,2.97813047165,-9.68698124795)) ;
#3850=CARTESIAN_POINT('Control Point',(5.61837858057,2.96812243962,-9.68815695154)) ;
#3851=CARTESIAN_POINT('Control Point',(5.61695732385,2.95808842692,-9.68907692283)) ;
#3852=CARTESIAN_POINT('Control Point',(5.61550806603,2.94803706389,-9.6897401479)) ;
#3853=CARTESIAN_POINT('Control Point',(5.61403205794,2.93797702569,-9.69014605432)) ;
#3854=CARTESIAN_POINT('Control Point',(5.61253059437,2.92791698748,-9.69029451416)) ;
#3855=CARTESIAN_POINT('Control Point',(5.65304149313,2.97433337205,-9.68356789673)) ;
#3856=CARTESIAN_POINT('Control Point',(5.65177497162,2.96431931993,-9.68475481687)) ;
#3857=CARTESIAN_POINT('Control Point',(5.65047522972,2.95427932258,-9.68568697248)) ;
#3858=CARTESIAN_POINT('Control Point',(5.64914335723,2.94422199861,-9.68636334194)) ;
#3859=CARTESIAN_POINT('Control Point',(5.64778050122,2.93415601132,-9.6867833426)) ;
#3860=CARTESIAN_POINT('Control Point',(5.6463878601,2.92409002403,-9.68694683381)) ;
#3861=CARTESIAN_POINT('Control Point',(5.68627866861,2.97088051076,-9.6794530471)) ;
#3862=CARTESIAN_POINT('Control Point',(5.68513708453,2.96085913067,-9.68064693013)) ;
#3863=CARTESIAN_POINT('Control Point',(5.6839582681,2.95081182291,-9.68158695392)) ;
#3864=CARTESIAN_POINT('Control Point',(5.68274320022,2.94074720032,-9.68227209228)) ;
#3865=CARTESIAN_POINT('Control Point',(5.68149292591,2.93067392031,-9.68270175591)) ;
#3866=CARTESIAN_POINT('Control Point',(5.68020854885,2.92060064029,-9.68287579527)) ;
#3867=CARTESIAN_POINT('Control Point',(5.71945446771,2.96777114523,-9.67463632555)) ;
#3868=CARTESIAN_POINT('Control Point',(5.71843694637,2.95774113406,-9.67583296837)) ;
#3869=CARTESIAN_POINT('Control Point',(5.71737817937,2.94768519507,-9.67677659627)) ;
#3870=CARTESIAN_POINT('Control Point',(5.71627904036,2.93761194116,-9.67746618159)) ;
#3871=CARTESIAN_POINT('Control Point',(5.71514047393,2.92753002977,-9.67790113169)) ;
#3872=CARTESIAN_POINT('Control Point',(5.71396349073,2.91744811838,-9.67808129193)) ;
#3873=CARTESIAN_POINT('Control Point',(5.75254166758,2.96500270795,-9.66911945126)) ;
#3874=CARTESIAN_POINT('Control Point',(5.75164706138,2.95496276786,-9.67031473284)) ;
#3875=CARTESIAN_POINT('Control Point',(5.75070718669,2.94489688215,-9.67125778564)) ;
#3876=CARTESIAN_POINT('Control Point',(5.74972281152,2.93481366962,-9.67194758348)) ;
#3877=CARTESIAN_POINT('Control Point',(5.74869478164,2.92472179368,-9.6723835337)) ;
#3878=CARTESIAN_POINT('Control Point',(5.7476240163,2.91462991775,-9.67256548018)) ;
#3879=CARTESIAN_POINT('Control Point',(5.78551299183,2.96257096833,-9.66290630876)) ;
#3880=CARTESIAN_POINT('Control Point',(5.78473988851,2.9525198079,-9.66409622016)) ;
#3881=CARTESIAN_POINT('Control Point',(5.78391747685,2.94244266654,-9.66503463471)) ;
#3882=CARTESIAN_POINT('Control Point',(5.78304642068,2.93234817478,-9.66572053058)) ;
#3883=CARTESIAN_POINT('Control Point',(5.78212746858,2.92224500782,-9.66615331833)) ;
#3884=CARTESIAN_POINT('Control Point',(5.78116145005,2.91214184086,-9.66633284388)) ;
#3886=CARTESIAN_POINT('Control Point',(5.61253059437,2.92791698748,-9.69029451416)) ;
#3887=CARTESIAN_POINT('Control Point',(5.67127513637,2.93533703599,-9.68448607164)) ;
#3888=CARTESIAN_POINT('Control Point',(5.72942311284,2.94673901725,-9.67553880598)) ;
#3889=CARTESIAN_POINT('Control Point',(5.78551299183,2.96257096833,-9.66290630876)) ;
#3897=CARTESIAN_POINT('Line Origine',(16.4,-3.4,-4.59217972543)) ;
#3901=CARTESIAN_POINT('Vertex',(16.4,-3.4,-2.)) ;
#3903=CARTESIAN_POINT('Vertex',(16.4,-3.4,-7.18435945086)) ;
#3906=CARTESIAN_POINT('Line Origine',(12.3665333312,-3.4,-2.)) ;
#3911=CARTESIAN_POINT('Line Origine',(11.1679491924,-3.4,-8.15668747705)) ;
#3926=CARTESIAN_POINT('Axis2P3D Location',(11.2794289381,-2.9,-8.13597000218)) ;
#3932=CARTESIAN_POINT('Control Point',(6.02371166487,-3.03789325086,-9.60153458139)) ;
#3933=CARTESIAN_POINT('Control Point',(6.06795843475,-3.05311725844,-9.58886897239)) ;
#3934=CARTESIAN_POINT('Control Point',(6.11169777337,-3.06914681155,-9.5753989894)) ;
#3935=CARTESIAN_POINT('Control Point',(6.1536578334,-3.08580322386,-9.56124565188)) ;
#3936=CARTESIAN_POINT('Control Point',(6.21534260967,-3.11244390369,-9.53835793662)) ;
#3937=CARTESIAN_POINT('Control Point',(6.27231839835,-3.14401187747,-9.51061240071)) ;
#3938=CARTESIAN_POINT('Control Point',(6.28980334453,-3.15468728159,-9.50116415234)) ;
#3939=CARTESIAN_POINT('Control Point',(6.32163009887,-3.17655260417,-9.48166732721)) ;
#3940=CARTESIAN_POINT('Control Point',(6.34661469592,-3.2026722713,-9.45796888407)) ;
#3941=CARTESIAN_POINT('Control Point',(6.35756972653,-3.21744888168,-9.44446095936)) ;
#3942=CARTESIAN_POINT('Control Point',(6.36565313562,-3.25926500152,-9.40566175295)) ;
#3943=CARTESIAN_POINT('Control Point',(6.32506420216,-3.29359955587,-9.37284532753)) ;
#3944=CARTESIAN_POINT('Control Point',(6.29354987642,-3.30512741192,-9.36159590289)) ;
#3945=CARTESIAN_POINT('Control Point',(6.21343877792,-3.33307491947,-9.33435888754)) ;
#3946=CARTESIAN_POINT('Control Point',(6.12678795076,-3.34905137255,-9.31845598687)) ;
#3947=CARTESIAN_POINT('Control Point',(6.07617962619,-3.35700755117,-9.31052865508)) ;
#3948=CARTESIAN_POINT('Control Point',(6.02185023679,-3.36384194001,-9.30367458186)) ;
#3949=CARTESIAN_POINT('Control Point',(5.96728778166,-3.36955921628,-9.29792035269)) ;
#3951=CARTESIAN_POINT('Line Origine',(11.3707851094,-2.9,-8.62755320975)) ;
#3955=CARTESIAN_POINT('Vertex',(16.4913561713,-2.9,-7.67594265843)) ;
#3958=CARTESIAN_POINT('Axis2P3D Location',(16.4,-2.9,-7.18435945086)) ;
#3972=CARTESIAN_POINT('Axis2P3D Location',(22.1913785276,3.4,-11.)) ;
#3977=CARTESIAN_POINT('Line Origine',(11.1679491924,3.4,-8.15668747705)) ;
#3981=CARTESIAN_POINT('Vertex',(16.4,3.4,-7.18435945086)) ;
#3984=CARTESIAN_POINT('Line Origine',(6.80852206637,3.4,-5.8)) ;
#3989=CARTESIAN_POINT('Line Origine',(12.3665333312,3.4,-2.)) ;
#3993=CARTESIAN_POINT('Vertex',(16.4,3.4,-2.)) ;
#3996=CARTESIAN_POINT('Line Origine',(16.4,3.4,-4.59217972543)) ;
#4011=CARTESIAN_POINT('Axis2P3D Location',(16.9,0.,0.)) ;
#4016=CARTESIAN_POINT('Line Origine',(16.9,0.,-2.)) ;
#4020=CARTESIAN_POINT('Vertex',(16.9,-2.9,-2.)) ;
#4022=CARTESIAN_POINT('Vertex',(16.9,2.9,-2.)) ;
#4025=CARTESIAN_POINT('Line Origine',(16.9,-2.9,-4.59217972543)) ;
#4029=CARTESIAN_POINT('Vertex',(16.9,-2.9,-7.18435945086)) ;
#4032=CARTESIAN_POINT('Line Origine',(16.9,4.4408920985E-016,-7.18435945086)) ;
#4036=CARTESIAN_POINT('Vertex',(16.9,2.9,-7.18435945086)) ;
#4039=CARTESIAN_POINT('Line Origine',(16.9,2.9,-4.59217972543)) ;
#4051=CARTESIAN_POINT('Axis2P3D Location',(16.9,0.,-7.6)) ;
#4056=CARTESIAN_POINT('Line Origine',(16.4913561713,4.4408920985E-016,-7.67594265843)) ;
#4060=CARTESIAN_POINT('Vertex',(16.4913561713,2.9,-7.67594265843)) ;
#4063=CARTESIAN_POINT('Line Origine',(11.2593053637,2.9,-8.64827068461)) ;
#4077=CARTESIAN_POINT('Axis2P3D Location',(11.4179491924,2.9,-8.11022730005)) ;
#4083=CARTESIAN_POINT('Control Point',(6.02371166734,3.03789320387,-9.60153459464)) ;
#4084=CARTESIAN_POINT('Control Point',(6.06795821286,3.0531171312,-9.58886905239)) ;
#4085=CARTESIAN_POINT('Control Point',(6.11169733268,3.06914659537,-9.5753991448)) ;
#4086=CARTESIAN_POINT('Control Point',(6.15365833487,3.08580343907,-9.56124546713)) ;
#4087=CARTESIAN_POINT('Control Point',(6.21534287374,3.11244404428,-9.53835781344)) ;
#4088=CARTESIAN_POINT('Control Point',(6.27231845503,3.14401191091,-9.51061237118)) ;
#4089=CARTESIAN_POINT('Control Point',(6.2898033964,3.15468731512,-9.50116412255)) ;
#4090=CARTESIAN_POINT('Control Point',(6.32163013981,3.17655263758,-9.48166729715)) ;
#4091=CARTESIAN_POINT('Control Point',(6.34661472175,3.20267230513,-9.45796885319)) ;
#4092=CARTESIAN_POINT('Control Point',(6.35756974312,3.2174489175,-9.44446092636)) ;
#4093=CARTESIAN_POINT('Control Point',(6.36565311664,3.25926504004,-9.40566171662)) ;
#4094=CARTESIAN_POINT('Control Point',(6.32506415489,3.29359957872,-9.37284530537)) ;
#4095=CARTESIAN_POINT('Control Point',(6.29354982907,3.30512743202,-9.36159588339)) ;
#4096=CARTESIAN_POINT('Control Point',(6.21343873294,3.33307492805,-9.33435887898)) ;
#4097=CARTESIAN_POINT('Control Point',(6.12678791512,3.34905137835,-9.3184559811)) ;
#4098=CARTESIAN_POINT('Control Point',(6.07617959809,3.35700755471,-9.31052865154)) ;
#4099=CARTESIAN_POINT('Control Point',(6.02185022268,3.36384194149,-9.30367458037)) ;
#4100=CARTESIAN_POINT('Control Point',(5.96728778166,3.36955921628,-9.29792035269)) ;
#4102=CARTESIAN_POINT('Axis2P3D Location',(16.4,2.9,-7.18435945086)) ;
#4116=CARTESIAN_POINT('Axis2P3D Location',(16.4,-2.9,-7.18435945086)) ;
#4121=CARTESIAN_POINT('Axis2P3D Location',(16.4,-2.9,-7.18435945086)) ;
#4126=CARTESIAN_POINT('Axis2P3D Location',(16.4,-2.9,-7.18435945086)) ;
#4137=CARTESIAN_POINT('Axis2P3D Location',(16.4,0.,-7.18435945086)) ;
#4142=CARTESIAN_POINT('Axis2P3D Location',(16.4,2.9,-7.18435945086)) ;
#4154=CARTESIAN_POINT('Axis2P3D Location',(16.4,2.9,-7.18435945086)) ;
#4159=CARTESIAN_POINT('Axis2P3D Location',(16.4,2.9,-7.18435945086)) ;
#4170=CARTESIAN_POINT('Axis2P3D Location',(16.4,2.9,-5.56450775162)) ;
#4175=CARTESIAN_POINT('Axis2P3D Location',(16.4,2.9,-2.)) ;
#4187=CARTESIAN_POINT('Axis2P3D Location',(16.4,-2.9,-5.56450775162)) ;
#4192=CARTESIAN_POINT('Axis2P3D Location',(16.4,-2.9,-2.)) ;
#4204=CARTESIAN_POINT('Line Origine',(4.,5.89545847824,-5.8)) ;
#4208=CARTESIAN_POINT('Vertex',(4.,4.29091695648,-5.8)) ;
#4211=CARTESIAN_POINT('Line Origine',(4.46599056173,3.93925060063,-5.8)) ;
#4215=CARTESIAN_POINT('Vertex',(3.99608273864,4.21055200877,-5.8)) ;
#4219=CARTESIAN_POINT('Control Point',(3.99608273862,4.21055200879,-5.8)) ;
#4220=CARTESIAN_POINT('Control Point',(3.99765041433,4.22657073797,-5.8)) ;
#4221=CARTESIAN_POINT('Control Point',(3.99882506646,4.24262791336,-5.8)) ;
#4222=CARTESIAN_POINT('Control Point',(3.99960875252,4.25872645959,-5.8)) ;
#4223=CARTESIAN_POINT('Control Point',(4.,4.27482169968,-5.8)) ;
#4224=CARTESIAN_POINT('Control Point',(4.,4.29091695648,-5.8)) ;
#4239=CARTESIAN_POINT('Axis2P3D Location',(4.93589838486,3.66794919243,-11.)) ;
#4245=CARTESIAN_POINT('Control Point',(3.5,4.49696551146,-6.84919269063)) ;
#4246=CARTESIAN_POINT('Control Point',(3.5515122753,4.46722488545,-6.81245427026)) ;
#4247=CARTESIAN_POINT('Control Point',(3.59894223517,4.43984118535,-6.76808478529)) ;
#4248=CARTESIAN_POINT('Control Point',(3.64248885602,4.41469953208,-6.71926722969)) ;
#4249=CARTESIAN_POINT('Control Point',(3.77997970029,4.33531915613,-6.54001826191)) ;
#4250=CARTESIAN_POINT('Control Point',(3.88057240714,4.27724192975,-6.32777521045)) ;
#4251=CARTESIAN_POINT('Control Point',(3.93535823935,4.24561131478,-6.17266330912)) ;
#4252=CARTESIAN_POINT('Control Point',(3.97732662244,4.2213808575,-6.0000753488)) ;
#4253=CARTESIAN_POINT('Control Point',(3.99411329717,4.21168906633,-5.8240644176)) ;
#4254=CARTESIAN_POINT('Control Point',(3.9948239881,4.21127874873,-5.81605000234)) ;
#4255=CARTESIAN_POINT('Control Point',(3.99548081076,4.21089953199,-5.80802826024)) ;
#4256=CARTESIAN_POINT('Control Point',(3.99608273866,4.21055200875,-5.8)) ;
#4257=CARTESIAN_POINT('Vertex',(3.5,4.49696551146,-6.84919269063)) ;
#4261=CARTESIAN_POINT('Control Point',(3.2703781937,4.62953772314,-7.01295835953)) ;
#4262=CARTESIAN_POINT('Control Point',(3.35561373435,4.5803269608,-7.22728763699)) ;
#4263=CARTESIAN_POINT('Control Point',(3.4595371205,4.52032676583,-7.43174024048)) ;
#4264=CARTESIAN_POINT('Control Point',(3.57866551506,4.45154795516,-7.62501224689)) ;
#4265=CARTESIAN_POINT('Control Point',(3.88687888007,4.27360088591,-8.05408242264)) ;
#4266=CARTESIAN_POINT('Control Point',(4.2483847287,4.06488538689,-8.42503022487)) ;
#4267=CARTESIAN_POINT('Control Point',(4.46895221571,3.93754068889,-8.62117350255)) ;
#4268=CARTESIAN_POINT('Control Point',(4.69872871775,3.80487916358,-8.80163788436)) ;
#4269=CARTESIAN_POINT('Control Point',(4.93589838486,3.66794919243,-8.96805379703)) ;
#4270=CARTESIAN_POINT('Vertex',(3.2703781937,4.62953772314,-7.01295835953)) ;
#4273=CARTESIAN_POINT('Line Origine',(3.38518909752,4.56325161691,-6.93107552677)) ;
#4286=CARTESIAN_POINT('Axis2P3D Location',(4.,-4.89858719659E-016,0.)) ;
#4291=CARTESIAN_POINT('Line Origine',(4.,7.08968326466,-9.25729955717)) ;
#4295=CARTESIAN_POINT('Vertex',(4.,9.88844957285,-12.7145991143)) ;
#4298=CARTESIAN_POINT('Axis2P3D Location',(4.,10.2770720082,-12.4)) ;
#4302=CARTESIAN_POINT('Vertex',(4.,10.2770722765,-12.9)) ;
#4305=CARTESIAN_POINT('Line Origine',(4.,12.1186189411,-12.9)) ;
#4309=CARTESIAN_POINT('Vertex',(4.,13.9601658739,-12.9)) ;
#4312=CARTESIAN_POINT('Axis2P3D Location',(4.,13.9601658739,-12.4)) ;
#4316=CARTESIAN_POINT('Vertex',(4.,14.4526443863,-12.4863997388)) ;
#4319=CARTESIAN_POINT('Line Origine',(4.,15.3725040125,-7.2431998695)) ;
#4323=CARTESIAN_POINT('Vertex',(4.,16.2923636387,-2.)) ;
#4326=CARTESIAN_POINT('Line Origine',(4.,12.2330510367,-2.)) ;
#4343=CARTESIAN_POINT('Axis2P3D Location',(3.5,13.9601658739,-12.4)) ;
#4348=CARTESIAN_POINT('Axis2P3D Location',(3.5,14.4526443863,-12.4863997388)) ;
#4352=CARTESIAN_POINT('Vertex',(3.5,14.9451228986,-12.572799478)) ;
#4355=CARTESIAN_POINT('Axis2P3D Location',(3.5,13.9601658739,-12.9)) ;
#4359=CARTESIAN_POINT('Vertex',(3.5,13.9601658739,-13.4)) ;
#4362=CARTESIAN_POINT('Axis2P3D Location',(3.5,13.9601658739,-12.4)) ;
#4374=CARTESIAN_POINT('Axis2P3D Location',(3.5,10.5041451884,-12.9)) ;
#4379=CARTESIAN_POINT('Axis2P3D Location',(3.5,10.2770720082,-12.9)) ;
#4383=CARTESIAN_POINT('Vertex',(3.5,10.2770720082,-13.4)) ;
#4386=CARTESIAN_POINT('Line Origine',(3.5,10.5041451884,-13.4)) ;
#4398=CARTESIAN_POINT('Axis2P3D Location',(3.5,10.2770720082,-12.4)) ;
#4403=CARTESIAN_POINT('Axis2P3D Location',(3.5,9.88844957285,-12.7145991143)) ;
#4407=CARTESIAN_POINT('Vertex',(3.5,9.49982713749,-13.0291982287)) ;
#4410=CARTESIAN_POINT('Axis2P3D Location',(3.5,10.2770720082,-12.4)) ;
#4422=CARTESIAN_POINT('Axis2P3D Location',(3.5,6.98948032341,-9.13351945326)) ;
#4427=CARTESIAN_POINT('Line Origine',(3.5,6.60085788805,-9.4481185676)) ;
#4440=CARTESIAN_POINT('Axis2P3D Location',(3.5,15.2923636387,-7.7)) ;
#4445=CARTESIAN_POINT('Line Origine',(3.5,15.7848421511,-7.786399739)) ;
#4449=CARTESIAN_POINT('Vertex',(3.5,16.8,-2.)) ;
#4453=CARTESIAN_POINT('Control Point',(4.,16.2923636387,-2.)) ;
#4454=CARTESIAN_POINT('Control Point',(4.,16.4902042519,-2.)) ;
#4455=CARTESIAN_POINT('Control Point',(3.89780189346,16.6909893788,-2.00000007611)) ;
#4456=CARTESIAN_POINT('Control Point',(3.69784061319,16.8,-2.)) ;
#4457=CARTESIAN_POINT('Control Point',(3.5,16.8,-2.)) ;
#4466=CARTESIAN_POINT('Axis2P3D Location',(2.,-2.44929359829E-016,0.)) ;
#4471=CARTESIAN_POINT('Axis2P3D Location',(2.,1.53142747957E-015,-5.95)) ;
#4475=CARTESIAN_POINT('Vertex',(2.,4.75,-5.95)) ;
#4477=CARTESIAN_POINT('Vertex',(2.,4.73341297036,-6.34661272302)) ;
#4480=CARTESIAN_POINT('Line Origine',(2.,4.75,-5.875)) ;
#4485=CARTESIAN_POINT('Line Origine',(2.,12.5849316434,-2.)) ;
#4489=CARTESIAN_POINT('Vertex',(2.,16.2923636387,-2.)) ;
#4492=CARTESIAN_POINT('Line Origine',(2.,15.3725040125,-7.2431998695)) ;
#4496=CARTESIAN_POINT('Vertex',(2.,14.452644364,-12.4863998662)) ;
#4499=CARTESIAN_POINT('Axis2P3D Location',(2.,13.9601658739,-12.4)) ;
#4503=CARTESIAN_POINT('Vertex',(2.,13.9601658739,-12.9)) ;
#4506=CARTESIAN_POINT('Line Origine',(2.,12.1186189411,-12.9)) ;
#4510=CARTESIAN_POINT('Vertex',(2.,10.2770716676,-12.9)) ;
#4513=CARTESIAN_POINT('Axis2P3D Location',(2.,10.2770720082,-12.4)) ;
#4517=CARTESIAN_POINT('Vertex',(2.,9.88844957285,-12.7145991143)) ;
#4520=CARTESIAN_POINT('Line Origine',(2.,7.3109312716,-9.53060591868)) ;
#4539=CARTESIAN_POINT('Axis2P3D Location',(2.,16.8,-2.)) ;
#4544=CARTESIAN_POINT('Line Origine',(2.5,15.8725614493,-7.286399739)) ;
#4548=CARTESIAN_POINT('Vertex',(2.5,16.8,-2.)) ;
#4550=CARTESIAN_POINT('Vertex',(2.5,14.9451228986,-12.572799478)) ;
#4553=CARTESIAN_POINT('Line Origine',(3.,16.8,-2.)) ;
#4558=CARTESIAN_POINT('Line Origine',(3.,14.9451228986,-12.572799478)) ;
#4570=CARTESIAN_POINT('Axis2P3D Location',(3.,13.9601658739,-12.4)) ;
#4575=CARTESIAN_POINT('Line Origine',(3.,13.9601658739,-13.4)) ;
#4579=CARTESIAN_POINT('Vertex',(2.5,13.9601658739,-13.4)) ;
#4582=CARTESIAN_POINT('Axis2P3D Location',(2.5,13.9601658739,-12.4)) ;
#4594=CARTESIAN_POINT('Line Origine',(2.5,12.1186189411,-13.4)) ;
#4598=CARTESIAN_POINT('Vertex',(2.5,10.2770720082,-13.4)) ;
#4601=CARTESIAN_POINT('Line Origine',(3.,10.2770720082,-13.4)) ;
#4613=CARTESIAN_POINT('Axis2P3D Location',(3.,10.2770720082,-12.4)) ;
#4618=CARTESIAN_POINT('Line Origine',(3.,9.49982713749,-13.0291982287)) ;
#4622=CARTESIAN_POINT('Vertex',(2.5,9.49982713749,-13.0291982287)) ;
#4625=CARTESIAN_POINT('Axis2P3D Location',(2.5,10.2770720082,-12.4)) ;
#4637=CARTESIAN_POINT('Axis2P3D Location',(2.,9.49982713749,-13.0291982287)) ;
#4642=CARTESIAN_POINT('Line Origine',(2.5,7.06468242976,-10.0210782956)) ;
#4646=CARTESIAN_POINT('Vertex',(2.5,4.62953772202,-7.01295836249)) ;
#4649=CARTESIAN_POINT('Line Origine',(2.88518909685,4.62953772202,-7.01295836249)) ;
#4662=CARTESIAN_POINT('Axis2P3D Location',(2.5,13.9601658739,-12.4)) ;
#4667=CARTESIAN_POINT('Axis2P3D Location',(2.5,14.4526443863,-12.486399739)) ;
#4672=CARTESIAN_POINT('Axis2P3D Location',(2.5,13.9601658739,-12.9)) ;
#4684=CARTESIAN_POINT('Axis2P3D Location',(2.5,10.714768861,-12.9)) ;
#4689=CARTESIAN_POINT('Axis2P3D Location',(2.5,10.2770720082,-12.9)) ;
#4701=CARTESIAN_POINT('Axis2P3D Location',(2.5,10.2770720082,-12.4)) ;
#4706=CARTESIAN_POINT('Axis2P3D Location',(2.5,9.88844957285,-12.7145991143)) ;
#4718=CARTESIAN_POINT('Axis2P3D Location',(2.5,7.2422287305,-9.44573807379)) ;
#4724=CARTESIAN_POINT('Control Point',(2.5,4.62953772202,-7.01295836249)) ;
#4725=CARTESIAN_POINT('Control Point',(2.31364783281,4.62953772202,-7.01295836249)) ;
#4726=CARTESIAN_POINT('Control Point',(2.1252679747,4.65694905053,-6.89829115282)) ;
#4727=CARTESIAN_POINT('Control Point',(2.04383558391,4.69466977278,-6.71330283602)) ;
#4728=CARTESIAN_POINT('Control Point',(2.,4.71785304605,-6.53231414728)) ;
#4729=CARTESIAN_POINT('Control Point',(2.,4.73341297036,-6.34661272302)) ;
#4738=CARTESIAN_POINT('Axis2P3D Location',(2.5,15.2923636387,-7.7)) ;
#4744=CARTESIAN_POINT('Control Point',(2.,16.2923636387,-2.)) ;
#4745=CARTESIAN_POINT('Control Point',(2.,16.4902042519,-2.)) ;
#4746=CARTESIAN_POINT('Control Point',(2.10219810654,16.6909893788,-2.00000007611)) ;
#4747=CARTESIAN_POINT('Control Point',(2.30215938681,16.8,-2.)) ;
#4748=CARTESIAN_POINT('Control Point',(2.5,16.8,-2.)) ;
#4757=CARTESIAN_POINT('Axis2P3D Location',(0.,0.,12.)) ;
#4807=CARTESIAN_POINT('Line Origine',(-6.43714612034,-5.22418298471,12.)) ;
#4811=CARTESIAN_POINT('Vertex',(-7.31076548805,-5.41873675119,12.)) ;
#4813=CARTESIAN_POINT('Vertex',(-5.56352675263,-5.02962921822,12.)) ;
#4816=CARTESIAN_POINT('Axis2P3D Location',(0.,0.,12.)) ;
#4820=CARTESIAN_POINT('Vertex',(-8.6432211712,-2.84688036029,12.)) ;
#4823=CARTESIAN_POINT('Line Origine',(-7.85767444164,-2.67194024262,12.)) ;
#4827=CARTESIAN_POINT('Vertex',(-7.07212771208,-2.49700012495,12.)) ;
#4830=CARTESIAN_POINT('Axis2P3D Location',(0.,0.,12.)) ;
#4834=CARTESIAN_POINT('Vertex',(-7.5,5.26567179616E-015,12.)) ;
#4837=CARTESIAN_POINT('Axis2P3D Location',(0.,0.,12.)) ;
#4841=CARTESIAN_POINT('Vertex',(-6.83471173661,3.0881572948,12.)) ;
#4844=CARTESIAN_POINT('Axis2P3D Location',(0.,0.,12.)) ;
#4848=CARTESIAN_POINT('Vertex',(4.87835028926,5.6966392246,12.)) ;
#4851=CARTESIAN_POINT('Axis2P3D Location',(0.,0.,12.)) ;
#4855=CARTESIAN_POINT('Vertex',(5.56352675263,5.02962921822,12.)) ;
#4858=CARTESIAN_POINT('Line Origine',(6.43714612034,5.22418298471,12.)) ;
#4862=CARTESIAN_POINT('Vertex',(7.31076548805,5.41873675119,12.)) ;
#4865=CARTESIAN_POINT('Axis2P3D Location',(0.,0.,12.)) ;
#4869=CARTESIAN_POINT('Vertex',(8.6432211712,2.84688036029,12.)) ;
#4872=CARTESIAN_POINT('Line Origine',(7.85767444164,2.67194024262,12.)) ;
#4876=CARTESIAN_POINT('Vertex',(7.07212771208,2.49700012495,12.)) ;
#4879=CARTESIAN_POINT('Axis2P3D Location',(0.,0.,12.)) ;
#4883=CARTESIAN_POINT('Vertex',(7.5,-8.49824767848E-015,12.)) ;
#4886=CARTESIAN_POINT('Axis2P3D Location',(0.,0.,12.)) ;
#4890=CARTESIAN_POINT('Vertex',(6.83471173661,-3.0881572948,12.)) ;
#4893=CARTESIAN_POINT('Axis2P3D Location',(0.,0.,12.)) ;
#4897=CARTESIAN_POINT('Vertex',(-4.87835028926,-5.6966392246,12.)) ;
#4900=CARTESIAN_POINT('Axis2P3D Location',(0.,0.,12.)) ;
#4922=CARTESIAN_POINT('Axis2P3D Location',(0.,0.,-4.)) ;
#4927=CARTESIAN_POINT('Axis2P3D Location',(3.88578058619E-016,1.01654795692E-015,-4.)) ;
#4931=CARTESIAN_POINT('Vertex',(-7.5,5.26567179616E-015,-4.)) ;
#4933=CARTESIAN_POINT('Vertex',(7.5,-7.48169972156E-015,-4.)) ;
#4936=CARTESIAN_POINT('Axis2P3D Location',(3.88578058619E-016,1.01654795692E-015,-4.)) ;
#4946=CARTESIAN_POINT('Axis2P3D Location',(8.16164767173,0.690640111972,4.)) ;
#4951=CARTESIAN_POINT('Line Origine',(8.16164767173,0.690640111972,5.5)) ;
#4955=CARTESIAN_POINT('Vertex',(9.05638361613,0.889896509465,5.5)) ;
#4957=CARTESIAN_POINT('Vertex',(7.48060875303,0.538973732251,5.5)) ;
#4961=CARTESIAN_POINT('Control Point',(7.22329534346,2.01841630521,4.)) ;
#4962=CARTESIAN_POINT('Control Point',(7.22329534346,2.01841630521,4.47200318793)) ;
#4963=CARTESIAN_POINT('Control Point',(7.27284931449,1.83996544634,4.94386365103)) ;
#4964=CARTESIAN_POINT('Control Point',(7.37586888226,1.47989583492,5.31850164156)) ;
#4965=CARTESIAN_POINT('Control Point',(7.44668911039,1.00975655613,5.5)) ;
#4966=CARTESIAN_POINT('Control Point',(7.48060875303,0.538973732251,5.5)) ;
#4967=CARTESIAN_POINT('Vertex',(7.22329534346,2.01841630521,4.)) ;
#4970=CARTESIAN_POINT('Line Origine',(7.83558743051,2.15477286521,4.)) ;
#4974=CARTESIAN_POINT('Vertex',(8.78687082522,2.36662229789,4.)) ;
#4978=CARTESIAN_POINT('Control Point',(9.05638361613,0.889896509465,5.5)) ;
#4979=CARTESIAN_POINT('Control Point',(9.01025075145,1.35938584374,5.5)) ;
#4980=CARTESIAN_POINT('Control Point',(8.9338405735,1.82715420237,5.31746869631)) ;
#4981=CARTESIAN_POINT('Control Point',(8.83476127932,2.18795109473,4.94389095437)) ;
#4982=CARTESIAN_POINT('Control Point',(8.78687082522,2.36662229789,4.47175043848)) ;
#4983=CARTESIAN_POINT('Control Point',(8.78687082522,2.36662229789,4.)) ;
#4992=CARTESIAN_POINT('Axis2P3D Location',(9.07731203201,-0.642188658846,1.)) ;
#4997=CARTESIAN_POINT('Line Origine',(9.07731203201,-0.642188658846,2.5)) ;
#5001=CARTESIAN_POINT('Vertex',(9.07731203201,-0.642188658846,1.)) ;
#5003=CARTESIAN_POINT('Vertex',(9.07731203201,-0.642188658846,4.)) ;
#5006=CARTESIAN_POINT('Line Origine',(8.25459037305,-0.825407579389,1.)) ;
#5010=CARTESIAN_POINT('Vertex',(7.4318687141,-1.00862649993,1.)) ;
#5013=CARTESIAN_POINT('Line Origine',(7.4318687141,-1.00862649993,2.5)) ;
#5017=CARTESIAN_POINT('Vertex',(7.4318687141,-1.00862649993,4.)) ;
#5020=CARTESIAN_POINT('Line Origine',(8.25459037305,-0.825407579389,4.)) ;
#5032=CARTESIAN_POINT('Axis2P3D Location',(8.10517303324,0.678063291865,4.)) ;
#5038=CARTESIAN_POINT('Control Point',(9.07731203201,-0.642188658846,4.)) ;
#5039=CARTESIAN_POINT('Control Point',(9.07731203201,-0.642188658846,4.4759103426)) ;
#5040=CARTESIAN_POINT('Control Point',(9.09144948546,-0.443374836482,4.95256481633)) ;
#5041=CARTESIAN_POINT('Control Point',(9.11899590212,-0.0593565609422,5.31283154711)) ;
#5042=CARTESIAN_POINT('Control Point',(9.10292328126,0.416267209521,5.5)) ;
#5043=CARTESIAN_POINT('Control Point',(9.05638361613,0.889896509465,5.5)) ;
#5046=CARTESIAN_POINT('Control Point',(7.49999990454,-5.83791609721E-007,5.40313222771)) ;
#5047=CARTESIAN_POINT('Control Point',(7.49999990454,-0.431685025896,5.24388200118)) ;
#5048=CARTESIAN_POINT('Control Point',(7.46316291516,-0.804270732205,4.91953074426)) ;
#5049=CARTESIAN_POINT('Control Point',(7.4318687141,-1.00862649993,4.46012182322)) ;
#5050=CARTESIAN_POINT('Control Point',(7.4318687141,-1.00862649993,4.)) ;
#5051=CARTESIAN_POINT('Vertex',(7.5,-7.48169972156E-015,5.40313218674)) ;
#5055=CARTESIAN_POINT('Control Point',(7.48060875303,0.538973732251,5.5)) ;
#5056=CARTESIAN_POINT('Control Point',(7.49380553379,0.355810903062,5.5)) ;
#5057=CARTESIAN_POINT('Control Point',(7.4999996476,0.172292522382,5.4666919084)) ;
#5058=CARTESIAN_POINT('Control Point',(7.49999990454,-5.83791609943E-007,5.40313222771)) ;
#5068=CARTESIAN_POINT('Axis2P3D Location',(3.11937501688,4.48532017057,12.)) ;
#5073=CARTESIAN_POINT('Line Origine',(6.43714612034,5.22418298471,2.5)) ;
#5077=CARTESIAN_POINT('Vertex',(5.56352675263,5.02962921822,2.5)) ;
#5079=CARTESIAN_POINT('Vertex',(7.31076548805,5.41873675119,2.5)) ;
#5082=CARTESIAN_POINT('Line Origine',(7.31076548805,5.41873675119,7.25)) ;
#5087=CARTESIAN_POINT('Line Origine',(5.56352675263,5.02962921822,7.25)) ;
#5099=CARTESIAN_POINT('Axis2P3D Location',(7.10337396191,3.83580506284,2.5)) ;
#5105=CARTESIAN_POINT('Control Point',(6.52040774722,3.7059793321,1.)) ;
#5106=CARTESIAN_POINT('Control Point',(6.27775750958,4.13290521258,1.)) ;
#5107=CARTESIAN_POINT('Control Point',(6.00404829285,4.53667390055,1.18777303804)) ;
#5108=CARTESIAN_POINT('Control Point',(5.72581757112,4.85192618497,1.51731894228)) ;
#5109=CARTESIAN_POINT('Control Point',(5.56352675263,5.02962921822,2.00893498877)) ;
#5110=CARTESIAN_POINT('Control Point',(5.56352675263,5.02962921822,2.5)) ;
#5111=CARTESIAN_POINT('Vertex',(6.52040774722,3.7059793321,1.)) ;
#5114=CARTESIAN_POINT('Line Origine',(7.10337396191,3.83580506284,1.)) ;
#5118=CARTESIAN_POINT('Vertex',(8.14070058496,4.06681619772,1.)) ;
#5122=CARTESIAN_POINT('Control Point',(7.31076548805,5.41873675119,2.5)) ;
#5123=CARTESIAN_POINT('Control Point',(7.31076548805,5.41873675119,2.01595386415)) ;
#5124=CARTESIAN_POINT('Control Point',(7.44172373748,5.24301672724,1.53062360787)) ;
#5125=CARTESIAN_POINT('Control Point',(7.68172808464,4.91606432046,1.18593562851)) ;
#5126=CARTESIAN_POINT('Control Point',(7.92437897334,4.49983539127,1.)) ;
#5127=CARTESIAN_POINT('Control Point',(8.14070058496,4.06681619772,1.)) ;
#5136=CARTESIAN_POINT('Axis2P3D Location',(-9.07731203201,0.642188658846,1.)) ;
#5141=CARTESIAN_POINT('Line Origine',(-9.07731203201,0.642188658846,2.5)) ;
#5145=CARTESIAN_POINT('Vertex',(-9.07731203201,0.642188658846,1.)) ;
#5147=CARTESIAN_POINT('Vertex',(-9.07731203201,0.642188658846,4.)) ;
#5150=CARTESIAN_POINT('Line Origine',(-8.25459037305,0.825407579389,1.)) ;
#5154=CARTESIAN_POINT('Vertex',(-7.4318687141,1.00862649993,1.)) ;
#5157=CARTESIAN_POINT('Line Origine',(-7.4318687141,1.00862649993,2.5)) ;
#5161=CARTESIAN_POINT('Vertex',(-7.4318687141,1.00862649993,4.)) ;
#5164=CARTESIAN_POINT('Line Origine',(-8.25459037305,0.825407579389,4.)) ;
#5176=CARTESIAN_POINT('Axis2P3D Location',(-8.1260303703,-0.682708190587,4.)) ;
#5181=CARTESIAN_POINT('Line Origine',(-8.1260303703,-0.682708190587,5.5)) ;
#5185=CARTESIAN_POINT('Vertex',(-7.48060875303,-0.538973732251,5.5)) ;
#5187=CARTESIAN_POINT('Vertex',(-9.05638361613,-0.889896509465,5.5)) ;
#5191=CARTESIAN_POINT('Control Point',(-9.07731203201,0.642188658846,4.)) ;
#5192=CARTESIAN_POINT('Control Point',(-9.07731203201,0.642188658846,4.47591034261)) ;
#5193=CARTESIAN_POINT('Control Point',(-9.09144948546,0.443374836505,4.9525648163)) ;
#5194=CARTESIAN_POINT('Control Point',(-9.11899590212,0.0593565608968,5.31283154714)) ;
#5195=CARTESIAN_POINT('Control Point',(-9.10292328126,-0.416267209517,5.5)) ;
#5196=CARTESIAN_POINT('Control Point',(-9.05638361613,-0.889896509465,5.5)) ;
#5199=CARTESIAN_POINT('Control Point',(-7.5,4.88498130835E-015,5.40313243523)) ;
#5200=CARTESIAN_POINT('Control Point',(-7.5,0.431683676341,5.24388267964)) ;
#5201=CARTESIAN_POINT('Control Point',(-7.46316255077,0.804275181479,4.91952682447)) ;
#5202=CARTESIAN_POINT('Control Point',(-7.4318687141,1.00862649993,4.46012094179)) ;
#5203=CARTESIAN_POINT('Control Point',(-7.4318687141,1.00862649993,4.)) ;
#5204=CARTESIAN_POINT('Vertex',(-7.5,-1.39566635159E-015,5.40313243523)) ;
#5208=CARTESIAN_POINT('Control Point',(-7.48060875303,-0.538973732251,5.5)) ;
#5209=CARTESIAN_POINT('Control Point',(-7.49380588062,-0.355806089283,5.5)) ;
#5210=CARTESIAN_POINT('Control Point',(-7.5,-0.172292632093,5.46669184471)) ;
#5211=CARTESIAN_POINT('Control Point',(-7.5,4.77395900589E-015,5.40313243523)) ;
#5221=CARTESIAN_POINT('Axis2P3D Location',(-8.14116192586,-0.68607796607,4.)) ;
#5227=CARTESIAN_POINT('Control Point',(-7.22329534346,-2.01841630521,4.)) ;
#5228=CARTESIAN_POINT('Control Point',(-7.22329534346,-2.01841630521,4.47200318792)) ;
#5229=CARTESIAN_POINT('Control Point',(-7.27284931449,-1.83996544634,4.94386365103)) ;
#5230=CARTESIAN_POINT('Control Point',(-7.37586888226,-1.47989583492,5.31850164156)) ;
#5231=CARTESIAN_POINT('Control Point',(-7.44668911039,-1.00975655612,5.5)) ;
#5232=CARTESIAN_POINT('Control Point',(-7.48060875303,-0.538973732251,5.5)) ;
#5233=CARTESIAN_POINT('Vertex',(-7.22329534346,-2.01841630521,4.)) ;
#5236=CARTESIAN_POINT('Line Origine',(-7.81510168464,-2.1502107193,4.)) ;
#5240=CARTESIAN_POINT('Vertex',(-8.78687082522,-2.36662229789,4.)) ;
#5244=CARTESIAN_POINT('Control Point',(-9.05638361613,-0.889896509465,5.5)) ;
#5245=CARTESIAN_POINT('Control Point',(-9.01025075145,-1.35938584375,5.5)) ;
#5246=CARTESIAN_POINT('Control Point',(-8.93384057349,-1.82715420238,5.3174686963)) ;
#5247=CARTESIAN_POINT('Control Point',(-8.83476127933,-2.18795109472,4.94389095439)) ;
#5248=CARTESIAN_POINT('Control Point',(-8.78687082522,-2.36662229789,4.47175043848)) ;
#5249=CARTESIAN_POINT('Control Point',(-8.78687082522,-2.36662229789,4.)) ;
#5258=CARTESIAN_POINT('Axis2P3D Location',(-7.31076548805,-5.41873675119,12.)) ;
#5263=CARTESIAN_POINT('Line Origine',(-7.31076548805,-5.41873675119,7.25)) ;
#5267=CARTESIAN_POINT('Vertex',(-7.31076548805,-5.41873675119,2.5)) ;
#5270=CARTESIAN_POINT('Line Origine',(-5.56352675263,-5.02962921822,7.25)) ;
#5274=CARTESIAN_POINT('Vertex',(-5.56352675263,-5.02962921822,2.5)) ;
#5277=CARTESIAN_POINT('Line Origine',(-6.43714612034,-5.22418298471,2.5)) ;
#5289=CARTESIAN_POINT('Axis2P3D Location',(-7.10337396191,-3.83580506284,2.5)) ;
#5295=CARTESIAN_POINT('Control Point',(-6.52040774722,-3.7059793321,1.)) ;
#5296=CARTESIAN_POINT('Control Point',(-6.27775750957,-4.13290521259,1.)) ;
#5297=CARTESIAN_POINT('Control Point',(-6.00404829281,-4.53667390062,1.18777303802)) ;
#5298=CARTESIAN_POINT('Control Point',(-5.72581757109,-4.85192618499,1.51731894242)) ;
#5299=CARTESIAN_POINT('Control Point',(-5.56352675263,-5.02962921822,2.00893498877)) ;
#5300=CARTESIAN_POINT('Control Point',(-5.56352675263,-5.02962921822,2.5)) ;
#5301=CARTESIAN_POINT('Vertex',(-6.52040774722,-3.7059793321,1.)) ;
#5304=CARTESIAN_POINT('Line Origine',(-7.10337396191,-3.83580506284,1.)) ;
#5308=CARTESIAN_POINT('Vertex',(-8.14070058496,-4.06681619772,1.)) ;
#5312=CARTESIAN_POINT('Control Point',(-7.31076548805,-5.41873675119,2.5)) ;
#5313=CARTESIAN_POINT('Control Point',(-7.31076548805,-5.41873675119,2.01595386415)) ;
#5314=CARTESIAN_POINT('Control Point',(-7.44172373749,-5.24301672723,1.53062360782)) ;
#5315=CARTESIAN_POINT('Control Point',(-7.68172808464,-4.91606432045,1.18593562852)) ;
#5316=CARTESIAN_POINT('Control Point',(-7.92437897334,-4.49983539127,1.)) ;
#5317=CARTESIAN_POINT('Control Point',(-8.14070058496,-4.06681619772,1.)) ;
#5326=CARTESIAN_POINT('Axis2P3D Location',(3.88578058619E-016,1.01654795692E-015,23.)) ;
#5331=CARTESIAN_POINT('Axis2P3D Location',(3.88578058619E-016,1.01654795692E-015,4.)) ;
#5335=CARTESIAN_POINT('Vertex',(-7.07212771208,-2.49700012495,4.)) ;
#5338=CARTESIAN_POINT('Line Origine',(-7.5,5.26567179616E-015,23.)) ;
#5343=CARTESIAN_POINT('Line Origine',(-7.07212771208,-2.49700012495,23.)) ;
#5357=CARTESIAN_POINT('Axis2P3D Location',(3.88578058619E-016,1.01654795692E-015,1.)) ;
#5361=CARTESIAN_POINT('Vertex',(-7.22329534346,-2.01841630521,1.)) ;
#5363=CARTESIAN_POINT('Vertex',(-7.07212771208,-2.49700012495,1.)) ;
#5366=CARTESIAN_POINT('Axis2P3D Location',(3.88578058619E-016,1.01654795692E-015,1.)) ;
#5371=CARTESIAN_POINT('Line Origine',(7.5,-7.48169972156E-015,23.)) ;
#5376=CARTESIAN_POINT('Axis2P3D Location',(3.88578058619E-016,1.01654795692E-015,1.)) ;
#5380=CARTESIAN_POINT('Vertex',(7.5,-7.48169972156E-015,1.)) ;
#5383=CARTESIAN_POINT('Line Origine',(7.5,-7.48169972156E-015,23.)) ;
#5388=CARTESIAN_POINT('Line Origine',(-7.5,5.26567179616E-015,23.)) ;
#5392=CARTESIAN_POINT('Vertex',(-7.5,5.26567179616E-015,1.)) ;
#5395=CARTESIAN_POINT('Axis2P3D Location',(3.88578058619E-016,1.01654795692E-015,1.)) ;
#5418=CARTESIAN_POINT('Axis2P3D Location',(3.88578058619E-016,1.01654795692E-015,4.)) ;
#5422=CARTESIAN_POINT('Vertex',(7.07212771208,2.49700012495,4.)) ;
#5425=CARTESIAN_POINT('Line Origine',(7.07212771208,2.49700012495,23.)) ;
#5439=CARTESIAN_POINT('Axis2P3D Location',(3.88578058619E-016,1.01654795692E-015,1.)) ;
#5443=CARTESIAN_POINT('Vertex',(7.22329534346,2.01841630521,1.)) ;
#5445=CARTESIAN_POINT('Vertex',(7.07212771208,2.49700012495,1.)) ;
#5448=CARTESIAN_POINT('Axis2P3D Location',(3.88578058619E-016,1.01654795692E-015,1.)) ;
#5453=CARTESIAN_POINT('Axis2P3D Location',(3.88578058619E-016,1.01654795692E-015,1.)) ;
#5458=CARTESIAN_POINT('Axis2P3D Location',(3.88578058619E-016,1.01654795692E-015,1.)) ;
#5481=CARTESIAN_POINT('Axis2P3D Location',(8.6432211712,2.84688036029,12.)) ;
#5486=CARTESIAN_POINT('Line Origine',(7.85767444164,2.67194024262,4.)) ;
#5490=CARTESIAN_POINT('Vertex',(8.6432211712,2.84688036029,4.)) ;
#5493=CARTESIAN_POINT('Line Origine',(8.6432211712,2.84688036029,8.)) ;
#5505=CARTESIAN_POINT('Axis2P3D Location',(-8.6432211712,-2.84688036029,12.)) ;
#5510=CARTESIAN_POINT('Line Origine',(-7.85767444164,-2.67194024262,4.)) ;
#5514=CARTESIAN_POINT('Vertex',(-8.6432211712,-2.84688036029,4.)) ;
#5517=CARTESIAN_POINT('Line Origine',(-8.6432211712,-2.84688036029,8.)) ;
#5529=CARTESIAN_POINT('Axis2P3D Location',(0.,0.,4.)) ;
#5534=CARTESIAN_POINT('Axis2P3D Location',(0.,0.,4.)) ;
#5546=CARTESIAN_POINT('Axis2P3D Location',(0.,0.,4.)) ;
#5558=CARTESIAN_POINT('Axis2P3D Location',(0.,0.,1.)) ;
#5563=CARTESIAN_POINT('Axis2P3D Location',(0.,0.,1.)) ;
#5567=CARTESIAN_POINT('Vertex',(8.78687082522,2.36662229789,1.)) ;
#5569=CARTESIAN_POINT('Vertex',(8.36352156197,3.58629433851,1.)) ;
#5572=CARTESIAN_POINT('Axis2P3D Location',(0.,0.,1.)) ;
#5577=CARTESIAN_POINT('Axis2P3D Location',(0.,0.,1.)) ;
#5581=CARTESIAN_POINT('Vertex',(8.93002485557,1.75061591418,1.)) ;
#5584=CARTESIAN_POINT('Axis2P3D Location',(0.,0.,1.)) ;
#5602=CARTESIAN_POINT('Axis2P3D Location',(0.,0.,1.)) ;
#5606=CARTESIAN_POINT('Vertex',(-8.93002485557,-1.75061591418,1.)) ;
#5609=CARTESIAN_POINT('Axis2P3D Location',(0.,0.,1.)) ;
#5613=CARTESIAN_POINT('Vertex',(-8.36352156197,-3.58629433851,1.)) ;
#5616=CARTESIAN_POINT('Axis2P3D Location',(0.,0.,1.)) ;
#5633=CARTESIAN_POINT('Axis2P3D Location',(0.,0.,6.5)) ;
#5638=CARTESIAN_POINT('Line Origine',(8.78687082522,2.36662229789,6.5)) ;
#5677=CARTESIAN_POINT('Axis2P3D Location',(-15.4,0.,-5.95)) ;
#5682=CARTESIAN_POINT('Axis2P3D Location',(-13.9,0.,-5.95)) ;
#5686=CARTESIAN_POINT('Vertex',(-13.9,3.6,-5.95)) ;
#5688=CARTESIAN_POINT('Vertex',(-13.9,-3.6,-5.95)) ;
#5691=CARTESIAN_POINT('Line Origine',(-15.4,-3.6,-5.95)) ;
#5695=CARTESIAN_POINT('Vertex',(-16.9,-3.6,-5.95)) ;
#5698=CARTESIAN_POINT('Axis2P3D Location',(-16.9,0.,-5.95)) ;
#5702=CARTESIAN_POINT('Vertex',(-16.9,3.6,-5.95)) ;
#5705=CARTESIAN_POINT('Line Origine',(-15.4,3.6,-5.95)) ;
#5717=CARTESIAN_POINT('Axis2P3D Location',(-13.9,0.,-5.95)) ;
#5722=CARTESIAN_POINT('Axis2P3D Location',(-16.9,0.,-5.95)) ;
#5734=CARTESIAN_POINT('Axis2P3D Location',(-13.9,0.,0.)) ;
#5744=CARTESIAN_POINT('Axis2P3D Location',(30.,0.,-2.)) ;
#5755=CARTESIAN_POINT('Line Origine',(-16.9,0.,-2.)) ;
#5759=CARTESIAN_POINT('Vertex',(-16.9,-4.25,-2.)) ;
#5761=CARTESIAN_POINT('Vertex',(-16.9,4.25,-2.)) ;
#5764=CARTESIAN_POINT('Axis2P3D Location',(-16.4,-4.25,-2.)) ;
#5768=CARTESIAN_POINT('Vertex',(-16.4,-4.75,-2.)) ;
#5771=CARTESIAN_POINT('Line Origine',(-12.0809631537,-4.75,-2.)) ;
#5776=CARTESIAN_POINT('Line Origine',(-12.0809631537,4.75,-2.)) ;
#5780=CARTESIAN_POINT('Vertex',(-16.4,4.75,-2.)) ;
#5783=CARTESIAN_POINT('Axis2P3D Location',(-16.4,4.25,-2.)) ;
#5822=CARTESIAN_POINT('Line Origine',(-16.4,-4.75,-3.975)) ;
#5826=CARTESIAN_POINT('Vertex',(-16.4,-4.75,-5.95)) ;
#5829=CARTESIAN_POINT('Line Origine',(-10.2,-4.75,-5.95)) ;
#5844=CARTESIAN_POINT('Axis2P3D Location',(0.,4.75,-0.627509362542)) ;
#5849=CARTESIAN_POINT('Line Origine',(-16.4,4.75,-3.975)) ;
#5853=CARTESIAN_POINT('Vertex',(-16.4,4.75,-5.95)) ;
#5856=CARTESIAN_POINT('Line Origine',(-7.2,4.75,-5.95)) ;
#5871=CARTESIAN_POINT('Axis2P3D Location',(0.,0.,-5.95)) ;
#5876=CARTESIAN_POINT('Axis2P3D Location',(-16.4,0.,-5.95)) ;
#5915=CARTESIAN_POINT('Axis2P3D Location',(-16.9,0.,0.)) ;
#5920=CARTESIAN_POINT('Line Origine',(-16.9,4.25,-3.975)) ;
#5924=CARTESIAN_POINT('Vertex',(-16.9,4.25,-5.95)) ;
#5927=CARTESIAN_POINT('Axis2P3D Location',(-16.9,-3.64486218984E-013,-5.95)) ;
#5931=CARTESIAN_POINT('Vertex',(-16.9,-4.25,-5.94999999851)) ;
#5934=CARTESIAN_POINT('Line Origine',(-16.9,-4.25,-3.975)) ;
#5950=CARTESIAN_POINT('Axis2P3D Location',(-16.4,-3.95683485976E-013,-5.95)) ;
#5955=CARTESIAN_POINT('Axis2P3D Location',(-16.4,-4.25,-5.94999999851)) ;
#5960=CARTESIAN_POINT('Axis2P3D Location',(-16.4,4.25,-5.95)) ;
#5972=CARTESIAN_POINT('Axis2P3D Location',(-16.4,4.25,-6.35)) ;
#5984=CARTESIAN_POINT('Axis2P3D Location',(-16.4,-4.25,-6.35)) ;
#5996=CARTESIAN_POINT('Axis2P3D Location',(0.,0.,-12.)) ;
#6005=CARTESIAN_POINT('Axis2P3D Location',(3.,-9.2,-12.)) ;
#6009=CARTESIAN_POINT('Vertex',(0.2,-9.2,-12.)) ;
#6011=CARTESIAN_POINT('Vertex',(5.8,-9.2,-12.)) ;
#6014=CARTESIAN_POINT('Axis2P3D Location',(3.,-9.2,-12.)) ;
#6024=CARTESIAN_POINT('Axis2P3D Location',(3.,-9.2,-10.5)) ;
#6029=CARTESIAN_POINT('Axis2P3D Location',(3.,-9.2,-9.)) ;
#6033=CARTESIAN_POINT('Vertex',(5.8,-9.2,-9.)) ;
#6035=CARTESIAN_POINT('Vertex',(0.2,-9.2,-9.)) ;
#6038=CARTESIAN_POINT('Line Origine',(0.2,-9.2,-10.5)) ;
#6043=CARTESIAN_POINT('Line Origine',(5.8,-9.2,-10.5)) ;
#6055=CARTESIAN_POINT('Axis2P3D Location',(3.,-9.2,-9.)) ;
#6067=CARTESIAN_POINT('Axis2P3D Location',(0.,0.,-9.)) ;
#6081=CARTESIAN_POINT('Axis2P3D Location',(7.,0.,-5.)) ;
#6086=CARTESIAN_POINT('Line Origine',(7.29955138162,-2.22044604925E-016,-4.73491705116)) ;
#6090=CARTESIAN_POINT('Vertex',(7.29955138162,-1.6,-4.73491705116)) ;
#6092=CARTESIAN_POINT('Vertex',(7.29955138162,1.6,-4.73491705116)) ;
#6095=CARTESIAN_POINT('Line Origine',(7.14977569081,-1.6,-4.86745852558)) ;
#6099=CARTESIAN_POINT('Vertex',(7.,-1.6,-5.)) ;
#6102=CARTESIAN_POINT('Line Origine',(7.,-2.22044604925E-016,-5.)) ;
#6106=CARTESIAN_POINT('Vertex',(7.,1.6,-5.)) ;
#6109=CARTESIAN_POINT('Line Origine',(7.14977569081,1.6,-4.86745852558)) ;
#6121=CARTESIAN_POINT('Axis2P3D Location',(7.,0.,-5.)) ;
#6126=CARTESIAN_POINT('Line Origine',(5.54602718353,-1.6,-3.35696876049)) ;
#6130=CARTESIAN_POINT('Vertex',(4.09205436707,-1.6,-1.71393752098)) ;
#6133=CARTESIAN_POINT('Line Origine',(4.09205436707,-2.22044604925E-016,-1.71393752098)) ;
#6137=CARTESIAN_POINT('Vertex',(4.09205436707,1.6,-1.71393752098)) ;
#6140=CARTESIAN_POINT('Line Origine',(5.54602718353,1.6,-3.35696876049)) ;
#6152=CARTESIAN_POINT('Axis2P3D Location',(4.09205436707,0.,-1.71393752098)) ;
#6157=CARTESIAN_POINT('Line Origine',(3.73812257955,-1.6,-0.491201804673)) ;
#6161=CARTESIAN_POINT('Vertex',(3.38419079203,-1.6,0.731533911634)) ;
#6164=CARTESIAN_POINT('Line Origine',(3.38419079203,-2.22044604925E-016,0.731533911634)) ;
#6168=CARTESIAN_POINT('Vertex',(3.38419079203,1.6,0.731533911634)) ;
#6171=CARTESIAN_POINT('Line Origine',(3.73812257955,1.6,-0.491201804673)) ;
#6183=CARTESIAN_POINT('Axis2P3D Location',(4.39160574869,0.,-1.44885457214)) ;
#6188=CARTESIAN_POINT('Line Origine',(3.64915169672,-2.22044604925E-016,1.03119324986)) ;
#6192=CARTESIAN_POINT('Vertex',(3.64915169672,-1.6,1.03119324986)) ;
#6194=CARTESIAN_POINT('Vertex',(3.64915169672,1.6,1.03119324986)) ;
#6197=CARTESIAN_POINT('Line Origine',(4.0203787227,-1.6,-0.208830661137)) ;
#6201=CARTESIAN_POINT('Vertex',(4.39160574869,-1.6,-1.44885457214)) ;
#6204=CARTESIAN_POINT('Line Origine',(4.39160574869,-2.22044604925E-016,-1.44885457214)) ;
#6208=CARTESIAN_POINT('Vertex',(4.39160574869,1.6,-1.44885457214)) ;
#6211=CARTESIAN_POINT('Line Origine',(4.0203787227,1.6,-0.208830661137)) ;
#6223=CARTESIAN_POINT('Axis2P3D Location',(7.29955138162,0.,-4.73491705116)) ;
#6228=CARTESIAN_POINT('Line Origine',(5.84557856515,-1.6,-3.09188581165)) ;
#6233=CARTESIAN_POINT('Line Origine',(5.84557856515,1.6,-3.09188581165)) ;
#6245=CARTESIAN_POINT('Axis2P3D Location',(0.,-1.6,0.)) ;
#6250=CARTESIAN_POINT('Line Origine',(0.508068492612,-1.6,3.54159139698)) ;
#6254=CARTESIAN_POINT('Vertex',(0.375588040269,-1.6,3.39176172786)) ;
#6256=CARTESIAN_POINT('Vertex',(0.640548944956,-1.6,3.69142106609)) ;
#6259=CARTESIAN_POINT('Line Origine',(1.87988941615,-1.6,2.06164781975)) ;
#6264=CARTESIAN_POINT('Line Origine',(2.14485032084,-1.6,2.36130715798)) ;
#6280=CARTESIAN_POINT('Axis2P3D Location',(0.427264070849,0.,3.4502050863)) ;
#6285=CARTESIAN_POINT('Axis2P3D Location',(0.640548944956,0.,3.69142106609)) ;
#6289=CARTESIAN_POINT('Vertex',(-0.558088407959,3.91874033223E-016,4.75126468484)) ;
#6292=CARTESIAN_POINT('Line Origine',(-0.771373282066,2.93905524917E-016,4.51004870505)) ;
#6296=CARTESIAN_POINT('Vertex',(-0.823049312646,3.91874033223E-016,4.45160534661)) ;
#6299=CARTESIAN_POINT('Axis2P3D Location',(0.375588040269,0.,3.39176172786)) ;
#6311=CARTESIAN_POINT('Axis2P3D Location',(0.,1.6,0.)) ;
#6316=CARTESIAN_POINT('Line Origine',(2.14485032084,1.6,2.36130715798)) ;
#6320=CARTESIAN_POINT('Vertex',(0.640548944956,1.6,3.69142106609)) ;
#6323=CARTESIAN_POINT('Line Origine',(1.87988941615,1.6,2.06164781975)) ;
#6327=CARTESIAN_POINT('Vertex',(0.375588040269,1.6,3.39176172786)) ;
#6330=CARTESIAN_POINT('Line Origine',(0.508068492612,1.6,3.54159139698)) ;
#6346=CARTESIAN_POINT('Axis2P3D Location',(3.38419079203,0.,0.731533911634)) ;
#6351=CARTESIAN_POINT('Axis2P3D Location',(0.375588040269,0.,3.39176172786)) ;
#6364=CARTESIAN_POINT('Axis2P3D Location',(3.64915169672,0.,1.03119324986)) ;
#6369=CARTESIAN_POINT('Axis2P3D Location',(0.640548944956,0.,3.69142106609)) ;
#6382=CARTESIAN_POINT('Axis2P3D Location',(0.427264070849,0.,3.4502050863)) ;
#6396=CARTESIAN_POINT('Axis2P3D Location',(-25.1500000004,0.,-5.95)) ;
#6401=CARTESIAN_POINT('Axis2P3D Location',(-13.9,0.,-5.95)) ;
#6405=CARTESIAN_POINT('Vertex',(-13.9,1.72593193898,-9.10929722281)) ;
#6407=CARTESIAN_POINT('Vertex',(-13.9,-1.72593193898,-2.79070277719)) ;
#6410=CARTESIAN_POINT('Line Origine',(-15.15,1.72593193898,-9.10929722281)) ;
#6414=CARTESIAN_POINT('Vertex',(-16.4,1.72593193898,-9.10929722281)) ;
#6417=CARTESIAN_POINT('Axis2P3D Location',(-16.4,0.,-5.95)) ;
#6421=CARTESIAN_POINT('Vertex',(-16.4,-1.72593193898,-2.79070277719)) ;
#6424=CARTESIAN_POINT('Line Origine',(-15.15,-1.72593193898,-2.79070277719)) ;
#6436=CARTESIAN_POINT('Axis2P3D Location',(-13.9,0.,-5.95)) ;
#6441=CARTESIAN_POINT('Axis2P3D Location',(-16.4,0.,-5.95)) ;
#6453=CARTESIAN_POINT('Axis2P3D Location',(-25.1500000004,0.,-5.95)) ;
#6458=CARTESIAN_POINT('Axis2P3D Location',(-16.4,0.,-5.95)) ;
#6462=CARTESIAN_POINT('Vertex',(-16.4,0.671195754046,-7.17861558665)) ;
#6464=CARTESIAN_POINT('Vertex',(-16.4,-0.671195754046,-4.72138441335)) ;
#6467=CARTESIAN_POINT('Line Origine',(-26.4,0.671195754046,-7.17861558665)) ;
#6471=CARTESIAN_POINT('Vertex',(-36.4,0.671195754046,-7.17861558665)) ;
#6474=CARTESIAN_POINT('Axis2P3D Location',(-36.4,0.,-5.95)) ;
#6478=CARTESIAN_POINT('Vertex',(-36.4,-0.671195754046,-4.72138441335)) ;
#6481=CARTESIAN_POINT('Line Origine',(-26.4,-0.671195754046,-4.72138441335)) ;
#6493=CARTESIAN_POINT('Axis2P3D Location',(-16.4,0.,-5.95)) ;
#6498=CARTESIAN_POINT('Axis2P3D Location',(-36.4,0.,-5.95)) ;
#6510=CARTESIAN_POINT('Axis2P3D Location',(-13.9,0.,-9.55)) ;
#6520=CARTESIAN_POINT('Axis2P3D Location',(-16.4,0.,-7.35)) ;
#6534=CARTESIAN_POINT('Axis2P3D Location',(-36.4,0.,-5.95)) ;
#6546=CARTESIAN_POINT('Axis2P3D Location',(3.86146205126,-7.35106315009,11.)) ;
#6551=CARTESIAN_POINT('Line Origine',(1.50879238703,-8.19808466754,11.)) ;
#6555=CARTESIAN_POINT('Vertex',(1.49279942173,-8.15071141495,11.)) ;
#6557=CARTESIAN_POINT('Vertex',(1.52478535232,-8.24545792013,11.)) ;
#6560=CARTESIAN_POINT('Line Origine',(2.47225040413,-7.92559861419,11.)) ;
#6564=CARTESIAN_POINT('Vertex',(3.41971545595,-7.60573930824,11.)) ;
#6567=CARTESIAN_POINT('Line Origine',(3.40372249065,-7.55836605565,11.)) ;
#6571=CARTESIAN_POINT('Vertex',(3.38772952535,-7.51099280306,11.)) ;
#6574=CARTESIAN_POINT('Line Origine',(2.44026447354,-7.830852109,11.)) ;
#6586=CARTESIAN_POINT('Axis2P3D Location',(2.44026447354,-7.830852109,9.5)) ;
#6591=CARTESIAN_POINT('Axis2P3D Location',(3.38772952535,-7.51099280306,9.5)) ;
#6595=CARTESIAN_POINT('Vertex',(2.93555131333,-6.1715818648,10.0015109202)) ;
#6598=CARTESIAN_POINT('Line Origine',(1.98808626152,-6.49144117074,10.0015109202)) ;
#6602=CARTESIAN_POINT('Vertex',(1.04062120971,-6.81130047668,10.0015109202)) ;
#6605=CARTESIAN_POINT('Axis2P3D Location',(1.49279942173,-8.15071141495,9.5)) ;
#6617=CARTESIAN_POINT('Axis2P3D Location',(3.27787136292,-5.62239128878,8.84340613437)) ;
#6622=CARTESIAN_POINT('Line Origine',(0.974914971549,-6.61667001516,9.42245852727)) ;
#6626=CARTESIAN_POINT('Vertex',(0.909208733393,-6.42203955363,8.84340613437)) ;
#6629=CARTESIAN_POINT('Line Origine',(2.86984507517,-5.97695140327,9.42245852727)) ;
#6633=CARTESIAN_POINT('Vertex',(2.80413883701,-5.78232094175,8.84340613437)) ;
#6636=CARTESIAN_POINT('Line Origine',(1.8566737852,-6.10218024769,8.84340613437)) ;
#6648=CARTESIAN_POINT('Axis2P3D Location',(4.8711951987,-15.0315865028,5.5)) ;
#6653=CARTESIAN_POINT('Axis2P3D Location',(5.81866025051,-14.7117271968,5.5)) ;
#6657=CARTESIAN_POINT('Vertex',(2.62006719109,-5.23707667872,5.5)) ;
#6660=CARTESIAN_POINT('Line Origine',(1.67260213928,-5.55693598466,5.5)) ;
#6664=CARTESIAN_POINT('Vertex',(0.72513708747,-5.8767952906,5.5)) ;
#6667=CARTESIAN_POINT('Axis2P3D Location',(3.92373014689,-15.3514458087,5.5)) ;
#6679=CARTESIAN_POINT('Axis2P3D Location',(3.093799717,-5.07714702575,4.5)) ;
#6684=CARTESIAN_POINT('Line Origine',(0.72513708747,-5.8767952906,5.)) ;
#6688=CARTESIAN_POINT('Vertex',(0.72513708747,-5.8767952906,4.5)) ;
#6691=CARTESIAN_POINT('Line Origine',(2.62006719109,-5.23707667872,5.)) ;
#6695=CARTESIAN_POINT('Vertex',(2.62006719109,-5.23707667872,4.5)) ;
#6698=CARTESIAN_POINT('Line Origine',(1.67260213928,-5.55693598466,4.5)) ;
#6710=CARTESIAN_POINT('Axis2P3D Location',(2.15239109819,-6.97813356237,4.5)) ;
#6715=CARTESIAN_POINT('Axis2P3D Location',(3.09985615,-6.65827425643,4.5)) ;
#6719=CARTESIAN_POINT('Vertex',(3.09985615,-6.65827425643,3.)) ;
#6722=CARTESIAN_POINT('Line Origine',(2.15239109819,-6.97813356237,3.)) ;
#6726=CARTESIAN_POINT('Vertex',(1.20492604638,-7.29799286832,3.)) ;
#6729=CARTESIAN_POINT('Axis2P3D Location',(1.20492604638,-7.29799286832,4.5)) ;
#6741=CARTESIAN_POINT('Axis2P3D Location',(3.89344798185,-7.44580965527,3.)) ;
#6746=CARTESIAN_POINT('Line Origine',(1.36485569935,-7.77172539422,3.)) ;
#6750=CARTESIAN_POINT('Vertex',(1.52478535232,-8.24545792013,3.)) ;
#6753=CARTESIAN_POINT('Line Origine',(3.25978580297,-7.13200678234,3.)) ;
#6757=CARTESIAN_POINT('Vertex',(3.41971545595,-7.60573930824,3.)) ;
#6760=CARTESIAN_POINT('Line Origine',(2.47225040413,-7.92559861419,3.)) ;
#6772=CARTESIAN_POINT('Axis2P3D Location',(3.89344798185,-7.44580965527,3.)) ;
#6777=CARTESIAN_POINT('Line Origine',(3.41971545595,-7.60573930824,3.2)) ;
#6781=CARTESIAN_POINT('Vertex',(3.41971545595,-7.60573930824,3.4)) ;
#6784=CARTESIAN_POINT('Line Origine',(2.47225040413,-7.92559861419,3.4)) ;
#6788=CARTESIAN_POINT('Vertex',(1.52478535232,-8.24545792013,3.4)) ;
#6791=CARTESIAN_POINT('Line Origine',(1.52478535232,-8.24545792013,3.2)) ;
#6803=CARTESIAN_POINT('Axis2P3D Location',(3.89344798185,-7.44580965527,3.4)) ;
#6808=CARTESIAN_POINT('Line Origine',(3.25978580297,-7.13200678234,3.4)) ;
#6812=CARTESIAN_POINT('Vertex',(3.09985615,-6.65827425643,3.4)) ;
#6815=CARTESIAN_POINT('Line Origine',(2.15239109819,-6.97813356237,3.4)) ;
#6819=CARTESIAN_POINT('Vertex',(1.20492604638,-7.29799286832,3.4)) ;
#6822=CARTESIAN_POINT('Line Origine',(1.36485569935,-7.77172539422,3.4)) ;
#6834=CARTESIAN_POINT('Axis2P3D Location',(2.15239109819,-6.97813356237,4.5)) ;
#6839=CARTESIAN_POINT('Axis2P3D Location',(1.20492604638,-7.29799286832,4.5)) ;
#6843=CARTESIAN_POINT('Vertex',(0.853080809847,-6.25578131132,4.5)) ;
#6846=CARTESIAN_POINT('Axis2P3D Location',(3.09985615,-6.65827425643,4.5)) ;
#6850=CARTESIAN_POINT('Vertex',(2.74801091347,-5.61606269944,4.5)) ;
#6853=CARTESIAN_POINT('Line Origine',(1.80054586166,-5.93592200538,4.5)) ;
#6865=CARTESIAN_POINT('Axis2P3D Location',(3.22174343937,-5.45613304647,4.5)) ;
#6870=CARTESIAN_POINT('Line Origine',(2.74801091347,-5.61606269944,5.)) ;
#6874=CARTESIAN_POINT('Vertex',(2.74801091347,-5.61606269944,5.5)) ;
#6877=CARTESIAN_POINT('Line Origine',(1.80054586166,-5.93592200538,5.5)) ;
#6881=CARTESIAN_POINT('Vertex',(0.853080809847,-6.25578131132,5.5)) ;
#6884=CARTESIAN_POINT('Line Origine',(0.853080809847,-6.25578131132,5.)) ;
#6896=CARTESIAN_POINT('Axis2P3D Location',(4.8711951987,-15.0315865028,5.5)) ;
#6901=CARTESIAN_POINT('Axis2P3D Location',(3.92373014689,-15.3514458087,5.5)) ;
#6905=CARTESIAN_POINT('Vertex',(1.02978958993,-6.77921580383,8.709669889)) ;
#6908=CARTESIAN_POINT('Axis2P3D Location',(5.81866025051,-14.7117271968,5.5)) ;
#6912=CARTESIAN_POINT('Vertex',(2.92471969355,-6.13949719195,8.709669889)) ;
#6915=CARTESIAN_POINT('Line Origine',(1.97725464174,-6.45935649789,8.709669889)) ;
#6927=CARTESIAN_POINT('Axis2P3D Location',(3.39845221946,-5.97956753898,8.709669889)) ;
#6932=CARTESIAN_POINT('Line Origine',(2.99042593171,-6.33412765348,9.28872228189)) ;
#6936=CARTESIAN_POINT('Vertex',(3.05613216987,-6.528758115,9.86777467478)) ;
#6939=CARTESIAN_POINT('Line Origine',(2.10866711806,-6.84861742095,9.86777467478)) ;
#6943=CARTESIAN_POINT('Vertex',(1.16120206625,-7.16847672689,9.86777467478)) ;
#6946=CARTESIAN_POINT('Line Origine',(1.09549582809,-6.97384626536,9.28872228189)) ;
#6958=CARTESIAN_POINT('Axis2P3D Location',(2.44026447354,-7.830852109,9.5)) ;
#6963=CARTESIAN_POINT('Axis2P3D Location',(1.49279942173,-8.15071141495,9.5)) ;
#6967=CARTESIAN_POINT('Vertex',(1.49279942173,-8.15071141495,10.6)) ;
#6970=CARTESIAN_POINT('Axis2P3D Location',(3.38772952535,-7.51099280306,9.5)) ;
#6974=CARTESIAN_POINT('Vertex',(3.38772952535,-7.51099280306,10.6)) ;
#6977=CARTESIAN_POINT('Line Origine',(2.44026447354,-7.830852109,10.6)) ;
#6989=CARTESIAN_POINT('Axis2P3D Location',(3.86146205126,-7.35106315009,10.6)) ;
#6994=CARTESIAN_POINT('Line Origine',(3.40372249065,-7.55836605565,10.6)) ;
#6998=CARTESIAN_POINT('Vertex',(3.41971545595,-7.60573930824,10.6)) ;
#7001=CARTESIAN_POINT('Line Origine',(2.47225040413,-7.92559861419,10.6)) ;
#7005=CARTESIAN_POINT('Vertex',(1.52478535232,-8.24545792013,10.6)) ;
#7008=CARTESIAN_POINT('Line Origine',(1.50879238703,-8.19808466754,10.6)) ;
#7020=CARTESIAN_POINT('Line Origine',(3.41971545595,-7.60573930824,10.8)) ;
#7025=CARTESIAN_POINT('Line Origine',(1.52478535232,-8.24545792013,10.8)) ;
#7037=CARTESIAN_POINT('Axis2P3D Location',(4.05943406783,-9.50066941187,0.)) ;
#7061=CARTESIAN_POINT('Axis2P3D Location',(2.16450396421,-10.1403880237,0.)) ;
#7087=CARTESIAN_POINT('Axis2P3D Location',(-2.,-9.2,-11.5)) ;
#7092=CARTESIAN_POINT('Axis2P3D Location',(-2.,-10.6,-11.5)) ;
#7096=CARTESIAN_POINT('Vertex',(3.,-10.6,-11.5)) ;
#7098=CARTESIAN_POINT('Vertex',(-2.,-10.6,-16.5)) ;
#7101=CARTESIAN_POINT('Axis2P3D Location',(3.,-9.2,-11.5)) ;
#7105=CARTESIAN_POINT('Vertex',(3.,-7.8,-11.5)) ;
#7108=CARTESIAN_POINT('Axis2P3D Location',(-2.,-7.8,-11.5)) ;
#7112=CARTESIAN_POINT('Vertex',(-2.,-7.8,-16.5)) ;
#7115=CARTESIAN_POINT('Axis2P3D Location',(-2.,-9.2,-16.5)) ;
#7127=CARTESIAN_POINT('Axis2P3D Location',(3.,-9.2,-11.5)) ;
#7132=CARTESIAN_POINT('Axis2P3D Location',(-2.,-9.2,-16.5)) ;
#7144=CARTESIAN_POINT('Axis2P3D Location',(-19.2,-9.2,-16.5)) ;
#7149=CARTESIAN_POINT('Line Origine',(-19.2,-10.6,-16.5)) ;
#7153=CARTESIAN_POINT('Vertex',(-36.4,-10.6,-16.5)) ;
#7156=CARTESIAN_POINT('Line Origine',(-19.2,-7.8,-16.5)) ;
#7160=CARTESIAN_POINT('Vertex',(-36.4,-7.8,-16.5)) ;
#7163=CARTESIAN_POINT('Axis2P3D Location',(-36.4,-9.2,-16.5)) ;
#7175=CARTESIAN_POINT('Axis2P3D Location',(-36.4,-9.2,-16.5)) ;
#7187=CARTESIAN_POINT('Axis2P3D Location',(-36.4,0.,0.)) ;
#7197=CARTESIAN_POINT('Axis2P3D Location',(0.,0.,-11.5)) ;
#7202=CARTESIAN_POINT('Axis2P3D Location',(3.,-9.2,-11.5)) ;
#7206=CARTESIAN_POINT('Vertex',(0.2,-9.2,-11.5)) ;
#7208=CARTESIAN_POINT('Vertex',(5.8,-9.2,-11.5)) ;
#7211=CARTESIAN_POINT('Axis2P3D Location',(3.,-9.2,-11.5)) ;
#7225=CARTESIAN_POINT('Axis2P3D Location',(0.,0.,-9.)) ;
#7230=CARTESIAN_POINT('Axis2P3D Location',(3.,-9.2,-9.)) ;
#7234=CARTESIAN_POINT('Vertex',(5.8,-9.2,-9.)) ;
#7236=CARTESIAN_POINT('Vertex',(0.2,-9.2,-9.)) ;
#7239=CARTESIAN_POINT('Axis2P3D Location',(3.,-9.2,-9.)) ;
#7249=CARTESIAN_POINT('Axis2P3D Location',(3.,-9.2,-10.25)) ;
#7254=CARTESIAN_POINT('Line Origine',(5.8,-9.2,-10.25)) ;
#7259=CARTESIAN_POINT('Line Origine',(0.2,-9.2,-10.25)) ;
#7280=CARTESIAN_POINT('Axis2P3D Location',(0.,0.,1.4)) ;
#7285=CARTESIAN_POINT('Axis2P3D Location',(0.,0.,2.2)) ;
#7289=CARTESIAN_POINT('Vertex',(12.9277935518,7.06248580552,2.2)) ;
#7291=CARTESIAN_POINT('Vertex',(-12.9277935518,-7.06248580552,2.2)) ;
#7294=CARTESIAN_POINT('Axis2P3D Location',(14.0413209902,7.67080861767,1.4)) ;
#7298=CARTESIAN_POINT('Vertex',(12.9277935518,7.06248580552,0.6)) ;
#7301=CARTESIAN_POINT('Axis2P3D Location',(0.,0.,0.6)) ;
#7305=CARTESIAN_POINT('Vertex',(-12.9277935518,-7.06248580552,0.6)) ;
#7308=CARTESIAN_POINT('Axis2P3D Location',(-14.0413209902,-7.67080861767,1.4)) ;
#7320=CARTESIAN_POINT('Axis2P3D Location',(0.,0.,2.2)) ;
#7325=CARTESIAN_POINT('Axis2P3D Location',(0.,0.,0.6)) ;
#7337=CARTESIAN_POINT('Axis2P3D Location',(0.,0.,1.40000000037)) ;
#7342=CARTESIAN_POINT('Axis2P3D Location',(0.,0.,0.6)) ;
#7346=CARTESIAN_POINT('Vertex',(10.9697820236,5.99281923255,0.6)) ;
#7348=CARTESIAN_POINT('Vertex',(-10.9697820236,-5.99281923255,0.6)) ;
#7351=CARTESIAN_POINT('Line Origine',(10.9697820236,5.99281923255,1.4)) ;
#7355=CARTESIAN_POINT('Vertex',(10.9697820236,5.99281923255,2.2)) ;
#7358=CARTESIAN_POINT('Axis2P3D Location',(0.,0.,2.2)) ;
#7362=CARTESIAN_POINT('Vertex',(-10.9697820236,-5.99281923255,2.2)) ;
#7365=CARTESIAN_POINT('Line Origine',(-10.9697820236,-5.99281923255,1.4)) ;
#7377=CARTESIAN_POINT('Axis2P3D Location',(0.,0.,0.6)) ;
#7382=CARTESIAN_POINT('Axis2P3D Location',(0.,0.,2.2)) ;
#7394=CARTESIAN_POINT('Axis2P3D Location',(14.731142246,0.,0.6)) ;
#7408=CARTESIAN_POINT('Axis2P3D Location',(12.5,0.,2.2)) ;
#53=DIRECTION('Axis2P3D Direction',(0.,1.,-0.)) ;
#54=DIRECTION('Axis2P3D XDirection',(-1.,0.,0.)) ;
#58=DIRECTION('Vector Direction',(1.,0.,0.)) ;
#67=DIRECTION('Vector Direction',(0.,0.,-1.)) ;
#74=DIRECTION('Vector Direction',(1.,0.,0.)) ;
#81=DIRECTION('Vector Direction',(0.,0.,-1.)) ;
#93=DIRECTION('Axis2P3D Direction',(0.,0.,1.)) ;
#94=DIRECTION('Axis2P3D XDirection',(0.87758256189,0.479425538604,0.)) ;
#98=DIRECTION('Axis2P3D Direction',(0.,0.,1.)) ;
#107=DIRECTION('Vector Direction',(0.,0.,1.)) ;
#114=DIRECTION('Axis2P3D Direction',(0.,0.,1.)) ;
#121=DIRECTION('Axis2P3D Direction',(0.,0.,1.)) ;
#128=DIRECTION('Axis2P3D Direction',(0.,0.,1.)) ;
#135=DIRECTION('Vector Direction',(0.,0.,1.)) ;
#149=DIRECTION('Axis2P3D Direction',(0.,0.,1.)) ;
#154=DIRECTION('Axis2P3D Direction',(0.,0.,1.)) ;
#166=DIRECTION('Axis2P3D Direction',(0.,0.,1.)) ;
#167=DIRECTION('Axis2P3D XDirection',(0.87758256189,0.479425538604,0.)) ;
#171=DIRECTION('Axis2P3D Direction',(0.,0.,1.)) ;
#180=DIRECTION('Vector Direction',(0.,0.,1.)) ;
#187=DIRECTION('Axis2P3D Direction',(0.,0.,1.)) ;
#194=DIRECTION('Vector Direction',(0.,0.,1.)) ;
#206=DIRECTION('Axis2P3D Direction',(0.,-1.,0.)) ;
#207=DIRECTION('Axis2P3D XDirection',(1.,0.,0.)) ;
#211=DIRECTION('Vector Direction',(1.,0.,0.)) ;
#218=DIRECTION('Vector Direction',(0.,0.,1.)) ;
#247=DIRECTION('Vector Direction',(1.,0.,0.)) ;
#283=DIRECTION('Axis2P3D Direction',(0.,0.,1.)) ;
#284=DIRECTION('Axis2P3D XDirection',(0.87758256189,0.479425538604,0.)) ;
#288=DIRECTION('Axis2P3D Direction',(0.,0.,1.)) ;
#295=DIRECTION('Vector Direction',(0.,0.,1.)) ;
#302=DIRECTION('Axis2P3D Direction',(0.,0.,1.)) ;
#314=DIRECTION('Axis2P3D Direction',(0.,0.,1.)) ;
#321=DIRECTION('Axis2P3D Direction',(0.,0.,1.)) ;
#328=DIRECTION('Vector Direction',(0.,0.,1.)) ;
#340=DIRECTION('Vector Direction',(0.,0.,1.)) ;
#349=DIRECTION('Axis2P3D Direction',(0.,0.,1.)) ;
#356=DIRECTION('Vector Direction',(0.,0.,1.)) ;
#363=DIRECTION('Axis2P3D Direction',(0.,0.,1.)) ;
#375=DIRECTION('Axis2P3D Direction',(0.,0.,1.)) ;
#384=DIRECTION('Vector Direction',(0.,0.,1.)) ;
#391=DIRECTION('Axis2P3D Direction',(0.,0.,1.)) ;
#398=DIRECTION('Vector Direction',(0.,0.,1.)) ;
#410=DIRECTION('Axis2P3D Direction',(0.,0.,1.)) ;
#419=DIRECTION('Vector Direction',(0.,0.,1.)) ;
#426=DIRECTION('Axis2P3D Direction',(0.,0.,1.)) ;
#433=DIRECTION('Vector Direction',(0.,0.,1.)) ;
#445=DIRECTION('Axis2P3D Direction',(0.,0.,1.)) ;
#454=DIRECTION('Vector Direction',(0.,0.,1.)) ;
#461=DIRECTION('Axis2P3D Direction',(0.,0.,1.)) ;
#468=DIRECTION('Vector Direction',(0.,0.,1.)) ;
#480=DIRECTION('Axis2P3D Direction',(0.,1.,0.)) ;
#481=DIRECTION('Axis2P3D XDirection',(0.,0.,1.)) ;
#485=DIRECTION('Vector Direction',(0.,0.,-1.)) ;
#494=DIRECTION('Vector Direction',(1.,0.,0.)) ;
#501=DIRECTION('Vector Direction',(1.18423789293E-014,0.,-1.)) ;
#508=DIRECTION('Vector Direction',(1.,0.,0.)) ;
#520=DIRECTION('Axis2P3D Direction',(0.,0.,1.)) ;
#521=DIRECTION('Axis2P3D XDirection',(1.,0.,0.)) ;
#525=DIRECTION('Vector Direction',(0.,-1.,0.)) ;
#532=DIRECTION('Vector Direction',(-0.866025403784,-0.5,0.)) ;
#539=DIRECTION('Axis2P3D Direction',(0.,0.,1.)) ;
#546=DIRECTION('Vector Direction',(1.,0.,0.)) ;
#553=DIRECTION('Axis2P3D Direction',(0.,0.,1.)) ;
#560=DIRECTION('Axis2P3D Direction',(0.,0.,1.)) ;
#567=DIRECTION('Axis2P3D Direction',(0.,0.,1.)) ;
#574=DIRECTION('Axis2P3D Direction',(0.,0.,1.)) ;
#591=DIRECTION('Axis2P3D Direction',(0.,0.,1.)) ;
#592=DIRECTION('Axis2P3D XDirection',(0.87758256189,0.479425538604,0.)) ;
#617=DIRECTION('Vector Direction',(0.,-1.,0.)) ;
#626=DIRECTION('Axis2P3D Direction',(0.,0.,1.)) ;
#633=DIRECTION('Vector Direction',(1.,0.,0.)) ;
#667=DIRECTION('Axis2P3D Direction',(0.,0.,1.)) ;
#668=DIRECTION('Axis2P3D XDirection',(1.,0.,0.)) ;
#676=DIRECTION('Axis2P3D Direction',(0.,0.,1.)) ;
#685=DIRECTION('Axis2P3D Direction',(0.,0.,1.)) ;
#695=DIRECTION('Axis2P3D Direction',(0.,0.,1.)) ;
#717=DIRECTION('Axis2P3D Direction',(0.,0.,1.)) ;
#718=DIRECTION('Axis2P3D XDirection',(0.87758256189,0.479425538604,0.)) ;
#722=DIRECTION('Axis2P3D Direction',(0.479425538604,-0.87758256189,0.)) ;
#729=DIRECTION('Axis2P3D Direction',(0.,0.,1.)) ;
#736=DIRECTION('Axis2P3D Direction',(0.,0.,1.)) ;
#749=DIRECTION('Axis2P3D Direction',(0.,0.,1.)) ;
#794=DIRECTION('Vector Direction',(-2.52944578959E-016,-1.,0.)) ;
#803=DIRECTION('Vector Direction',(1.,0.,0.)) ;
#810=DIRECTION('Axis2P3D Direction',(0.,0.,1.)) ;
#843=DIRECTION('Axis2P3D Direction',(0.,0.,1.)) ;
#844=DIRECTION('Axis2P3D XDirection',(-1.,0.,0.)) ;
#848=DIRECTION('Vector Direction',(0.,-1.,0.)) ;
#857=DIRECTION('Vector Direction',(-1.,0.,0.)) ;
#864=DIRECTION('Vector Direction',(0.,-1.,0.)) ;
#871=DIRECTION('Vector Direction',(-1.,0.,0.)) ;
#883=DIRECTION('Axis2P3D Direction',(-1.,-0.,-0.)) ;
#884=DIRECTION('Axis2P3D XDirection',(0.,0.,-1.)) ;
#888=DIRECTION('Axis2P3D Direction',(-1.,-0.,-0.)) ;
#898=DIRECTION('Axis2P3D Direction',(-0.5,0.866025403784,0.)) ;
#899=DIRECTION('Axis2P3D XDirection',(-0.866025403784,-0.5,0.)) ;
#919=DIRECTION('Vector Direction',(0.,0.,1.)) ;
#931=DIRECTION('Axis2P3D Direction',(0.,0.,1.)) ;
#932=DIRECTION('Axis2P3D XDirection',(1.,0.,0.)) ;
#946=DIRECTION('Axis2P3D Direction',(0.,0.,1.)) ;
#953=DIRECTION('Vector Direction',(0.,0.,1.)) ;
#958=DIRECTION('Vector Direction',(0.,0.,1.)) ;
#965=DIRECTION('Axis2P3D Direction',(0.,0.,1.)) ;
#972=DIRECTION('Vector Direction',(0.,0.,1.)) ;
#979=DIRECTION('Axis2P3D Direction',(0.,0.,1.)) ;
#986=DIRECTION('Vector Direction',(0.,0.,1.)) ;
#993=DIRECTION('Axis2P3D Direction',(0.,0.,1.)) ;
#1000=DIRECTION('Vector Direction',(0.,0.,1.)) ;
#1007=DIRECTION('Axis2P3D Direction',(0.,0.,1.)) ;
#1014=DIRECTION('Vector Direction',(0.,0.,1.)) ;
#1044=DIRECTION('Axis2P3D Direction',(0.,0.,1.)) ;
#1051=DIRECTION('Vector Direction',(0.,0.,1.)) ;
#1058=DIRECTION('Axis2P3D Direction',(0.,0.,1.)) ;
#1065=DIRECTION('Vector Direction',(0.,0.,1.)) ;
#1078=DIRECTION('Vector Direction',(0.,0.,1.)) ;
#1087=DIRECTION('Axis2P3D Direction',(0.,0.,1.)) ;
#1092=DIRECTION('Axis2P3D Direction',(0.,0.,1.)) ;
#1097=DIRECTION('Axis2P3D Direction',(0.,0.,1.)) ;
#1104=DIRECTION('Vector Direction',(0.,0.,1.)) ;
#1119=DIRECTION('Axis2P3D Direction',(0.,0.,1.)) ;
#1124=DIRECTION('Axis2P3D Direction',(0.,0.,1.)) ;
#1129=DIRECTION('Axis2P3D Direction',(0.,0.,1.)) ;
#1161=DIRECTION('Axis2P3D Direction',(0.,0.,1.)) ;
#1168=DIRECTION('Vector Direction',(0.,0.,1.)) ;
#1175=DIRECTION('Axis2P3D Direction',(0.,0.,1.)) ;
#1182=DIRECTION('Vector Direction',(0.,0.,1.)) ;
#1195=DIRECTION('Axis2P3D Direction',(0.0616284167162,0.704416026403,-0.707106781187)) ;
#1196=DIRECTION('Axis2P3D XDirection',(0.996194698092,-0.0871557427477,0.)) ;
#1210=DIRECTION('Vector Direction',(0.996194698092,-0.0871557427477,0.)) ;
#1215=DIRECTION('Vector Direction',(0.996194698092,-0.0871557427477,0.)) ;
#1227=DIRECTION('Axis2P3D Direction',(0.,0.,1.)) ;
#1228=DIRECTION('Axis2P3D XDirection',(1.,0.,0.)) ;
#1232=DIRECTION('Axis2P3D Direction',(0.,0.,1.)) ;
#1245=DIRECTION('Vector Direction',(1.,0.,0.)) ;
#1252=DIRECTION('Axis2P3D Direction',(0.,0.,1.)) ;
#1259=DIRECTION('Vector Direction',(-1.,0.,0.)) ;
#1272=DIRECTION('Axis2P3D Direction',(-0.,-1.,-0.)) ;
#1273=DIRECTION('Axis2P3D XDirection',(-1.,0.,0.)) ;
#1277=DIRECTION('Vector Direction',(0.,0.,1.)) ;
#1299=DIRECTION('Axis2P3D Direction',(-0.,-0.,-1.)) ;
#1300=DIRECTION('Axis2P3D XDirection',(0.479425538604,-0.87758256189,0.)) ;
#1312=DIRECTION('Axis2P3D Direction',(0.,0.,-1.)) ;
#1325=DIRECTION('Axis2P3D Direction',(0.0871557427477,0.996194698092,0.)) ;
#1326=DIRECTION('Axis2P3D XDirection',(0.996194698092,-0.0871557427477,0.)) ;
#1340=DIRECTION('Vector Direction',(0.,0.,1.)) ;
#1352=DIRECTION('Axis2P3D Direction',(-0.707106781187,0.,-0.707106781187)) ;
#1353=DIRECTION('Axis2P3D XDirection',(0.,1.,0.)) ;
#1367=DIRECTION('Vector Direction',(0.,1.,0.)) ;
#1372=DIRECTION('Vector Direction',(0.,1.,0.)) ;
#1384=DIRECTION('Axis2P3D Direction',(0.,0.,1.)) ;
#1391=DIRECTION('Vector Direction',(0.,1.,0.)) ;
#1403=DIRECTION('Axis2P3D Direction',(-1.,0.,0.)) ;
#1404=DIRECTION('Axis2P3D XDirection',(0.,1.,0.)) ;
#1408=DIRECTION('Vector Direction',(0.,0.,1.)) ;
#1430=DIRECTION('Axis2P3D Direction',(0.,0.,-1.)) ;
#1450=DIRECTION('Axis2P3D Direction',(-1.,0.,0.)) ;
#1451=DIRECTION('Axis2P3D XDirection',(0.,1.,0.)) ;
#1455=DIRECTION('Vector Direction',(0.,0.,1.)) ;
#1467=DIRECTION('Vector Direction',(1.,0.,0.)) ;
#1474=DIRECTION('Vector Direction',(0.,0.,1.)) ;
#1486=DIRECTION('Axis2P3D Direction',(-0.,0.707106781187,0.707106781187)) ;
#1487=DIRECTION('Axis2P3D XDirection',(1.,0.,0.)) ;
#1504=DIRECTION('Axis2P3D Direction',(0.707106781187,0.,-0.707106781187)) ;
#1505=DIRECTION('Axis2P3D XDirection',(0.,-1.,0.)) ;
#1519=DIRECTION('Vector Direction',(0.,-1.,0.)) ;
#1524=DIRECTION('Vector Direction',(0.,-1.,0.)) ;
#1536=DIRECTION('Axis2P3D Direction',(0.,0.,1.)) ;
#1543=DIRECTION('Vector Direction',(0.0871557427477,-0.996194698092,0.)) ;
#1555=DIRECTION('Axis2P3D Direction',(0.996194698092,0.0871557427477,0.)) ;
#1556=DIRECTION('Axis2P3D XDirection',(0.0871557427477,-0.996194698092,0.)) ;
#1560=DIRECTION('Vector Direction',(0.,0.,1.)) ;
#1582=DIRECTION('Axis2P3D Direction',(0.,0.,-1.)) ;
#1602=DIRECTION('Axis2P3D Direction',(1.,0.,0.)) ;
#1603=DIRECTION('Axis2P3D XDirection',(0.,-1.,0.)) ;
#1607=DIRECTION('Vector Direction',(0.,0.,1.)) ;
#1619=DIRECTION('Axis2P3D Direction',(0.,0.,1.)) ;
#1620=DIRECTION('Axis2P3D XDirection',(0.479425538604,-0.87758256189,0.)) ;
#1632=DIRECTION('Axis2P3D Direction',(0.21737349415,-0.976088502156,0.)) ;
#1633=DIRECTION('Axis2P3D XDirection',(0.976088502156,0.21737349415,0.)) ;
#1637=DIRECTION('Vector Direction',(0.976088502156,0.21737349415,0.)) ;
#1646=DIRECTION('Vector Direction',(0.,0.,1.)) ;
#1653=DIRECTION('Vector Direction',(0.976088502156,0.21737349415,0.)) ;
#1660=DIRECTION('Vector Direction',(0.,0.,1.)) ;
#1672=DIRECTION('Axis2P3D Direction',(0.,0.,1.)) ;
#1673=DIRECTION('Axis2P3D XDirection',(1.,0.,0.)) ;
#1677=DIRECTION('Axis2P3D Direction',(0.,0.,1.)) ;
#1684=DIRECTION('Vector Direction',(0.,0.,1.)) ;
#1691=DIRECTION('Axis2P3D Direction',(0.,0.,1.)) ;
#1703=DIRECTION('Axis2P3D Direction',(-0.947465051811,-0.319859305942,0.)) ;
#1704=DIRECTION('Axis2P3D XDirection',(0.319859305942,-0.947465051811,0.)) ;
#1708=DIRECTION('Vector Direction',(0.319859305942,-0.947465051811,0.)) ;
#1715=DIRECTION('Vector Direction',(0.,0.,1.)) ;
#1722=DIRECTION('Vector Direction',(0.319859305942,-0.947465051811,0.)) ;
#1734=DIRECTION('Axis2P3D Direction',(0.,0.,1.)) ;
#1735=DIRECTION('Axis2P3D XDirection',(1.,0.,0.)) ;
#1739=DIRECTION('Axis2P3D Direction',(0.,0.,1.)) ;
#1746=DIRECTION('Vector Direction',(0.,0.,1.)) ;
#1753=DIRECTION('Axis2P3D Direction',(0.,0.,1.)) ;
#1765=DIRECTION('Axis2P3D Direction',(0.,-1.,0.)) ;
#1766=DIRECTION('Axis2P3D XDirection',(1.,0.,0.)) ;
#1770=DIRECTION('Vector Direction',(-1.,0.,0.)) ;
#1777=DIRECTION('Vector Direction',(-1.,0.,0.)) ;
#1784=DIRECTION('Vector Direction',(0.,0.,1.)) ;
#1796=DIRECTION('Axis2P3D Direction',(0.,0.,1.)) ;
#1797=DIRECTION('Axis2P3D XDirection',(-0.966914137228,0.255102040816,0.)) ;
#1801=DIRECTION('Axis2P3D Direction',(0.,0.,1.)) ;
#1806=DIRECTION('Axis2P3D Direction',(0.,0.,1.)) ;
#1818=DIRECTION('Axis2P3D Direction',(0.21737349415,-0.976088502156,0.)) ;
#1819=DIRECTION('Axis2P3D XDirection',(0.976088502156,0.21737349415,0.)) ;
#1823=DIRECTION('Vector Direction',(0.,0.,1.)) ;
#1832=DIRECTION('Vector Direction',(0.976088502156,0.21737349415,0.)) ;
#1839=DIRECTION('Vector Direction',(0.,0.,1.)) ;
#1846=DIRECTION('Vector Direction',(0.976088502156,0.21737349415,0.)) ;
#1858=DIRECTION('Axis2P3D Direction',(0.,0.,1.)) ;
#1865=DIRECTION('Vector Direction',(0.,0.,1.)) ;
#1872=DIRECTION('Axis2P3D Direction',(0.,0.,1.)) ;
#1884=DIRECTION('Axis2P3D Direction',(1.,0.,0.)) ;
#1885=DIRECTION('Axis2P3D XDirection',(0.,1.,0.)) ;
#1889=DIRECTION('Vector Direction',(0.,1.,0.)) ;
#1896=DIRECTION('Vector Direction',(0.,0.,1.)) ;
#1903=DIRECTION('Vector Direction',(0.,1.,0.)) ;
#1915=DIRECTION('Axis2P3D Direction',(0.,0.,1.)) ;
#1922=DIRECTION('Vector Direction',(0.,0.,1.)) ;
#1929=DIRECTION('Axis2P3D Direction',(0.,0.,1.)) ;
#1941=DIRECTION('Axis2P3D Direction',(0.,-1.,0.)) ;
#1942=DIRECTION('Axis2P3D XDirection',(1.,0.,0.)) ;
#1946=DIRECTION('Vector Direction',(0.,0.,1.)) ;
#1955=DIRECTION('Vector Direction',(1.,0.,0.)) ;
#1960=DIRECTION('Vector Direction',(1.,0.,0.)) ;
#1972=DIRECTION('Axis2P3D Direction',(0.,0.,1.)) ;
#1973=DIRECTION('Axis2P3D XDirection',(0.966914137228,-0.255102040816,0.)) ;
#1977=DIRECTION('Axis2P3D Direction',(0.,0.,1.)) ;
#1982=DIRECTION('Axis2P3D Direction',(0.,0.,1.)) ;
#1994=DIRECTION('Axis2P3D Direction',(0.,0.,1.)) ;
#1995=DIRECTION('Axis2P3D XDirection',(1.,0.,0.)) ;
#1999=DIRECTION('Axis2P3D Direction',(0.,0.,1.)) ;
#2008=DIRECTION('Vector Direction',(0.,0.,1.)) ;
#2015=DIRECTION('Axis2P3D Direction',(0.,0.,1.)) ;
#2022=DIRECTION('Vector Direction',(0.,0.,1.)) ;
#2034=DIRECTION('Axis2P3D Direction',(0.,0.,1.)) ;
#2041=DIRECTION('Axis2P3D Direction',(0.,0.,1.)) ;
#2048=DIRECTION('Vector Direction',(0.,0.,1.)) ;
#2060=DIRECTION('Axis2P3D Direction',(0.,0.,1.)) ;
#2067=DIRECTION('Axis2P3D Direction',(0.,0.,1.)) ;
#2074=DIRECTION('Vector Direction',(0.,0.,1.)) ;
#2086=DIRECTION('Vector Direction',(0.976088502156,0.21737349415,0.)) ;
#2093=DIRECTION('Vector Direction',(0.,0.,1.)) ;
#2100=DIRECTION('Vector Direction',(0.976088502156,0.21737349415,0.)) ;
#2112=DIRECTION('Axis2P3D Direction',(0.,0.,1.)) ;
#2119=DIRECTION('Axis2P3D Direction',(0.,0.,1.)) ;
#2126=DIRECTION('Vector Direction',(0.,0.,1.)) ;
#2138=DIRECTION('Vector Direction',(-1.,0.,0.)) ;
#2145=DIRECTION('Vector Direction',(0.,0.,1.)) ;
#2152=DIRECTION('Vector Direction',(-1.,0.,0.)) ;
#2164=DIRECTION('Axis2P3D Direction',(0.,0.,1.)) ;
#2171=DIRECTION('Axis2P3D Direction',(0.,0.,1.)) ;
#2178=DIRECTION('Vector Direction',(0.,0.,1.)) ;
#2190=DIRECTION('Axis2P3D Direction',(1.,0.,0.)) ;
#2191=DIRECTION('Axis2P3D XDirection',(0.,1.,0.)) ;
#2195=DIRECTION('Vector Direction',(0.,1.,0.)) ;
#2202=DIRECTION('Vector Direction',(0.,0.,1.)) ;
#2209=DIRECTION('Vector Direction',(0.,1.,0.)) ;
#2221=DIRECTION('Axis2P3D Direction',(0.,0.,1.)) ;
#2226=DIRECTION('Axis2P3D Direction',(0.,0.,1.)) ;
#2238=DIRECTION('Vector Direction',(0.976088502156,0.21737349415,0.)) ;
#2247=DIRECTION('Vector Direction',(0.,0.,1.)) ;
#2254=DIRECTION('Vector Direction',(0.976088502156,0.21737349415,0.)) ;
#2261=DIRECTION('Vector Direction',(0.,0.,1.)) ;
#2273=DIRECTION('Axis2P3D Direction',(0.,0.,1.)) ;
#2280=DIRECTION('Axis2P3D Direction',(0.,0.,1.)) ;
#2287=DIRECTION('Vector Direction',(0.,0.,1.)) ;
#2299=DIRECTION('Vector Direction',(1.,0.,0.)) ;
#2306=DIRECTION('Vector Direction',(0.,0.,1.)) ;
#2313=DIRECTION('Vector Direction',(1.,0.,0.)) ;
#2325=DIRECTION('Axis2P3D Direction',(0.,0.,1.)) ;
#2332=DIRECTION('Vector Direction',(0.,0.,1.)) ;
#2339=DIRECTION('Axis2P3D Direction',(0.,0.,1.)) ;
#2351=DIRECTION('Axis2P3D Direction',(-0.947465051811,-0.319859305942,0.)) ;
#2352=DIRECTION('Axis2P3D XDirection',(0.319859305942,-0.947465051811,0.)) ;
#2356=DIRECTION('Vector Direction',(0.319859305942,-0.947465051811,0.)) ;
#2363=DIRECTION('Vector Direction',(0.,0.,1.)) ;
#2370=DIRECTION('Vector Direction',(0.319859305942,-0.947465051811,0.)) ;
#2382=DIRECTION('Axis2P3D Direction',(0.,0.,1.)) ;
#2387=DIRECTION('Axis2P3D Direction',(0.,0.,1.)) ;
#2399=DIRECTION('Axis2P3D Direction',(0.319859305942,-0.947465051811,0.)) ;
#2400=DIRECTION('Axis2P3D XDirection',(0.947465051811,0.319859305942,0.)) ;
#2404=DIRECTION('Vector Direction',(0.,0.,1.)) ;
#2413=DIRECTION('Vector Direction',(0.947465051811,0.319859305942,0.)) ;
#2420=DIRECTION('Vector Direction',(0.,0.,1.)) ;
#2427=DIRECTION('Vector Direction',(0.947465051811,0.319859305942,0.)) ;
#2439=DIRECTION('Axis2P3D Direction',(-0.947465051811,-0.319859305942,0.)) ;
#2440=DIRECTION('Axis2P3D XDirection',(0.319859305942,-0.947465051811,0.)) ;
#2444=DIRECTION('Vector Direction',(0.319859305942,-0.947465051811,0.)) ;
#2451=DIRECTION('Vector Direction',(0.,0.,1.)) ;
#2458=DIRECTION('Vector Direction',(0.319859305942,-0.947465051811,0.)) ;
#2470=DIRECTION('Axis2P3D Direction',(0.,0.,1.)) ;
#2477=DIRECTION('Axis2P3D Direction',(0.,0.,1.)) ;
#2484=DIRECTION('Vector Direction',(0.,0.,1.)) ;
#2496=DIRECTION('Axis2P3D Direction',(0.947465051811,0.319859305942,-0.)) ;
#2497=DIRECTION('Axis2P3D XDirection',(-0.319859305942,0.947465051811,0.)) ;
#2501=DIRECTION('Vector Direction',(-0.319859305942,0.947465051811,0.)) ;
#2506=DIRECTION('Vector Direction',(-0.319859305942,0.947465051811,0.)) ;
#2580=DIRECTION('Axis2P3D Direction',(0.,0.,1.)) ;
#2587=DIRECTION('Axis2P3D Direction',(0.,0.,1.)) ;
#2594=DIRECTION('Vector Direction',(0.,0.,1.)) ;
#2609=DIRECTION('Axis2P3D Direction',(0.0871557427477,-0.996194698092,0.)) ;
#2610=DIRECTION('Axis2P3D XDirection',(-0.996194698092,-0.0871557427477,-0.)) ;
#2614=DIRECTION('Vector Direction',(0.996194698092,0.0871557427477,0.)) ;
#2634=DIRECTION('Axis2P3D Direction',(0.,0.,1.)) ;
#2635=DIRECTION('Axis2P3D XDirection',(1.,0.,0.)) ;
#2654=DIRECTION('Axis2P3D Direction',(1.,0.,0.)) ;
#2655=DIRECTION('Axis2P3D XDirection',(0.,1.,0.)) ;
#2659=DIRECTION('Axis2P3D Direction',(1.,0.,0.)) ;
#2666=DIRECTION('Vector Direction',(0.,-1.,0.)) ;
#2673=DIRECTION('Vector Direction',(0.,0.172799478008,-0.984957024646)) ;
#2680=DIRECTION('Axis2P3D Direction',(1.,0.,0.)) ;
#2687=DIRECTION('Vector Direction',(0.,1.,0.)) ;
#2694=DIRECTION('Axis2P3D Direction',(1.,0.,0.)) ;
#2701=DIRECTION('Vector Direction',(0.,0.629198228668,0.777244870707)) ;
#2720=DIRECTION('Axis2P3D Direction',(1.,0.,-0.)) ;
#2721=DIRECTION('Axis2P3D XDirection',(0.,-0.999754073753,0.0221763841515)) ;
#2725=DIRECTION('Axis2P3D Direction',(0.,-0.172799478008,0.984957024646)) ;
#2732=DIRECTION('Axis2P3D Direction',(1.,0.,-0.)) ;
#2739=DIRECTION('Axis2P3D Direction',(0.,-1.,-3.66373598126E-015)) ;
#2751=DIRECTION('Axis2P3D Direction',(0.,1.,0.)) ;
#2752=DIRECTION('Axis2P3D XDirection',(1.,-0.,1.83697019872E-016)) ;
#2756=DIRECTION('Vector Direction',(0.,1.,0.)) ;
#2763=DIRECTION('Axis2P3D Direction',(0.,1.,0.)) ;
#2775=DIRECTION('Axis2P3D Direction',(1.,0.,-0.)) ;
#2776=DIRECTION('Axis2P3D XDirection',(0.,-0.44219031139,-0.896921249895)) ;
#2780=DIRECTION('Axis2P3D Direction',(1.,0.,-0.)) ;
#2787=DIRECTION('Axis2P3D Direction',(0.,-0.629198228668,-0.777244870707)) ;
#2799=DIRECTION('Axis2P3D Direction',(0.,0.629198228668,0.777244870707)) ;
#2800=DIRECTION('Axis2P3D XDirection',(1.,-2.21377392941E-015,1.79210270476E-015)) ;
#2804=DIRECTION('Vector Direction',(0.,0.629198228668,0.777244870707)) ;
#2826=DIRECTION('Axis2P3D Direction',(0.,0.172799478008,-0.984957024646)) ;
#2827=DIRECTION('Axis2P3D XDirection',(1.,1.8093367013E-016,3.17427491455E-017)) ;
#2831=DIRECTION('Vector Direction',(0.,0.172799478008,-0.984957024646)) ;
#2852=DIRECTION('Axis2P3D Direction',(1.,0.,0.)) ;
#2853=DIRECTION('Axis2P3D XDirection',(0.,1.,0.)) ;
#2857=DIRECTION('Vector Direction',(0.,-0.629198228668,-0.777244870707)) ;
#2866=DIRECTION('Axis2P3D Direction',(1.,0.,0.)) ;
#2873=DIRECTION('Vector Direction',(0.,-1.,0.)) ;
#2880=DIRECTION('Axis2P3D Direction',(1.,0.,0.)) ;
#2887=DIRECTION('Vector Direction',(0.,0.172799478008,-0.984957024646)) ;
#2894=DIRECTION('Vector Direction',(0.,-1.,0.)) ;
#2899=DIRECTION('Vector Direction',(0.,0.,-1.)) ;
#2906=DIRECTION('Axis2P3D Direction',(1.,0.,0.)) ;
#2925=DIRECTION('Axis2P3D Direction',(0.,0.984957024646,0.172799478008)) ;
#2926=DIRECTION('Axis2P3D XDirection',(0.,0.172799478008,-0.984957024646)) ;
#2930=DIRECTION('Vector Direction',(0.,0.172799478008,-0.984957024646)) ;
#2939=DIRECTION('Vector Direction',(-1.,0.,0.)) ;
#2944=DIRECTION('Vector Direction',(-1.,0.,0.)) ;
#2956=DIRECTION('Axis2P3D Direction',(1.,0.,0.)) ;
#2957=DIRECTION('Axis2P3D XDirection',(-0.,-0.984957024646,-0.172799478008)) ;
#2961=DIRECTION('Vector Direction',(1.,0.,0.)) ;
#2968=DIRECTION('Axis2P3D Direction',(1.,0.,0.)) ;
#2980=DIRECTION('Axis2P3D Direction',(0.,-0.,1.)) ;
#2981=DIRECTION('Axis2P3D XDirection',(0.,1.,0.)) ;
#2985=DIRECTION('Vector Direction',(0.,-1.,0.)) ;
#2992=DIRECTION('Vector Direction',(-1.,0.,0.)) ;
#3004=DIRECTION('Axis2P3D Direction',(1.,0.,0.)) ;
#3005=DIRECTION('Axis2P3D XDirection',(0.,1.59265981953E-015,-1.)) ;
#3009=DIRECTION('Vector Direction',(1.,0.,0.)) ;
#3016=DIRECTION('Axis2P3D Direction',(1.,0.,0.)) ;
#3028=DIRECTION('Axis2P3D Direction',(0.,-0.777244870707,0.629198228668)) ;
#3029=DIRECTION('Axis2P3D XDirection',(0.,0.629198228668,0.777244870707)) ;
#3033=DIRECTION('Vector Direction',(0.,-0.629198228668,-0.777244870707)) ;
#3040=DIRECTION('Vector Direction',(-1.,0.,0.)) ;
#3052=DIRECTION('Axis2P3D Direction',(1.,0.,-0.)) ;
#3053=DIRECTION('Axis2P3D XDirection',(0.,-0.786169957929,0.618010353675)) ;
#3057=DIRECTION('Axis2P3D Direction',(0.,-0.172799478008,0.984957024646)) ;
#3062=DIRECTION('Axis2P3D Direction',(0.,-1.,2.58268044923E-007)) ;
#3074=DIRECTION('Axis2P3D Direction',(0.,-1.,0.)) ;
#3075=DIRECTION('Axis2P3D XDirection',(-1.,0.,0.)) ;
#3079=DIRECTION('Axis2P3D Direction',(0.,-1.,0.)) ;
#3091=DIRECTION('Axis2P3D Direction',(1.,0.,0.)) ;
#3092=DIRECTION('Axis2P3D XDirection',(0.,-0.177115680116,-0.984190040519)) ;
#3096=DIRECTION('Axis2P3D Direction',(0.,-0.629198758177,-0.777244442057)) ;
#3108=DIRECTION('Axis2P3D Direction',(-0.,-0.629198228668,-0.777244870707)) ;
#3109=DIRECTION('Axis2P3D XDirection',(-1.,0.,0.)) ;
#3128=DIRECTION('Axis2P3D Direction',(0.,0.172799478008,-0.984957024646)) ;
#3129=DIRECTION('Axis2P3D XDirection',(1.83697019872E-016,-0.984957024646,-0.172799478008)) ;
#3147=DIRECTION('Axis2P3D Direction',(0.,0.,1.)) ;
#3148=DIRECTION('Axis2P3D XDirection',(1.,0.,0.)) ;
#3152=DIRECTION('Vector Direction',(0.,0.,1.)) ;
#3161=DIRECTION('Axis2P3D Direction',(0.,0.,1.)) ;
#3166=DIRECTION('Axis2P3D Direction',(0.,0.,1.)) ;
#3173=DIRECTION('Vector Direction',(0.,0.,1.)) ;
#3180=DIRECTION('Axis2P3D Direction',(0.,0.,1.)) ;
#3198=DIRECTION('Axis2P3D Direction',(0.,0.,1.)) ;
#3203=DIRECTION('Axis2P3D Direction',(0.,0.,1.)) ;
#3215=DIRECTION('Axis2P3D Direction',(0.,-0.,1.)) ;
#3216=DIRECTION('Axis2P3D XDirection',(-0.809016994375,0.587785252293,0.)) ;
#3220=DIRECTION('Axis2P3D Direction',(1.79921189059E-010,1.,0.)) ;
#3227=DIRECTION('Axis2P3D Direction',(0.,-0.,1.)) ;
#3234=DIRECTION('Axis2P3D Direction',(1.13964393478E-013,-1.,-0.)) ;
#3246=DIRECTION('Axis2P3D Direction',(-0.,0.,1.)) ;
#3247=DIRECTION('Axis2P3D XDirection',(1.,0.,0.)) ;
#3251=DIRECTION('Axis2P3D Direction',(-0.,0.,1.)) ;
#3263=DIRECTION('Axis2P3D Direction',(0.,0.,1.)) ;
#3264=DIRECTION('Axis2P3D XDirection',(6.12323399574E-017,1.,0.)) ;
#3286=DIRECTION('Vector Direction',(0.,0.,1.)) ;
#3558=DIRECTION('Axis2P3D Direction',(0.,0.,-1.)) ;
#3559=DIRECTION('Axis2P3D XDirection',(6.12323399574E-017,-1.,0.)) ;
#3589=DIRECTION('Vector Direction',(0.,0.,-1.)) ;
#3596=DIRECTION('Axis2P3D Direction',(0.,0.,-1.)) ;
#3603=DIRECTION('Vector Direction',(0.,0.,-1.)) ;
#3617=DIRECTION('Axis2P3D Direction',(0.,1.,0.)) ;
#3618=DIRECTION('Axis2P3D XDirection',(0.182712342636,0.,-0.983166415135)) ;
#3622=DIRECTION('Vector Direction',(0.,1.,0.)) ;
#3898=DIRECTION('Vector Direction',(0.,0.,1.)) ;
#3907=DIRECTION('Vector Direction',(-1.,0.,0.)) ;
#3912=DIRECTION('Vector Direction',(0.983166415135,0.,0.182712342636)) ;
#3927=DIRECTION('Axis2P3D Direction',(0.983166415135,0.,0.182712342636)) ;
#3928=DIRECTION('Axis2P3D XDirection',(-3.3563712836E-017,-1.,1.80604740499E-016)) ;
#3952=DIRECTION('Vector Direction',(0.983166415135,0.,0.182712342636)) ;
#3959=DIRECTION('Axis2P3D Direction',(0.983166415135,0.,0.182712342636)) ;
#3973=DIRECTION('Axis2P3D Direction',(0.,1.,-0.)) ;
#3974=DIRECTION('Axis2P3D XDirection',(-1.,0.,0.)) ;
#3978=DIRECTION('Vector Direction',(-0.983166415135,0.,-0.182712342636)) ;
#3985=DIRECTION('Vector Direction',(1.,0.,0.)) ;
#3990=DIRECTION('Vector Direction',(-1.,0.,0.)) ;
#3997=DIRECTION('Vector Direction',(0.,0.,-1.)) ;
#4012=DIRECTION('Axis2P3D Direction',(1.,0.,0.)) ;
#4013=DIRECTION('Axis2P3D XDirection',(0.,1.,0.)) ;
#4017=DIRECTION('Vector Direction',(0.,1.,0.)) ;
#4026=DIRECTION('Vector Direction',(0.,0.,1.)) ;
#4033=DIRECTION('Vector Direction',(0.,1.,0.)) ;
#4040=DIRECTION('Vector Direction',(0.,0.,-1.)) ;
#4052=DIRECTION('Axis2P3D Direction',(-0.182712342636,0.,0.983166415135)) ;
#4053=DIRECTION('Axis2P3D XDirection',(-0.983166415135,0.,-0.182712342636)) ;
#4057=DIRECTION('Vector Direction',(0.,1.,0.)) ;
#4064=DIRECTION('Vector Direction',(-0.983166415135,0.,-0.182712342636)) ;
#4078=DIRECTION('Axis2P3D Direction',(-0.983166415135,0.,-0.182712342636)) ;
#4079=DIRECTION('Axis2P3D XDirection',(0.,1.,0.)) ;
#4103=DIRECTION('Axis2P3D Direction',(-0.983166415135,0.,-0.182712342636)) ;
#4117=DIRECTION('Axis2P3D Direction',(1.,0.,0.)) ;
#4118=DIRECTION('Axis2P3D XDirection',(0.,-0.713083182118,0.701079435856)) ;
#4122=DIRECTION('Axis2P3D Direction',(0.,-5.55111512313E-017,1.)) ;
#4127=DIRECTION('Axis2P3D Direction',(0.,-1.,-1.05471187339E-015)) ;
#4138=DIRECTION('Axis2P3D Direction',(0.,1.,0.)) ;
#4139=DIRECTION('Axis2P3D XDirection',(1.,0.,2.77555756156E-017)) ;
#4143=DIRECTION('Axis2P3D Direction',(0.,1.,0.)) ;
#4155=DIRECTION('Axis2P3D Direction',(1.,-1.97215226305E-031,-3.5527136788E-015)) ;
#4156=DIRECTION('Axis2P3D XDirection',(0.,-0.713083182118,-0.701079435856)) ;
#4160=DIRECTION('Axis2P3D Direction',(-3.5527136788E-015,-3.88578058619E-016,-1.)) ;
#4171=DIRECTION('Axis2P3D Direction',(0.,0.,-1.)) ;
#4172=DIRECTION('Axis2P3D XDirection',(0.,1.,0.)) ;
#4176=DIRECTION('Axis2P3D Direction',(0.,0.,-1.)) ;
#4188=DIRECTION('Axis2P3D Direction',(0.,0.,1.)) ;
#4189=DIRECTION('Axis2P3D XDirection',(0.,-1.,0.)) ;
#4193=DIRECTION('Axis2P3D Direction',(0.,0.,1.)) ;
#4205=DIRECTION('Vector Direction',(0.,-1.,0.)) ;
#4212=DIRECTION('Vector Direction',(-0.866025403782,0.500000000004,0.)) ;
#4240=DIRECTION('Axis2P3D Direction',(0.5,0.866025403784,-0.)) ;
#4241=DIRECTION('Axis2P3D XDirection',(-0.866025403784,0.5,0.)) ;
#4274=DIRECTION('Vector Direction',(-0.736812679202,0.42539899868,-0.525492880722)) ;
#4287=DIRECTION('Axis2P3D Direction',(-1.,1.22464679915E-016,0.)) ;
#4288=DIRECTION('Axis2P3D XDirection',(-1.22464679915E-016,-1.,0.)) ;
#4292=DIRECTION('Vector Direction',(0.,-0.629198228668,0.777244870707)) ;
#4299=DIRECTION('Axis2P3D Direction',(-1.,1.22464679915E-016,0.)) ;
#4306=DIRECTION('Vector Direction',(2.41150090678E-016,1.,0.)) ;
#4313=DIRECTION('Axis2P3D Direction',(-1.,1.22464679915E-016,0.)) ;
#4320=DIRECTION('Vector Direction',(0.,0.172799478008,0.984957024646)) ;
#4327=DIRECTION('Vector Direction',(1.09400101296E-016,1.,0.)) ;
#4344=DIRECTION('Axis2P3D Direction',(-1.,0.,0.)) ;
#4345=DIRECTION('Axis2P3D XDirection',(0.,0.985766613927,-0.168119549332)) ;
#4349=DIRECTION('Axis2P3D Direction',(0.,0.172799477506,0.984957024734)) ;
#4356=DIRECTION('Axis2P3D Direction',(0.,1.,5.55111512313E-017)) ;
#4363=DIRECTION('Axis2P3D Direction',(-1.,0.,0.)) ;
#4375=DIRECTION('Axis2P3D Direction',(-0.,1.,0.)) ;
#4376=DIRECTION('Axis2P3D XDirection',(1.,0.,0.)) ;
#4380=DIRECTION('Axis2P3D Direction',(-0.,1.,0.)) ;
#4387=DIRECTION('Vector Direction',(0.,1.,0.)) ;
#4399=DIRECTION('Axis2P3D Direction',(-1.,0.,0.)) ;
#4400=DIRECTION('Axis2P3D XDirection',(0.,0.177115680116,-0.984190040519)) ;
#4404=DIRECTION('Axis2P3D Direction',(0.,0.629198228668,-0.777244870707)) ;
#4411=DIRECTION('Axis2P3D Direction',(-1.,0.,0.)) ;
#4423=DIRECTION('Axis2P3D Direction',(0.,-0.629198228668,0.777244870707)) ;
#4424=DIRECTION('Axis2P3D XDirection',(-1.07187543957E-015,-0.777244870707,-0.629198228668)) ;
#4428=DIRECTION('Vector Direction',(0.,-0.629198228668,0.777244870707)) ;
#4441=DIRECTION('Axis2P3D Direction',(-0.,0.172799478008,0.984957024646)) ;
#4442=DIRECTION('Axis2P3D XDirection',(1.,0.,0.)) ;
#4446=DIRECTION('Vector Direction',(0.,0.172799478008,0.984957024646)) ;
#4467=DIRECTION('Axis2P3D Direction',(-1.,1.22464679915E-016,0.)) ;
#4468=DIRECTION('Axis2P3D XDirection',(-1.22464679915E-016,-1.,0.)) ;
#4472=DIRECTION('Axis2P3D Direction',(-1.,1.22464679915E-016,0.)) ;
#4481=DIRECTION('Vector Direction',(0.,0.,-1.)) ;
#4486=DIRECTION('Vector Direction',(1.19783507939E-016,1.,0.)) ;
#4493=DIRECTION('Vector Direction',(0.,-0.172799478008,-0.984957024646)) ;
#4500=DIRECTION('Axis2P3D Direction',(-1.,1.22464679915E-016,0.)) ;
#4507=DIRECTION('Vector Direction',(-1.20575045339E-016,-1.,0.)) ;
#4514=DIRECTION('Axis2P3D Direction',(-1.,1.22464679915E-016,0.)) ;
#4521=DIRECTION('Vector Direction',(-1.08406657704E-016,-0.629198228668,0.777244870707)) ;
#4540=DIRECTION('Axis2P3D Direction',(-1.20622446753E-016,-0.984957024646,0.172799478008)) ;
#4541=DIRECTION('Axis2P3D XDirection',(-2.11618327637E-017,-0.172799478008,-0.984957024646)) ;
#4545=DIRECTION('Vector Direction',(0.,-0.172799478008,-0.984957024646)) ;
#4554=DIRECTION('Vector Direction',(1.,0.,0.)) ;
#4559=DIRECTION('Vector Direction',(1.,0.,0.)) ;
#4571=DIRECTION('Axis2P3D Direction',(-1.,1.22464679915E-016,0.)) ;
#4572=DIRECTION('Axis2P3D XDirection',(1.20622446753E-016,0.984957024646,-0.172799478008)) ;
#4576=DIRECTION('Vector Direction',(-1.,0.,0.)) ;
#4583=DIRECTION('Axis2P3D Direction',(-1.,1.22464679915E-016,0.)) ;
#4595=DIRECTION('Vector Direction',(0.,-1.,0.)) ;
#4602=DIRECTION('Vector Direction',(1.,0.,0.)) ;
#4614=DIRECTION('Axis2P3D Direction',(-1.,1.22464679915E-016,0.)) ;
#4615=DIRECTION('Axis2P3D XDirection',(-1.95044575012E-031,-1.59265981953E-015,-1.)) ;
#4619=DIRECTION('Vector Direction',(-1.,0.,0.)) ;
#4626=DIRECTION('Axis2P3D Direction',(-1.,1.22464679915E-016,0.)) ;
#4638=DIRECTION('Axis2P3D Direction',(9.51850443066E-017,0.777244870707,0.629198228668)) ;
#4639=DIRECTION('Axis2P3D XDirection',(-7.70545596767E-017,-0.629198228668,0.777244870707)) ;
#4643=DIRECTION('Vector Direction',(-5.73723900926E-017,-0.629198228668,0.777244870707)) ;
#4650=DIRECTION('Vector Direction',(1.,0.,0.)) ;
#4663=DIRECTION('Axis2P3D Direction',(-1.,0.,0.)) ;
#4664=DIRECTION('Axis2P3D XDirection',(0.,0.999999068544,-0.00136488490434)) ;
#4668=DIRECTION('Axis2P3D Direction',(0.,0.172799478008,0.984957024646)) ;
#4673=DIRECTION('Axis2P3D Direction',(0.,1.,-2.38697950294E-015)) ;
#4685=DIRECTION('Axis2P3D Direction',(0.,-1.,0.)) ;
#4686=DIRECTION('Axis2P3D XDirection',(-1.,-0.,1.83697019872E-016)) ;
#4690=DIRECTION('Axis2P3D Direction',(0.,-1.,0.)) ;
#4702=DIRECTION('Axis2P3D Direction',(-1.,0.,0.)) ;
#4703=DIRECTION('Axis2P3D XDirection',(0.,0.44219031139,-0.896921249895)) ;
#4707=DIRECTION('Axis2P3D Direction',(0.,0.629198228668,-0.777244870707)) ;
#4719=DIRECTION('Axis2P3D Direction',(-5.53659863153E-017,-0.629198228668,0.777244870707)) ;
#4720=DIRECTION('Axis2P3D XDirection',(-1.,1.77613746978E-016,7.25489106399E-017)) ;
#4739=DIRECTION('Axis2P3D Direction',(0.,-0.172799478008,-0.984957024646)) ;
#4740=DIRECTION('Axis2P3D XDirection',(-1.,-1.8093367013E-016,3.17427491455E-017)) ;
#4758=DIRECTION('Axis2P3D Direction',(0.,0.,1.)) ;
#4759=DIRECTION('Axis2P3D XDirection',(1.,0.,0.)) ;
#4808=DIRECTION('Vector Direction',(0.976088502156,0.21737349415,0.)) ;
#4817=DIRECTION('Axis2P3D Direction',(0.,0.,1.)) ;
#4824=DIRECTION('Vector Direction',(0.976088502156,0.21737349415,0.)) ;
#4831=DIRECTION('Axis2P3D Direction',(0.,0.,1.)) ;
#4838=DIRECTION('Axis2P3D Direction',(0.,0.,1.)) ;
#4845=DIRECTION('Axis2P3D Direction',(0.,0.,1.)) ;
#4852=DIRECTION('Axis2P3D Direction',(0.,0.,1.)) ;
#4859=DIRECTION('Vector Direction',(0.976088502156,0.21737349415,0.)) ;
#4866=DIRECTION('Axis2P3D Direction',(0.,0.,1.)) ;
#4873=DIRECTION('Vector Direction',(-0.976088502156,-0.21737349415,0.)) ;
#4880=DIRECTION('Axis2P3D Direction',(0.,0.,1.)) ;
#4887=DIRECTION('Axis2P3D Direction',(0.,0.,1.)) ;
#4894=DIRECTION('Axis2P3D Direction',(0.,0.,1.)) ;
#4901=DIRECTION('Axis2P3D Direction',(0.,0.,1.)) ;
#4923=DIRECTION('Axis2P3D Direction',(0.,0.,1.)) ;
#4924=DIRECTION('Axis2P3D XDirection',(1.,0.,0.)) ;
#4928=DIRECTION('Axis2P3D Direction',(0.,0.,1.)) ;
#4937=DIRECTION('Axis2P3D Direction',(0.,0.,1.)) ;
#4947=DIRECTION('Axis2P3D Direction',(-0.976088502156,-0.21737349415,0.)) ;
#4948=DIRECTION('Axis2P3D XDirection',(0.,0.,1.)) ;
#4952=DIRECTION('Vector Direction',(-0.976088502156,-0.21737349415,0.)) ;
#4971=DIRECTION('Vector Direction',(-0.976088502156,-0.21737349415,0.)) ;
#4993=DIRECTION('Axis2P3D Direction',(-0.21737349415,0.976088502156,0.)) ;
#4994=DIRECTION('Axis2P3D XDirection',(-0.976088502156,-0.21737349415,-0.)) ;
#4998=DIRECTION('Vector Direction',(0.,0.,1.)) ;
#5007=DIRECTION('Vector Direction',(-0.976088502156,-0.21737349415,0.)) ;
#5014=DIRECTION('Vector Direction',(0.,0.,1.)) ;
#5021=DIRECTION('Vector Direction',(-0.976088502156,-0.21737349415,0.)) ;
#5033=DIRECTION('Axis2P3D Direction',(-0.976088502156,-0.21737349415,0.)) ;
#5034=DIRECTION('Axis2P3D XDirection',(0.21737349415,-0.976088502156,-1.83697019872E-016)) ;
#5069=DIRECTION('Axis2P3D Direction',(-0.21737349415,0.976088502156,0.)) ;
#5070=DIRECTION('Axis2P3D XDirection',(0.976088502156,0.21737349415,0.)) ;
#5074=DIRECTION('Vector Direction',(0.976088502156,0.21737349415,0.)) ;
#5083=DIRECTION('Vector Direction',(0.,0.,-1.)) ;
#5088=DIRECTION('Vector Direction',(0.,0.,-1.)) ;
#5100=DIRECTION('Axis2P3D Direction',(0.976088502156,0.21737349415,0.)) ;
#5101=DIRECTION('Axis2P3D XDirection',(3.99308630745E-017,-1.79304548977E-016,-1.)) ;
#5115=DIRECTION('Vector Direction',(0.976088502156,0.21737349415,0.)) ;
#5137=DIRECTION('Axis2P3D Direction',(0.21737349415,-0.976088502156,0.)) ;
#5138=DIRECTION('Axis2P3D XDirection',(0.976088502156,0.21737349415,0.)) ;
#5142=DIRECTION('Vector Direction',(0.,0.,1.)) ;
#5151=DIRECTION('Vector Direction',(0.976088502156,0.21737349415,0.)) ;
#5158=DIRECTION('Vector Direction',(0.,0.,1.)) ;
#5165=DIRECTION('Vector Direction',(0.976088502156,0.21737349415,0.)) ;
#5177=DIRECTION('Axis2P3D Direction',(0.976088502156,0.21737349415,-0.)) ;
#5178=DIRECTION('Axis2P3D XDirection',(-0.21737349415,0.976088502156,-1.83697019872E-016)) ;
#5182=DIRECTION('Vector Direction',(0.976088502156,0.21737349415,0.)) ;
#5222=DIRECTION('Axis2P3D Direction',(-0.976088502156,-0.21737349415,0.)) ;
#5223=DIRECTION('Axis2P3D XDirection',(0.21737349415,-0.976088502156,-1.83697019872E-016)) ;
#5237=DIRECTION('Vector Direction',(-0.976088502156,-0.21737349415,0.)) ;
#5259=DIRECTION('Axis2P3D Direction',(-0.21737349415,0.976088502156,0.)) ;
#5260=DIRECTION('Axis2P3D XDirection',(0.976088502156,0.21737349415,0.)) ;
#5264=DIRECTION('Vector Direction',(0.,0.,-1.)) ;
#5271=DIRECTION('Vector Direction',(0.,0.,-1.)) ;
#5278=DIRECTION('Vector Direction',(0.976088502156,0.21737349415,0.)) ;
#5290=DIRECTION('Axis2P3D Direction',(0.976088502156,0.21737349415,0.)) ;
#5291=DIRECTION('Axis2P3D XDirection',(0.21737349415,-0.976088502156,0.)) ;
#5305=DIRECTION('Vector Direction',(0.976088502156,0.21737349415,0.)) ;
#5327=DIRECTION('Axis2P3D Direction',(0.,0.,1.)) ;
#5328=DIRECTION('Axis2P3D XDirection',(-1.,5.66553889765E-016,0.)) ;
#5332=DIRECTION('Axis2P3D Direction',(0.,0.,1.)) ;
#5339=DIRECTION('Vector Direction',(0.,0.,1.)) ;
#5344=DIRECTION('Vector Direction',(0.,0.,1.)) ;
#5358=DIRECTION('Axis2P3D Direction',(0.,0.,1.)) ;
#5367=DIRECTION('Axis2P3D Direction',(0.,0.,1.)) ;
#5372=DIRECTION('Vector Direction',(0.,0.,1.)) ;
#5377=DIRECTION('Axis2P3D Direction',(0.,0.,1.)) ;
#5384=DIRECTION('Vector Direction',(0.,0.,1.)) ;
#5389=DIRECTION('Vector Direction',(0.,0.,1.)) ;
#5396=DIRECTION('Axis2P3D Direction',(0.,0.,1.)) ;
#5419=DIRECTION('Axis2P3D Direction',(0.,0.,1.)) ;
#5426=DIRECTION('Vector Direction',(0.,0.,1.)) ;
#5440=DIRECTION('Axis2P3D Direction',(0.,0.,1.)) ;
#5449=DIRECTION('Axis2P3D Direction',(0.,0.,1.)) ;
#5454=DIRECTION('Axis2P3D Direction',(0.,0.,1.)) ;
#5459=DIRECTION('Axis2P3D Direction',(0.,0.,1.)) ;
#5482=DIRECTION('Axis2P3D Direction',(0.21737349415,-0.976088502156,0.)) ;
#5483=DIRECTION('Axis2P3D XDirection',(-0.976088502156,-0.21737349415,-0.)) ;
#5487=DIRECTION('Vector Direction',(-0.976088502156,-0.21737349415,0.)) ;
#5494=DIRECTION('Vector Direction',(0.,0.,-1.)) ;
#5506=DIRECTION('Axis2P3D Direction',(-0.21737349415,0.976088502156,0.)) ;
#5507=DIRECTION('Axis2P3D XDirection',(0.976088502156,0.21737349415,0.)) ;
#5511=DIRECTION('Vector Direction',(0.976088502156,0.21737349415,0.)) ;
#5518=DIRECTION('Vector Direction',(0.,0.,-1.)) ;
#5530=DIRECTION('Axis2P3D Direction',(0.,0.,1.)) ;
#5531=DIRECTION('Axis2P3D XDirection',(1.,0.,0.)) ;
#5535=DIRECTION('Axis2P3D Direction',(0.,0.,1.)) ;
#5547=DIRECTION('Axis2P3D Direction',(0.,0.,1.)) ;
#5559=DIRECTION('Axis2P3D Direction',(0.,0.,1.)) ;
#5560=DIRECTION('Axis2P3D XDirection',(1.,0.,0.)) ;
#5564=DIRECTION('Axis2P3D Direction',(0.,0.,1.)) ;
#5573=DIRECTION('Axis2P3D Direction',(0.,0.,1.)) ;
#5578=DIRECTION('Axis2P3D Direction',(0.,0.,1.)) ;
#5585=DIRECTION('Axis2P3D Direction',(0.,0.,1.)) ;
#5603=DIRECTION('Axis2P3D Direction',(0.,0.,1.)) ;
#5610=DIRECTION('Axis2P3D Direction',(0.,0.,1.)) ;
#5617=DIRECTION('Axis2P3D Direction',(0.,0.,1.)) ;
#5634=DIRECTION('Axis2P3D Direction',(0.,0.,1.)) ;
#5635=DIRECTION('Axis2P3D XDirection',(0.9813214127,0.192375375184,0.)) ;
#5639=DIRECTION('Vector Direction',(0.,0.,1.)) ;
#5678=DIRECTION('Axis2P3D Direction',(1.,0.,0.)) ;
#5679=DIRECTION('Axis2P3D XDirection',(0.,1.,0.)) ;
#5683=DIRECTION('Axis2P3D Direction',(1.,0.,0.)) ;
#5692=DIRECTION('Vector Direction',(1.,0.,0.)) ;
#5699=DIRECTION('Axis2P3D Direction',(1.,0.,0.)) ;
#5706=DIRECTION('Vector Direction',(1.,0.,0.)) ;
#5718=DIRECTION('Axis2P3D Direction',(1.,0.,0.)) ;
#5723=DIRECTION('Axis2P3D Direction',(1.,0.,0.)) ;
#5735=DIRECTION('Axis2P3D Direction',(1.,0.,0.)) ;
#5736=DIRECTION('Axis2P3D XDirection',(0.,1.,0.)) ;
#5745=DIRECTION('Axis2P3D Direction',(0.,0.,1.)) ;
#5746=DIRECTION('Axis2P3D XDirection',(1.,0.,0.)) ;
#5756=DIRECTION('Vector Direction',(0.,1.,0.)) ;
#5765=DIRECTION('Axis2P3D Direction',(0.,0.,1.)) ;
#5772=DIRECTION('Vector Direction',(-1.,0.,0.)) ;
#5777=DIRECTION('Vector Direction',(-1.,0.,0.)) ;
#5784=DIRECTION('Axis2P3D Direction',(0.,0.,1.)) ;
#5823=DIRECTION('Vector Direction',(0.,0.,1.)) ;
#5830=DIRECTION('Vector Direction',(1.,0.,0.)) ;
#5845=DIRECTION('Axis2P3D Direction',(0.,-1.,-1.66872706821E-016)) ;
#5846=DIRECTION('Axis2P3D XDirection',(0.,1.66872706821E-016,-1.)) ;
#5850=DIRECTION('Vector Direction',(0.,2.24855296127E-016,-1.)) ;
#5857=DIRECTION('Vector Direction',(1.,0.,0.)) ;
#5872=DIRECTION('Axis2P3D Direction',(1.,0.,0.)) ;
#5873=DIRECTION('Axis2P3D XDirection',(0.,-1.,1.01064309961E-015)) ;
#5877=DIRECTION('Axis2P3D Direction',(1.,0.,0.)) ;
#5916=DIRECTION('Axis2P3D Direction',(1.,0.,0.)) ;
#5917=DIRECTION('Axis2P3D XDirection',(0.,1.,0.)) ;
#5921=DIRECTION('Vector Direction',(0.,0.,-1.)) ;
#5928=DIRECTION('Axis2P3D Direction',(1.,0.,0.)) ;
#5935=DIRECTION('Vector Direction',(0.,0.,1.)) ;
#5951=DIRECTION('Axis2P3D Direction',(1.,0.,-0.)) ;
#5952=DIRECTION('Axis2P3D XDirection',(0.,-0.833965899489,0.551815982451)) ;
#5956=DIRECTION('Axis2P3D Direction',(0.,3.50823370354E-010,1.)) ;
#5961=DIRECTION('Axis2P3D Direction',(0.,-3.81361608959E-014,-1.)) ;
#5973=DIRECTION('Axis2P3D Direction',(0.,0.,-1.)) ;
#5974=DIRECTION('Axis2P3D XDirection',(-1.,0.,0.)) ;
#5985=DIRECTION('Axis2P3D Direction',(0.,0.,1.)) ;
#5986=DIRECTION('Axis2P3D XDirection',(-1.,0.,0.)) ;
#5997=DIRECTION('Axis2P3D Direction',(0.,0.,1.)) ;
#5998=DIRECTION('Axis2P3D XDirection',(1.,0.,0.)) ;
#6006=DIRECTION('Axis2P3D Direction',(0.,0.,1.)) ;
#6015=DIRECTION('Axis2P3D Direction',(0.,0.,1.)) ;
#6025=DIRECTION('Axis2P3D Direction',(0.,0.,1.)) ;
#6026=DIRECTION('Axis2P3D XDirection',(1.,1.09753476149E-013,0.)) ;
#6030=DIRECTION('Axis2P3D Direction',(0.,0.,1.)) ;
#6039=DIRECTION('Vector Direction',(0.,0.,1.)) ;
#6044=DIRECTION('Vector Direction',(0.,0.,1.)) ;
#6056=DIRECTION('Axis2P3D Direction',(0.,0.,1.)) ;
#6068=DIRECTION('Axis2P3D Direction',(0.,0.,1.)) ;
#6069=DIRECTION('Axis2P3D XDirection',(1.,0.,0.)) ;
#6082=DIRECTION('Axis2P3D Direction',(-0.662707372112,0.,0.748878454055)) ;
#6083=DIRECTION('Axis2P3D XDirection',(0.748878454055,0.,0.662707372112)) ;
#6087=DIRECTION('Vector Direction',(0.,1.,0.)) ;
#6096=DIRECTION('Vector Direction',(0.748878454055,0.,0.662707372112)) ;
#6103=DIRECTION('Vector Direction',(0.,1.,0.)) ;
#6110=DIRECTION('Vector Direction',(0.748878454055,0.,0.662707372112)) ;
#6122=DIRECTION('Axis2P3D Direction',(-0.748878454055,0.,-0.662707372112)) ;
#6123=DIRECTION('Axis2P3D XDirection',(-0.662707372112,0.,0.748878454055)) ;
#6127=DIRECTION('Vector Direction',(-0.662707372112,0.,0.748878454055)) ;
#6134=DIRECTION('Vector Direction',(0.,1.,0.)) ;
#6141=DIRECTION('Vector Direction',(-0.662707372112,0.,0.748878454055)) ;
#6153=DIRECTION('Axis2P3D Direction',(-0.960568046444,0.,-0.278045011016)) ;
#6154=DIRECTION('Axis2P3D XDirection',(-0.278045011016,0.,0.960568046444)) ;
#6158=DIRECTION('Vector Direction',(-0.278045011016,0.,0.960568046444)) ;
#6165=DIRECTION('Vector Direction',(0.,1.,0.)) ;
#6172=DIRECTION('Vector Direction',(-0.278045011016,0.,0.960568046444)) ;
#6184=DIRECTION('Axis2P3D Direction',(-0.95799200912,0.,-0.28679489267)) ;
#6185=DIRECTION('Axis2P3D XDirection',(-0.28679489267,0.,0.95799200912)) ;
#6189=DIRECTION('Vector Direction',(0.,1.,0.)) ;
#6198=DIRECTION('Vector Direction',(-0.28679489267,0.,0.95799200912)) ;
#6205=DIRECTION('Vector Direction',(0.,1.,0.)) ;
#6212=DIRECTION('Vector Direction',(-0.28679489267,0.,0.95799200912)) ;
#6224=DIRECTION('Axis2P3D Direction',(-0.748878454055,0.,-0.662707372112)) ;
#6225=DIRECTION('Axis2P3D XDirection',(-0.662707372112,0.,0.748878454055)) ;
#6229=DIRECTION('Vector Direction',(-0.662707372112,0.,0.748878454055)) ;
#6234=DIRECTION('Vector Direction',(-0.662707372112,0.,0.748878454055)) ;
#6246=DIRECTION('Axis2P3D Direction',(0.,1.,0.)) ;
#6247=DIRECTION('Axis2P3D XDirection',(0.,0.,1.)) ;
#6251=DIRECTION('Vector Direction',(0.662402261716,0.,0.749148345572)) ;
#6260=DIRECTION('Vector Direction',(-0.749148345572,0.,0.662402261716)) ;
#6265=DIRECTION('Vector Direction',(-0.749148345572,0.,0.662402261716)) ;
#6281=DIRECTION('Axis2P3D Direction',(0.662402261716,0.,0.749148345572)) ;
#6282=DIRECTION('Axis2P3D XDirection',(-0.749148345572,1.83697019872E-016,0.662402261716)) ;
#6286=DIRECTION('Axis2P3D Direction',(0.662402261716,0.,0.749148345572)) ;
#6293=DIRECTION('Vector Direction',(0.662402261716,0.,0.749148345572)) ;
#6300=DIRECTION('Axis2P3D Direction',(0.662402261716,0.,0.749148345572)) ;
#6312=DIRECTION('Axis2P3D Direction',(0.,1.,0.)) ;
#6313=DIRECTION('Axis2P3D XDirection',(0.,0.,1.)) ;
#6317=DIRECTION('Vector Direction',(-0.749148345572,0.,0.662402261716)) ;
#6324=DIRECTION('Vector Direction',(-0.749148345572,0.,0.662402261716)) ;
#6331=DIRECTION('Vector Direction',(0.662402261716,0.,0.749148345572)) ;
#6347=DIRECTION('Axis2P3D Direction',(-0.662402261716,0.,-0.749148345572)) ;
#6348=DIRECTION('Axis2P3D XDirection',(-0.749148345572,0.,0.662402261716)) ;
#6352=DIRECTION('Axis2P3D Direction',(-0.662402261716,0.,-0.749148345572)) ;
#6365=DIRECTION('Axis2P3D Direction',(-0.662402261716,0.,-0.749148345572)) ;
#6366=DIRECTION('Axis2P3D XDirection',(-0.749148345572,0.,0.662402261716)) ;
#6370=DIRECTION('Axis2P3D Direction',(-0.662402261716,0.,-0.749148345572)) ;
#6383=DIRECTION('Axis2P3D Direction',(0.662402261716,0.,0.749148345572)) ;
#6384=DIRECTION('Axis2P3D XDirection',(1.37616318524E-016,1.,-1.21681321434E-016)) ;
#6397=DIRECTION('Axis2P3D Direction',(1.,0.,0.)) ;
#6398=DIRECTION('Axis2P3D XDirection',(0.,0.479425538604,-0.87758256189)) ;
#6402=DIRECTION('Axis2P3D Direction',(1.,0.,0.)) ;
#6411=DIRECTION('Vector Direction',(1.,0.,0.)) ;
#6418=DIRECTION('Axis2P3D Direction',(1.,0.,0.)) ;
#6425=DIRECTION('Vector Direction',(1.,0.,0.)) ;
#6437=DIRECTION('Axis2P3D Direction',(1.,0.,0.)) ;
#6442=DIRECTION('Axis2P3D Direction',(1.,0.,0.)) ;
#6454=DIRECTION('Axis2P3D Direction',(1.,0.,0.)) ;
#6455=DIRECTION('Axis2P3D XDirection',(0.,0.479425538604,-0.87758256189)) ;
#6459=DIRECTION('Axis2P3D Direction',(1.,0.,0.)) ;
#6468=DIRECTION('Vector Direction',(1.,0.,0.)) ;
#6475=DIRECTION('Axis2P3D Direction',(1.,0.,0.)) ;
#6482=DIRECTION('Vector Direction',(1.,0.,0.)) ;
#6494=DIRECTION('Axis2P3D Direction',(1.,0.,0.)) ;
#6499=DIRECTION('Axis2P3D Direction',(1.,0.,0.)) ;
#6511=DIRECTION('Axis2P3D Direction',(1.,0.,0.)) ;
#6512=DIRECTION('Axis2P3D XDirection',(0.,1.,0.)) ;
#6521=DIRECTION('Axis2P3D Direction',(1.,0.,0.)) ;
#6522=DIRECTION('Axis2P3D XDirection',(0.,1.,0.)) ;
#6535=DIRECTION('Axis2P3D Direction',(1.,0.,0.)) ;
#6536=DIRECTION('Axis2P3D XDirection',(0.,1.,0.)) ;
#6547=DIRECTION('Axis2P3D Direction',(0.,-0.,-1.)) ;
#6548=DIRECTION('Axis2P3D XDirection',(0.319859305942,-0.947465051811,0.)) ;
#6552=DIRECTION('Vector Direction',(0.319859305942,-0.947465051811,0.)) ;
#6561=DIRECTION('Vector Direction',(-0.947465051811,-0.319859305942,0.)) ;
#6568=DIRECTION('Vector Direction',(0.319859305942,-0.947465051811,0.)) ;
#6575=DIRECTION('Vector Direction',(-0.947465051811,-0.319859305942,0.)) ;
#6587=DIRECTION('Axis2P3D Direction',(-0.947465051811,-0.319859305942,0.)) ;
#6588=DIRECTION('Axis2P3D XDirection',(-1.93483365898E-016,5.73123007179E-016,1.)) ;
#6592=DIRECTION('Axis2P3D Direction',(-0.947465051811,-0.319859305942,0.)) ;
#6599=DIRECTION('Vector Direction',(-0.947465051811,-0.319859305942,0.)) ;
#6606=DIRECTION('Axis2P3D Direction',(-0.947465051811,-0.319859305942,0.)) ;
#6618=DIRECTION('Axis2P3D Direction',(0.301452141349,-0.892940625508,-0.334340613437)) ;
#6619=DIRECTION('Axis2P3D XDirection',(0.106941956562,-0.316776046633,0.942452308717)) ;
#6623=DIRECTION('Vector Direction',(0.106941956562,-0.316776046633,0.942452308717)) ;
#6630=DIRECTION('Vector Direction',(0.106941956562,-0.316776046633,0.942452308717)) ;
#6637=DIRECTION('Vector Direction',(-0.947465051811,-0.319859305942,0.)) ;
#6649=DIRECTION('Axis2P3D Direction',(-0.947465051811,-0.319859305942,0.)) ;
#6650=DIRECTION('Axis2P3D XDirection',(-0.301452141349,0.892940625508,0.334340613437)) ;
#6654=DIRECTION('Axis2P3D Direction',(-0.947465051811,-0.319859305942,0.)) ;
#6661=DIRECTION('Vector Direction',(-0.947465051811,-0.319859305942,0.)) ;
#6668=DIRECTION('Axis2P3D Direction',(-0.947465051811,-0.319859305942,0.)) ;
#6680=DIRECTION('Axis2P3D Direction',(0.319859305942,-0.947465051811,0.)) ;
#6681=DIRECTION('Axis2P3D XDirection',(0.,0.,1.)) ;
#6685=DIRECTION('Vector Direction',(0.,0.,1.)) ;
#6692=DIRECTION('Vector Direction',(0.,0.,1.)) ;
#6699=DIRECTION('Vector Direction',(-0.947465051811,-0.319859305942,0.)) ;
#6711=DIRECTION('Axis2P3D Direction',(-0.947465051811,-0.319859305942,0.)) ;
#6712=DIRECTION('Axis2P3D XDirection',(-0.319859305942,0.947465051811,-3.21624529935E-016)) ;
#6716=DIRECTION('Axis2P3D Direction',(-0.947465051811,-0.319859305942,0.)) ;
#6723=DIRECTION('Vector Direction',(-0.947465051811,-0.319859305942,0.)) ;
#6730=DIRECTION('Axis2P3D Direction',(-0.947465051811,-0.319859305942,0.)) ;
#6742=DIRECTION('Axis2P3D Direction',(0.,0.,1.)) ;
#6743=DIRECTION('Axis2P3D XDirection',(-0.319859305942,0.947465051811,0.)) ;
#6747=DIRECTION('Vector Direction',(-0.319859305942,0.947465051811,0.)) ;
#6754=DIRECTION('Vector Direction',(-0.319859305942,0.947465051811,0.)) ;
#6761=DIRECTION('Vector Direction',(-0.947465051811,-0.319859305942,0.)) ;
#6773=DIRECTION('Axis2P3D Direction',(0.319859305942,-0.947465051811,0.)) ;
#6774=DIRECTION('Axis2P3D XDirection',(0.,0.,1.)) ;
#6778=DIRECTION('Vector Direction',(0.,0.,1.)) ;
#6785=DIRECTION('Vector Direction',(-0.947465051811,-0.319859305942,0.)) ;
#6792=DIRECTION('Vector Direction',(0.,0.,1.)) ;
#6804=DIRECTION('Axis2P3D Direction',(0.,0.,1.)) ;
#6805=DIRECTION('Axis2P3D XDirection',(-0.319859305942,0.947465051811,0.)) ;
#6809=DIRECTION('Vector Direction',(-0.319859305942,0.947465051811,0.)) ;
#6816=DIRECTION('Vector Direction',(-0.947465051811,-0.319859305942,0.)) ;
#6823=DIRECTION('Vector Direction',(-0.319859305942,0.947465051811,0.)) ;
#6835=DIRECTION('Axis2P3D Direction',(-0.947465051811,-0.319859305942,0.)) ;
#6836=DIRECTION('Axis2P3D XDirection',(-0.319859305942,0.947465051811,-7.65713739785E-016)) ;
#6840=DIRECTION('Axis2P3D Direction',(-0.947465051811,-0.319859305942,0.)) ;
#6847=DIRECTION('Axis2P3D Direction',(-0.947465051811,-0.319859305942,0.)) ;
#6854=DIRECTION('Vector Direction',(-0.947465051811,-0.319859305942,0.)) ;
#6866=DIRECTION('Axis2P3D Direction',(0.319859305942,-0.947465051811,0.)) ;
#6867=DIRECTION('Axis2P3D XDirection',(0.,0.,1.)) ;
#6871=DIRECTION('Vector Direction',(0.,0.,1.)) ;
#6878=DIRECTION('Vector Direction',(-0.947465051811,-0.319859305942,0.)) ;
#6885=DIRECTION('Vector Direction',(0.,0.,1.)) ;
#6897=DIRECTION('Axis2P3D Direction',(-0.947465051811,-0.319859305942,0.)) ;
#6898=DIRECTION('Axis2P3D XDirection',(-0.301452141349,0.892940625508,0.334340613437)) ;
#6902=DIRECTION('Axis2P3D Direction',(-0.947465051811,-0.319859305942,0.)) ;
#6909=DIRECTION('Axis2P3D Direction',(-0.947465051811,-0.319859305942,0.)) ;
#6916=DIRECTION('Vector Direction',(-0.947465051811,-0.319859305942,0.)) ;
#6928=DIRECTION('Axis2P3D Direction',(0.301452141349,-0.892940625508,-0.334340613437)) ;
#6929=DIRECTION('Axis2P3D XDirection',(0.106941956562,-0.316776046633,0.942452308717)) ;
#6933=DIRECTION('Vector Direction',(0.106941956562,-0.316776046633,0.942452308717)) ;
#6940=DIRECTION('Vector Direction',(-0.947465051811,-0.319859305942,0.)) ;
#6947=DIRECTION('Vector Direction',(0.106941956562,-0.316776046633,0.942452308717)) ;
#6959=DIRECTION('Axis2P3D Direction',(-0.947465051811,-0.319859305942,0.)) ;
#6960=DIRECTION('Axis2P3D XDirection',(1.95857337599E-017,-5.80155021502E-017,1.)) ;
#6964=DIRECTION('Axis2P3D Direction',(-0.947465051811,-0.319859305942,0.)) ;
#6971=DIRECTION('Axis2P3D Direction',(-0.947465051811,-0.319859305942,0.)) ;
#6978=DIRECTION('Vector Direction',(-0.947465051811,-0.319859305942,0.)) ;
#6990=DIRECTION('Axis2P3D Direction',(0.,-0.,-1.)) ;
#6991=DIRECTION('Axis2P3D XDirection',(0.319859305942,-0.947465051811,0.)) ;
#6995=DIRECTION('Vector Direction',(0.319859305942,-0.947465051811,0.)) ;
#7002=DIRECTION('Vector Direction',(-0.947465051811,-0.319859305942,0.)) ;
#7009=DIRECTION('Vector Direction',(0.319859305942,-0.947465051811,0.)) ;
#7021=DIRECTION('Vector Direction',(0.,0.,1.)) ;
#7026=DIRECTION('Vector Direction',(0.,0.,1.)) ;
#7038=DIRECTION('Axis2P3D Direction',(-0.947465051811,-0.319859305942,0.)) ;
#7039=DIRECTION('Axis2P3D XDirection',(0.319859305942,-0.947465051811,0.)) ;
#7062=DIRECTION('Axis2P3D Direction',(-0.947465051811,-0.319859305942,0.)) ;
#7063=DIRECTION('Axis2P3D XDirection',(0.319859305942,-0.947465051811,0.)) ;
#7088=DIRECTION('Axis2P3D Direction',(-0.,1.,0.)) ;
#7089=DIRECTION('Axis2P3D XDirection',(1.,0.,0.)) ;
#7093=DIRECTION('Axis2P3D Direction',(-0.,1.,0.)) ;
#7102=DIRECTION('Axis2P3D Direction',(0.,-0.,1.)) ;
#7109=DIRECTION('Axis2P3D Direction',(-0.,1.,0.)) ;
#7116=DIRECTION('Axis2P3D Direction',(1.,0.,7.27366154732E-016)) ;
#7128=DIRECTION('Axis2P3D Direction',(0.,-0.,1.)) ;
#7133=DIRECTION('Axis2P3D Direction',(1.,0.,7.27366154732E-016)) ;
#7145=DIRECTION('Axis2P3D Direction',(-1.,0.,0.)) ;
#7146=DIRECTION('Axis2P3D XDirection',(0.,-1.,0.)) ;
#7150=DIRECTION('Vector Direction',(-1.,0.,0.)) ;
#7157=DIRECTION('Vector Direction',(-1.,0.,0.)) ;
#7164=DIRECTION('Axis2P3D Direction',(-1.,0.,0.)) ;
#7176=DIRECTION('Axis2P3D Direction',(-1.,0.,0.)) ;
#7188=DIRECTION('Axis2P3D Direction',(-1.,0.,0.)) ;
#7189=DIRECTION('Axis2P3D XDirection',(0.,-1.,0.)) ;
#7198=DIRECTION('Axis2P3D Direction',(0.,0.,1.)) ;
#7199=DIRECTION('Axis2P3D XDirection',(1.,0.,0.)) ;
#7203=DIRECTION('Axis2P3D Direction',(0.,0.,1.)) ;
#7212=DIRECTION('Axis2P3D Direction',(0.,0.,1.)) ;
#7226=DIRECTION('Axis2P3D Direction',(0.,0.,1.)) ;
#7227=DIRECTION('Axis2P3D XDirection',(1.,0.,0.)) ;
#7231=DIRECTION('Axis2P3D Direction',(0.,0.,1.)) ;
#7240=DIRECTION('Axis2P3D Direction',(0.,0.,1.)) ;
#7250=DIRECTION('Axis2P3D Direction',(0.,0.,1.)) ;
#7251=DIRECTION('Axis2P3D XDirection',(1.,1.11022302462E-013,0.)) ;
#7255=DIRECTION('Vector Direction',(0.,0.,1.)) ;
#7260=DIRECTION('Vector Direction',(0.,0.,1.)) ;
#7281=DIRECTION('Axis2P3D Direction',(0.,0.,1.)) ;
#7282=DIRECTION('Axis2P3D XDirection',(0.87758256189,0.479425538604,0.)) ;
#7286=DIRECTION('Axis2P3D Direction',(0.,0.,1.)) ;
#7295=DIRECTION('Axis2P3D Direction',(0.479425538604,-0.87758256189,0.)) ;
#7302=DIRECTION('Axis2P3D Direction',(0.,0.,1.)) ;
#7309=DIRECTION('Axis2P3D Direction',(-0.479425538604,0.87758256189,0.)) ;
#7321=DIRECTION('Axis2P3D Direction',(0.,0.,1.)) ;
#7326=DIRECTION('Axis2P3D Direction',(0.,0.,1.)) ;
#7338=DIRECTION('Axis2P3D Direction',(0.,0.,1.)) ;
#7339=DIRECTION('Axis2P3D XDirection',(0.87758256189,0.479425538604,0.)) ;
#7343=DIRECTION('Axis2P3D Direction',(0.,0.,1.)) ;
#7352=DIRECTION('Vector Direction',(0.,0.,1.)) ;
#7359=DIRECTION('Axis2P3D Direction',(0.,0.,1.)) ;
#7366=DIRECTION('Vector Direction',(0.,0.,1.)) ;
#7378=DIRECTION('Axis2P3D Direction',(0.,0.,1.)) ;
#7383=DIRECTION('Axis2P3D Direction',(0.,0.,1.)) ;
#7395=DIRECTION('Axis2P3D Direction',(0.,0.,1.)) ;
#7396=DIRECTION('Axis2P3D XDirection',(1.,0.,0.)) ;
#7409=DIRECTION('Axis2P3D Direction',(0.,0.,1.)) ;
#7410=DIRECTION('Axis2P3D XDirection',(1.,0.,0.)) ;
#48=AXIS2_PLACEMENT_3D(' ',#47,$,$) ;
#55=AXIS2_PLACEMENT_3D('Plane Axis2P3D',#52,#53,#54) ;
#95=AXIS2_PLACEMENT_3D('Cylinder Axis2P3D',#92,#93,#94) ;
#99=AXIS2_PLACEMENT_3D('Circle Axis2P3D',#97,#98,$) ;
#115=AXIS2_PLACEMENT_3D('Circle Axis2P3D',#113,#114,$) ;
#122=AXIS2_PLACEMENT_3D('Circle Axis2P3D',#120,#121,$) ;
#129=AXIS2_PLACEMENT_3D('Circle Axis2P3D',#127,#128,$) ;
#150=AXIS2_PLACEMENT_3D('Circle Axis2P3D',#148,#149,$) ;
#155=AXIS2_PLACEMENT_3D('Circle Axis2P3D',#153,#154,$) ;
#168=AXIS2_PLACEMENT_3D('Cylinder Axis2P3D',#165,#166,#167) ;
#172=AXIS2_PLACEMENT_3D('Circle Axis2P3D',#170,#171,$) ;
#188=AXIS2_PLACEMENT_3D('Circle Axis2P3D',#186,#187,$) ;
#208=AXIS2_PLACEMENT_3D('Plane Axis2P3D',#205,#206,#207) ;
#285=AXIS2_PLACEMENT_3D('Cylinder Axis2P3D',#282,#283,#284) ;
#289=AXIS2_PLACEMENT_3D('Circle Axis2P3D',#287,#288,$) ;
#303=AXIS2_PLACEMENT_3D('Circle Axis2P3D',#301,#302,$) ;
#315=AXIS2_PLACEMENT_3D('Circle Axis2P3D',#313,#314,$) ;
#322=AXIS2_PLACEMENT_3D('Circle Axis2P3D',#320,#321,$) ;
#350=AXIS2_PLACEMENT_3D('Circle Axis2P3D',#348,#349,$) ;
#364=AXIS2_PLACEMENT_3D('Circle Axis2P3D',#362,#363,$) ;
#376=AXIS2_PLACEMENT_3D('Circle Axis2P3D',#374,#375,$) ;
#392=AXIS2_PLACEMENT_3D('Circle Axis2P3D',#390,#391,$) ;
#411=AXIS2_PLACEMENT_3D('Circle Axis2P3D',#409,#410,$) ;
#427=AXIS2_PLACEMENT_3D('Circle Axis2P3D',#425,#426,$) ;
#446=AXIS2_PLACEMENT_3D('Circle Axis2P3D',#444,#445,$) ;
#462=AXIS2_PLACEMENT_3D('Circle Axis2P3D',#460,#461,$) ;
#482=AXIS2_PLACEMENT_3D('Plane Axis2P3D',#479,#480,#481) ;
#522=AXIS2_PLACEMENT_3D('Plane Axis2P3D',#519,#520,#521) ;
#540=AXIS2_PLACEMENT_3D('Circle Axis2P3D',#538,#539,$) ;
#554=AXIS2_PLACEMENT_3D('Circle Axis2P3D',#552,#553,$) ;
#561=AXIS2_PLACEMENT_3D('Circle Axis2P3D',#559,#560,$) ;
#568=AXIS2_PLACEMENT_3D('Circle Axis2P3D',#566,#567,$) ;
#575=AXIS2_PLACEMENT_3D('Circle Axis2P3D',#573,#574,$) ;
#593=AXIS2_PLACEMENT_3D('Torus Axis2P3D',#590,#591,#592) ;
#627=AXIS2_PLACEMENT_3D('Circle Axis2P3D',#625,#626,$) ;
#669=AXIS2_PLACEMENT_3D('Plane Axis2P3D',#666,#667,#668) ;
#677=AXIS2_PLACEMENT_3D('Circle Axis2P3D',#675,#676,$) ;
#686=AXIS2_PLACEMENT_3D('Circle Axis2P3D',#684,#685,$) ;
#696=AXIS2_PLACEMENT_3D('Circle Axis2P3D',#694,#695,$) ;
#719=AXIS2_PLACEMENT_3D('Torus Axis2P3D',#716,#717,#718) ;
#723=AXIS2_PLACEMENT_3D('Circle Axis2P3D',#721,#722,$) ;
#730=AXIS2_PLACEMENT_3D('Circle Axis2P3D',#728,#729,$) ;
#737=AXIS2_PLACEMENT_3D('Circle Axis2P3D',#735,#736,$) ;
#750=AXIS2_PLACEMENT_3D('Circle Axis2P3D',#748,#749,$) ;
#811=AXIS2_PLACEMENT_3D('Circle Axis2P3D',#809,#810,$) ;
#845=AXIS2_PLACEMENT_3D('Plane Axis2P3D',#842,#843,#844) ;
#885=AXIS2_PLACEMENT_3D('Plane Axis2P3D',#882,#883,#884) ;
#889=AXIS2_PLACEMENT_3D('Circle Axis2P3D',#887,#888,$) ;
#900=AXIS2_PLACEMENT_3D('Plane Axis2P3D',#897,#898,#899) ;
#933=AXIS2_PLACEMENT_3D('Cylinder Axis2P3D',#930,#931,#932) ;
#947=AXIS2_PLACEMENT_3D('Circle Axis2P3D',#945,#946,$) ;
#966=AXIS2_PLACEMENT_3D('Circle Axis2P3D',#964,#965,$) ;
#980=AXIS2_PLACEMENT_3D('Circle Axis2P3D',#978,#979,$) ;
#994=AXIS2_PLACEMENT_3D('Circle Axis2P3D',#992,#993,$) ;
#1008=AXIS2_PLACEMENT_3D('Circle Axis2P3D',#1006,#1007,$) ;
#1045=AXIS2_PLACEMENT_3D('Circle Axis2P3D',#1043,#1044,$) ;
#1059=AXIS2_PLACEMENT_3D('Circle Axis2P3D',#1057,#1058,$) ;
#1088=AXIS2_PLACEMENT_3D('Circle Axis2P3D',#1086,#1087,$) ;
#1093=AXIS2_PLACEMENT_3D('Circle Axis2P3D',#1091,#1092,$) ;
#1098=AXIS2_PLACEMENT_3D('Circle Axis2P3D',#1096,#1097,$) ;
#1120=AXIS2_PLACEMENT_3D('Circle Axis2P3D',#1118,#1119,$) ;
#1125=AXIS2_PLACEMENT_3D('Circle Axis2P3D',#1123,#1124,$) ;
#1130=AXIS2_PLACEMENT_3D('Circle Axis2P3D',#1128,#1129,$) ;
#1162=AXIS2_PLACEMENT_3D('Circle Axis2P3D',#1160,#1161,$) ;
#1176=AXIS2_PLACEMENT_3D('Circle Axis2P3D',#1174,#1175,$) ;
#1197=AXIS2_PLACEMENT_3D('Plane Axis2P3D',#1194,#1195,#1196) ;
#1229=AXIS2_PLACEMENT_3D('Plane Axis2P3D',#1226,#1227,#1228) ;
#1233=AXIS2_PLACEMENT_3D('Circle Axis2P3D',#1231,#1232,$) ;
#1253=AXIS2_PLACEMENT_3D('Circle Axis2P3D',#1251,#1252,$) ;
#1274=AXIS2_PLACEMENT_3D('Plane Axis2P3D',#1271,#1272,#1273) ;
#1301=AXIS2_PLACEMENT_3D('Cone Axis2P3D',#1298,#1299,#1300) ;
#1313=AXIS2_PLACEMENT_3D('Circle Axis2P3D',#1311,#1312,$) ;
#1327=AXIS2_PLACEMENT_3D('Plane Axis2P3D',#1324,#1325,#1326) ;
#1354=AXIS2_PLACEMENT_3D('Plane Axis2P3D',#1351,#1352,#1353) ;
#1385=AXIS2_PLACEMENT_3D('Circle Axis2P3D',#1383,#1384,$) ;
#1405=AXIS2_PLACEMENT_3D('Plane Axis2P3D',#1402,#1403,#1404) ;
#1431=AXIS2_PLACEMENT_3D('Circle Axis2P3D',#1429,#1430,$) ;
#1452=AXIS2_PLACEMENT_3D('Plane Axis2P3D',#1449,#1450,#1451) ;
#1488=AXIS2_PLACEMENT_3D('Plane Axis2P3D',#1485,#1486,#1487) ;
#1506=AXIS2_PLACEMENT_3D('Plane Axis2P3D',#1503,#1504,#1505) ;
#1537=AXIS2_PLACEMENT_3D('Circle Axis2P3D',#1535,#1536,$) ;
#1557=AXIS2_PLACEMENT_3D('Plane Axis2P3D',#1554,#1555,#1556) ;
#1583=AXIS2_PLACEMENT_3D('Circle Axis2P3D',#1581,#1582,$) ;
#1604=AXIS2_PLACEMENT_3D('Plane Axis2P3D',#1601,#1602,#1603) ;
#1621=AXIS2_PLACEMENT_3D('Cylinder Axis2P3D',#1618,#1619,#1620) ;
#1634=AXIS2_PLACEMENT_3D('Plane Axis2P3D',#1631,#1632,#1633) ;
#1674=AXIS2_PLACEMENT_3D('Cylinder Axis2P3D',#1671,#1672,#1673) ;
#1678=AXIS2_PLACEMENT_3D('Circle Axis2P3D',#1676,#1677,$) ;
#1692=AXIS2_PLACEMENT_3D('Circle Axis2P3D',#1690,#1691,$) ;
#1705=AXIS2_PLACEMENT_3D('Plane Axis2P3D',#1702,#1703,#1704) ;
#1736=AXIS2_PLACEMENT_3D('Cylinder Axis2P3D',#1733,#1734,#1735) ;
#1740=AXIS2_PLACEMENT_3D('Circle Axis2P3D',#1738,#1739,$) ;
#1754=AXIS2_PLACEMENT_3D('Circle Axis2P3D',#1752,#1753,$) ;
#1767=AXIS2_PLACEMENT_3D('Plane Axis2P3D',#1764,#1765,#1766) ;
#1798=AXIS2_PLACEMENT_3D('Cylinder Axis2P3D',#1795,#1796,#1797) ;
#1802=AXIS2_PLACEMENT_3D('Circle Axis2P3D',#1800,#1801,$) ;
#1807=AXIS2_PLACEMENT_3D('Circle Axis2P3D',#1805,#1806,$) ;
#1820=AXIS2_PLACEMENT_3D('Plane Axis2P3D',#1817,#1818,#1819) ;
#1859=AXIS2_PLACEMENT_3D('Circle Axis2P3D',#1857,#1858,$) ;
#1873=AXIS2_PLACEMENT_3D('Circle Axis2P3D',#1871,#1872,$) ;
#1886=AXIS2_PLACEMENT_3D('Plane Axis2P3D',#1883,#1884,#1885) ;
#1916=AXIS2_PLACEMENT_3D('Circle Axis2P3D',#1914,#1915,$) ;
#1930=AXIS2_PLACEMENT_3D('Circle Axis2P3D',#1928,#1929,$) ;
#1943=AXIS2_PLACEMENT_3D('Plane Axis2P3D',#1940,#1941,#1942) ;
#1974=AXIS2_PLACEMENT_3D('Cylinder Axis2P3D',#1971,#1972,#1973) ;
#1978=AXIS2_PLACEMENT_3D('Circle Axis2P3D',#1976,#1977,$) ;
#1983=AXIS2_PLACEMENT_3D('Circle Axis2P3D',#1981,#1982,$) ;
#1996=AXIS2_PLACEMENT_3D('Cylinder Axis2P3D',#1993,#1994,#1995) ;
#2000=AXIS2_PLACEMENT_3D('Circle Axis2P3D',#1998,#1999,$) ;
#2016=AXIS2_PLACEMENT_3D('Circle Axis2P3D',#2014,#2015,$) ;
#2035=AXIS2_PLACEMENT_3D('Circle Axis2P3D',#2033,#2034,$) ;
#2042=AXIS2_PLACEMENT_3D('Circle Axis2P3D',#2040,#2041,$) ;
#2061=AXIS2_PLACEMENT_3D('Circle Axis2P3D',#2059,#2060,$) ;
#2068=AXIS2_PLACEMENT_3D('Circle Axis2P3D',#2066,#2067,$) ;
#2113=AXIS2_PLACEMENT_3D('Circle Axis2P3D',#2111,#2112,$) ;
#2120=AXIS2_PLACEMENT_3D('Circle Axis2P3D',#2118,#2119,$) ;
#2165=AXIS2_PLACEMENT_3D('Circle Axis2P3D',#2163,#2164,$) ;
#2172=AXIS2_PLACEMENT_3D('Circle Axis2P3D',#2170,#2171,$) ;
#2192=AXIS2_PLACEMENT_3D('Plane Axis2P3D',#2189,#2190,#2191) ;
#2222=AXIS2_PLACEMENT_3D('Circle Axis2P3D',#2220,#2221,$) ;
#2227=AXIS2_PLACEMENT_3D('Circle Axis2P3D',#2225,#2226,$) ;
#2274=AXIS2_PLACEMENT_3D('Circle Axis2P3D',#2272,#2273,$) ;
#2281=AXIS2_PLACEMENT_3D('Circle Axis2P3D',#2279,#2280,$) ;
#2326=AXIS2_PLACEMENT_3D('Circle Axis2P3D',#2324,#2325,$) ;
#2340=AXIS2_PLACEMENT_3D('Circle Axis2P3D',#2338,#2339,$) ;
#2353=AXIS2_PLACEMENT_3D('Plane Axis2P3D',#2350,#2351,#2352) ;
#2383=AXIS2_PLACEMENT_3D('Circle Axis2P3D',#2381,#2382,$) ;
#2388=AXIS2_PLACEMENT_3D('Circle Axis2P3D',#2386,#2387,$) ;
#2401=AXIS2_PLACEMENT_3D('Plane Axis2P3D',#2398,#2399,#2400) ;
#2441=AXIS2_PLACEMENT_3D('Plane Axis2P3D',#2438,#2439,#2440) ;
#2471=AXIS2_PLACEMENT_3D('Circle Axis2P3D',#2469,#2470,$) ;
#2478=AXIS2_PLACEMENT_3D('Circle Axis2P3D',#2476,#2477,$) ;
#2498=AXIS2_PLACEMENT_3D('Plane Axis2P3D',#2495,#2496,#2497) ;
#2581=AXIS2_PLACEMENT_3D('Circle Axis2P3D',#2579,#2580,$) ;
#2588=AXIS2_PLACEMENT_3D('Circle Axis2P3D',#2586,#2587,$) ;
#2611=AXIS2_PLACEMENT_3D('Plane Axis2P3D',#2608,#2609,#2610) ;
#2636=AXIS2_PLACEMENT_3D('Plane Axis2P3D',#2633,#2634,#2635) ;
#2656=AXIS2_PLACEMENT_3D('Plane Axis2P3D',#2653,#2654,#2655) ;
#2660=AXIS2_PLACEMENT_3D('Circle Axis2P3D',#2658,#2659,$) ;
#2681=AXIS2_PLACEMENT_3D('Circle Axis2P3D',#2679,#2680,$) ;
#2695=AXIS2_PLACEMENT_3D('Circle Axis2P3D',#2693,#2694,$) ;
#2722=AXIS2_PLACEMENT_3D('Torus Axis2P3D',#2719,#2720,#2721) ;
#2726=AXIS2_PLACEMENT_3D('Circle Axis2P3D',#2724,#2725,$) ;
#2733=AXIS2_PLACEMENT_3D('Circle Axis2P3D',#2731,#2732,$) ;
#2740=AXIS2_PLACEMENT_3D('Circle Axis2P3D',#2738,#2739,$) ;
#2753=AXIS2_PLACEMENT_3D('Cylinder Axis2P3D',#2750,#2751,#2752) ;
#2764=AXIS2_PLACEMENT_3D('Circle Axis2P3D',#2762,#2763,$) ;
#2777=AXIS2_PLACEMENT_3D('Torus Axis2P3D',#2774,#2775,#2776) ;
#2781=AXIS2_PLACEMENT_3D('Circle Axis2P3D',#2779,#2780,$) ;
#2788=AXIS2_PLACEMENT_3D('Circle Axis2P3D',#2786,#2787,$) ;
#2801=AXIS2_PLACEMENT_3D('Cylinder Axis2P3D',#2798,#2799,#2800) ;
#2828=AXIS2_PLACEMENT_3D('Cylinder Axis2P3D',#2825,#2826,#2827) ;
#2854=AXIS2_PLACEMENT_3D('Plane Axis2P3D',#2851,#2852,#2853) ;
#2867=AXIS2_PLACEMENT_3D('Circle Axis2P3D',#2865,#2866,$) ;
#2881=AXIS2_PLACEMENT_3D('Circle Axis2P3D',#2879,#2880,$) ;
#2907=AXIS2_PLACEMENT_3D('Circle Axis2P3D',#2905,#2906,$) ;
#2927=AXIS2_PLACEMENT_3D('Plane Axis2P3D',#2924,#2925,#2926) ;
#2958=AXIS2_PLACEMENT_3D('Cylinder Axis2P3D',#2955,#2956,#2957) ;
#2969=AXIS2_PLACEMENT_3D('Circle Axis2P3D',#2967,#2968,$) ;
#2982=AXIS2_PLACEMENT_3D('Plane Axis2P3D',#2979,#2980,#2981) ;
#3006=AXIS2_PLACEMENT_3D('Cylinder Axis2P3D',#3003,#3004,#3005) ;
#3017=AXIS2_PLACEMENT_3D('Circle Axis2P3D',#3015,#3016,$) ;
#3030=AXIS2_PLACEMENT_3D('Plane Axis2P3D',#3027,#3028,#3029) ;
#3054=AXIS2_PLACEMENT_3D('Torus Axis2P3D',#3051,#3052,#3053) ;
#3058=AXIS2_PLACEMENT_3D('Circle Axis2P3D',#3056,#3057,$) ;
#3063=AXIS2_PLACEMENT_3D('Circle Axis2P3D',#3061,#3062,$) ;
#3076=AXIS2_PLACEMENT_3D('Cylinder Axis2P3D',#3073,#3074,#3075) ;
#3080=AXIS2_PLACEMENT_3D('Circle Axis2P3D',#3078,#3079,$) ;
#3093=AXIS2_PLACEMENT_3D('Torus Axis2P3D',#3090,#3091,#3092) ;
#3097=AXIS2_PLACEMENT_3D('Circle Axis2P3D',#3095,#3096,$) ;
#3110=AXIS2_PLACEMENT_3D('Cylinder Axis2P3D',#3107,#3108,#3109) ;
#3130=AXIS2_PLACEMENT_3D('Cylinder Axis2P3D',#3127,#3128,#3129) ;
#3149=AXIS2_PLACEMENT_3D('Cylinder Axis2P3D',#3146,#3147,#3148) ;
#3162=AXIS2_PLACEMENT_3D('Circle Axis2P3D',#3160,#3161,$) ;
#3167=AXIS2_PLACEMENT_3D('Circle Axis2P3D',#3165,#3166,$) ;
#3181=AXIS2_PLACEMENT_3D('Circle Axis2P3D',#3179,#3180,$) ;
#3199=AXIS2_PLACEMENT_3D('Circle Axis2P3D',#3197,#3198,$) ;
#3204=AXIS2_PLACEMENT_3D('Circle Axis2P3D',#3202,#3203,$) ;
#3217=AXIS2_PLACEMENT_3D('Torus Axis2P3D',#3214,#3215,#3216) ;
#3221=AXIS2_PLACEMENT_3D('Circle Axis2P3D',#3219,#3220,$) ;
#3228=AXIS2_PLACEMENT_3D('Circle Axis2P3D',#3226,#3227,$) ;
#3235=AXIS2_PLACEMENT_3D('Circle Axis2P3D',#3233,#3234,$) ;
#3248=AXIS2_PLACEMENT_3D('Torus Axis2P3D',#3245,#3246,#3247) ;
#3252=AXIS2_PLACEMENT_3D('Circle Axis2P3D',#3250,#3251,$) ;
#3265=AXIS2_PLACEMENT_3D('Cylinder Axis2P3D',#3262,#3263,#3264) ;
#3560=AXIS2_PLACEMENT_3D('Cylinder Axis2P3D',#3557,#3558,#3559) ;
#3597=AXIS2_PLACEMENT_3D('Circle Axis2P3D',#3595,#3596,$) ;
#3619=AXIS2_PLACEMENT_3D('Cylinder Axis2P3D',#3616,#3617,#3618) ;
#3929=AXIS2_PLACEMENT_3D('Cylinder Axis2P3D',#3926,#3927,#3928) ;
#3960=AXIS2_PLACEMENT_3D('Circle Axis2P3D',#3958,#3959,$) ;
#3975=AXIS2_PLACEMENT_3D('Plane Axis2P3D',#3972,#3973,#3974) ;
#4014=AXIS2_PLACEMENT_3D('Plane Axis2P3D',#4011,#4012,#4013) ;
#4054=AXIS2_PLACEMENT_3D('Plane Axis2P3D',#4051,#4052,#4053) ;
#4080=AXIS2_PLACEMENT_3D('Cylinder Axis2P3D',#4077,#4078,#4079) ;
#4104=AXIS2_PLACEMENT_3D('Circle Axis2P3D',#4102,#4103,$) ;
#4119=AXIS2_PLACEMENT_3D('Sphere Axis2P3D',#4116,#4117,#4118) ;
#4123=AXIS2_PLACEMENT_3D('Circle Axis2P3D',#4121,#4122,$) ;
#4128=AXIS2_PLACEMENT_3D('Circle Axis2P3D',#4126,#4127,$) ;
#4140=AXIS2_PLACEMENT_3D('Cylinder Axis2P3D',#4137,#4138,#4139) ;
#4144=AXIS2_PLACEMENT_3D('Circle Axis2P3D',#4142,#4143,$) ;
#4157=AXIS2_PLACEMENT_3D('Sphere Axis2P3D',#4154,#4155,#4156) ;
#4161=AXIS2_PLACEMENT_3D('Circle Axis2P3D',#4159,#4160,$) ;
#4173=AXIS2_PLACEMENT_3D('Cylinder Axis2P3D',#4170,#4171,#4172) ;
#4177=AXIS2_PLACEMENT_3D('Circle Axis2P3D',#4175,#4176,$) ;
#4190=AXIS2_PLACEMENT_3D('Cylinder Axis2P3D',#4187,#4188,#4189) ;
#4194=AXIS2_PLACEMENT_3D('Circle Axis2P3D',#4192,#4193,$) ;
#4242=AXIS2_PLACEMENT_3D('Plane Axis2P3D',#4239,#4240,#4241) ;
#4289=AXIS2_PLACEMENT_3D('Plane Axis2P3D',#4286,#4287,#4288) ;
#4300=AXIS2_PLACEMENT_3D('Circle Axis2P3D',#4298,#4299,$) ;
#4314=AXIS2_PLACEMENT_3D('Circle Axis2P3D',#4312,#4313,$) ;
#4346=AXIS2_PLACEMENT_3D('Torus Axis2P3D',#4343,#4344,#4345) ;
#4350=AXIS2_PLACEMENT_3D('Circle Axis2P3D',#4348,#4349,$) ;
#4357=AXIS2_PLACEMENT_3D('Circle Axis2P3D',#4355,#4356,$) ;
#4364=AXIS2_PLACEMENT_3D('Circle Axis2P3D',#4362,#4363,$) ;
#4377=AXIS2_PLACEMENT_3D('Cylinder Axis2P3D',#4374,#4375,#4376) ;
#4381=AXIS2_PLACEMENT_3D('Circle Axis2P3D',#4379,#4380,$) ;
#4401=AXIS2_PLACEMENT_3D('Torus Axis2P3D',#4398,#4399,#4400) ;
#4405=AXIS2_PLACEMENT_3D('Circle Axis2P3D',#4403,#4404,$) ;
#4412=AXIS2_PLACEMENT_3D('Circle Axis2P3D',#4410,#4411,$) ;
#4425=AXIS2_PLACEMENT_3D('Cylinder Axis2P3D',#4422,#4423,#4424) ;
#4443=AXIS2_PLACEMENT_3D('Cylinder Axis2P3D',#4440,#4441,#4442) ;
#4469=AXIS2_PLACEMENT_3D('Plane Axis2P3D',#4466,#4467,#4468) ;
#4473=AXIS2_PLACEMENT_3D('Circle Axis2P3D',#4471,#4472,$) ;
#4501=AXIS2_PLACEMENT_3D('Circle Axis2P3D',#4499,#4500,$) ;
#4515=AXIS2_PLACEMENT_3D('Circle Axis2P3D',#4513,#4514,$) ;
#4542=AXIS2_PLACEMENT_3D('Plane Axis2P3D',#4539,#4540,#4541) ;
#4573=AXIS2_PLACEMENT_3D('Cylinder Axis2P3D',#4570,#4571,#4572) ;
#4584=AXIS2_PLACEMENT_3D('Circle Axis2P3D',#4582,#4583,$) ;
#4616=AXIS2_PLACEMENT_3D('Cylinder Axis2P3D',#4613,#4614,#4615) ;
#4627=AXIS2_PLACEMENT_3D('Circle Axis2P3D',#4625,#4626,$) ;
#4640=AXIS2_PLACEMENT_3D('Plane Axis2P3D',#4637,#4638,#4639) ;
#4665=AXIS2_PLACEMENT_3D('Torus Axis2P3D',#4662,#4663,#4664) ;
#4669=AXIS2_PLACEMENT_3D('Circle Axis2P3D',#4667,#4668,$) ;
#4674=AXIS2_PLACEMENT_3D('Circle Axis2P3D',#4672,#4673,$) ;
#4687=AXIS2_PLACEMENT_3D('Cylinder Axis2P3D',#4684,#4685,#4686) ;
#4691=AXIS2_PLACEMENT_3D('Circle Axis2P3D',#4689,#4690,$) ;
#4704=AXIS2_PLACEMENT_3D('Torus Axis2P3D',#4701,#4702,#4703) ;
#4708=AXIS2_PLACEMENT_3D('Circle Axis2P3D',#4706,#4707,$) ;
#4721=AXIS2_PLACEMENT_3D('Cylinder Axis2P3D',#4718,#4719,#4720) ;
#4741=AXIS2_PLACEMENT_3D('Cylinder Axis2P3D',#4738,#4739,#4740) ;
#4760=AXIS2_PLACEMENT_3D('Plane Axis2P3D',#4757,#4758,#4759) ;
#4818=AXIS2_PLACEMENT_3D('Circle Axis2P3D',#4816,#4817,$) ;
#4832=AXIS2_PLACEMENT_3D('Circle Axis2P3D',#4830,#4831,$) ;
#4839=AXIS2_PLACEMENT_3D('Circle Axis2P3D',#4837,#4838,$) ;
#4846=AXIS2_PLACEMENT_3D('Circle Axis2P3D',#4844,#4845,$) ;
#4853=AXIS2_PLACEMENT_3D('Circle Axis2P3D',#4851,#4852,$) ;
#4867=AXIS2_PLACEMENT_3D('Circle Axis2P3D',#4865,#4866,$) ;
#4881=AXIS2_PLACEMENT_3D('Circle Axis2P3D',#4879,#4880,$) ;
#4888=AXIS2_PLACEMENT_3D('Circle Axis2P3D',#4886,#4887,$) ;
#4895=AXIS2_PLACEMENT_3D('Circle Axis2P3D',#4893,#4894,$) ;
#4902=AXIS2_PLACEMENT_3D('Circle Axis2P3D',#4900,#4901,$) ;
#4925=AXIS2_PLACEMENT_3D('Plane Axis2P3D',#4922,#4923,#4924) ;
#4929=AXIS2_PLACEMENT_3D('Circle Axis2P3D',#4927,#4928,$) ;
#4938=AXIS2_PLACEMENT_3D('Circle Axis2P3D',#4936,#4937,$) ;
#4949=AXIS2_PLACEMENT_3D('Cylinder Axis2P3D',#4946,#4947,#4948) ;
#4995=AXIS2_PLACEMENT_3D('Plane Axis2P3D',#4992,#4993,#4994) ;
#5035=AXIS2_PLACEMENT_3D('Cylinder Axis2P3D',#5032,#5033,#5034) ;
#5071=AXIS2_PLACEMENT_3D('Plane Axis2P3D',#5068,#5069,#5070) ;
#5102=AXIS2_PLACEMENT_3D('Cylinder Axis2P3D',#5099,#5100,#5101) ;
#5139=AXIS2_PLACEMENT_3D('Plane Axis2P3D',#5136,#5137,#5138) ;
#5179=AXIS2_PLACEMENT_3D('Cylinder Axis2P3D',#5176,#5177,#5178) ;
#5224=AXIS2_PLACEMENT_3D('Cylinder Axis2P3D',#5221,#5222,#5223) ;
#5261=AXIS2_PLACEMENT_3D('Plane Axis2P3D',#5258,#5259,#5260) ;
#5292=AXIS2_PLACEMENT_3D('Cylinder Axis2P3D',#5289,#5290,#5291) ;
#5329=AXIS2_PLACEMENT_3D('Cylinder Axis2P3D',#5326,#5327,#5328) ;
#5333=AXIS2_PLACEMENT_3D('Circle Axis2P3D',#5331,#5332,$) ;
#5359=AXIS2_PLACEMENT_3D('Circle Axis2P3D',#5357,#5358,$) ;
#5368=AXIS2_PLACEMENT_3D('Circle Axis2P3D',#5366,#5367,$) ;
#5378=AXIS2_PLACEMENT_3D('Circle Axis2P3D',#5376,#5377,$) ;
#5397=AXIS2_PLACEMENT_3D('Circle Axis2P3D',#5395,#5396,$) ;
#5420=AXIS2_PLACEMENT_3D('Circle Axis2P3D',#5418,#5419,$) ;
#5441=AXIS2_PLACEMENT_3D('Circle Axis2P3D',#5439,#5440,$) ;
#5450=AXIS2_PLACEMENT_3D('Circle Axis2P3D',#5448,#5449,$) ;
#5455=AXIS2_PLACEMENT_3D('Circle Axis2P3D',#5453,#5454,$) ;
#5460=AXIS2_PLACEMENT_3D('Circle Axis2P3D',#5458,#5459,$) ;
#5484=AXIS2_PLACEMENT_3D('Plane Axis2P3D',#5481,#5482,#5483) ;
#5508=AXIS2_PLACEMENT_3D('Plane Axis2P3D',#5505,#5506,#5507) ;
#5532=AXIS2_PLACEMENT_3D('Plane Axis2P3D',#5529,#5530,#5531) ;
#5536=AXIS2_PLACEMENT_3D('Circle Axis2P3D',#5534,#5535,$) ;
#5548=AXIS2_PLACEMENT_3D('Circle Axis2P3D',#5546,#5547,$) ;
#5561=AXIS2_PLACEMENT_3D('Plane Axis2P3D',#5558,#5559,#5560) ;
#5565=AXIS2_PLACEMENT_3D('Circle Axis2P3D',#5563,#5564,$) ;
#5574=AXIS2_PLACEMENT_3D('Circle Axis2P3D',#5572,#5573,$) ;
#5579=AXIS2_PLACEMENT_3D('Circle Axis2P3D',#5577,#5578,$) ;
#5586=AXIS2_PLACEMENT_3D('Circle Axis2P3D',#5584,#5585,$) ;
#5604=AXIS2_PLACEMENT_3D('Circle Axis2P3D',#5602,#5603,$) ;
#5611=AXIS2_PLACEMENT_3D('Circle Axis2P3D',#5609,#5610,$) ;
#5618=AXIS2_PLACEMENT_3D('Circle Axis2P3D',#5616,#5617,$) ;
#5636=AXIS2_PLACEMENT_3D('Cylinder Axis2P3D',#5633,#5634,#5635) ;
#5680=AXIS2_PLACEMENT_3D('Cylinder Axis2P3D',#5677,#5678,#5679) ;
#5684=AXIS2_PLACEMENT_3D('Circle Axis2P3D',#5682,#5683,$) ;
#5700=AXIS2_PLACEMENT_3D('Circle Axis2P3D',#5698,#5699,$) ;
#5719=AXIS2_PLACEMENT_3D('Circle Axis2P3D',#5717,#5718,$) ;
#5724=AXIS2_PLACEMENT_3D('Circle Axis2P3D',#5722,#5723,$) ;
#5737=AXIS2_PLACEMENT_3D('Plane Axis2P3D',#5734,#5735,#5736) ;
#5747=AXIS2_PLACEMENT_3D('Plane Axis2P3D',#5744,#5745,#5746) ;
#5766=AXIS2_PLACEMENT_3D('Circle Axis2P3D',#5764,#5765,$) ;
#5785=AXIS2_PLACEMENT_3D('Circle Axis2P3D',#5783,#5784,$) ;
#5847=AXIS2_PLACEMENT_3D('Plane Axis2P3D',#5844,#5845,#5846) ;
#5874=AXIS2_PLACEMENT_3D('Cylinder Axis2P3D',#5871,#5872,#5873) ;
#5878=AXIS2_PLACEMENT_3D('Circle Axis2P3D',#5876,#5877,$) ;
#5918=AXIS2_PLACEMENT_3D('Plane Axis2P3D',#5915,#5916,#5917) ;
#5929=AXIS2_PLACEMENT_3D('Circle Axis2P3D',#5927,#5928,$) ;
#5953=AXIS2_PLACEMENT_3D('Torus Axis2P3D',#5950,#5951,#5952) ;
#5957=AXIS2_PLACEMENT_3D('Circle Axis2P3D',#5955,#5956,$) ;
#5962=AXIS2_PLACEMENT_3D('Circle Axis2P3D',#5960,#5961,$) ;
#5975=AXIS2_PLACEMENT_3D('Cylinder Axis2P3D',#5972,#5973,#5974) ;
#5987=AXIS2_PLACEMENT_3D('Cylinder Axis2P3D',#5984,#5985,#5986) ;
#5999=AXIS2_PLACEMENT_3D('Plane Axis2P3D',#5996,#5997,#5998) ;
#6007=AXIS2_PLACEMENT_3D('Circle Axis2P3D',#6005,#6006,$) ;
#6016=AXIS2_PLACEMENT_3D('Circle Axis2P3D',#6014,#6015,$) ;
#6027=AXIS2_PLACEMENT_3D('Cylinder Axis2P3D',#6024,#6025,#6026) ;
#6031=AXIS2_PLACEMENT_3D('Circle Axis2P3D',#6029,#6030,$) ;
#6057=AXIS2_PLACEMENT_3D('Circle Axis2P3D',#6055,#6056,$) ;
#6070=AXIS2_PLACEMENT_3D('Plane Axis2P3D',#6067,#6068,#6069) ;
#6084=AXIS2_PLACEMENT_3D('Plane Axis2P3D',#6081,#6082,#6083) ;
#6124=AXIS2_PLACEMENT_3D('Plane Axis2P3D',#6121,#6122,#6123) ;
#6155=AXIS2_PLACEMENT_3D('Plane Axis2P3D',#6152,#6153,#6154) ;
#6186=AXIS2_PLACEMENT_3D('Plane Axis2P3D',#6183,#6184,#6185) ;
#6226=AXIS2_PLACEMENT_3D('Plane Axis2P3D',#6223,#6224,#6225) ;
#6248=AXIS2_PLACEMENT_3D('Plane Axis2P3D',#6245,#6246,#6247) ;
#6283=AXIS2_PLACEMENT_3D('Cylinder Axis2P3D',#6280,#6281,#6282) ;
#6287=AXIS2_PLACEMENT_3D('Circle Axis2P3D',#6285,#6286,$) ;
#6301=AXIS2_PLACEMENT_3D('Circle Axis2P3D',#6299,#6300,$) ;
#6314=AXIS2_PLACEMENT_3D('Plane Axis2P3D',#6311,#6312,#6313) ;
#6349=AXIS2_PLACEMENT_3D('Plane Axis2P3D',#6346,#6347,#6348) ;
#6353=AXIS2_PLACEMENT_3D('Circle Axis2P3D',#6351,#6352,$) ;
#6367=AXIS2_PLACEMENT_3D('Plane Axis2P3D',#6364,#6365,#6366) ;
#6371=AXIS2_PLACEMENT_3D('Circle Axis2P3D',#6369,#6370,$) ;
#6385=AXIS2_PLACEMENT_3D('Cylinder Axis2P3D',#6382,#6383,#6384) ;
#6399=AXIS2_PLACEMENT_3D('Cylinder Axis2P3D',#6396,#6397,#6398) ;
#6403=AXIS2_PLACEMENT_3D('Circle Axis2P3D',#6401,#6402,$) ;
#6419=AXIS2_PLACEMENT_3D('Circle Axis2P3D',#6417,#6418,$) ;
#6438=AXIS2_PLACEMENT_3D('Circle Axis2P3D',#6436,#6437,$) ;
#6443=AXIS2_PLACEMENT_3D('Circle Axis2P3D',#6441,#6442,$) ;
#6456=AXIS2_PLACEMENT_3D('Cylinder Axis2P3D',#6453,#6454,#6455) ;
#6460=AXIS2_PLACEMENT_3D('Circle Axis2P3D',#6458,#6459,$) ;
#6476=AXIS2_PLACEMENT_3D('Circle Axis2P3D',#6474,#6475,$) ;
#6495=AXIS2_PLACEMENT_3D('Circle Axis2P3D',#6493,#6494,$) ;
#6500=AXIS2_PLACEMENT_3D('Circle Axis2P3D',#6498,#6499,$) ;
#6513=AXIS2_PLACEMENT_3D('Plane Axis2P3D',#6510,#6511,#6512) ;
#6523=AXIS2_PLACEMENT_3D('Plane Axis2P3D',#6520,#6521,#6522) ;
#6537=AXIS2_PLACEMENT_3D('Plane Axis2P3D',#6534,#6535,#6536) ;
#6549=AXIS2_PLACEMENT_3D('Plane Axis2P3D',#6546,#6547,#6548) ;
#6589=AXIS2_PLACEMENT_3D('Cylinder Axis2P3D',#6586,#6587,#6588) ;
#6593=AXIS2_PLACEMENT_3D('Circle Axis2P3D',#6591,#6592,$) ;
#6607=AXIS2_PLACEMENT_3D('Circle Axis2P3D',#6605,#6606,$) ;
#6620=AXIS2_PLACEMENT_3D('Plane Axis2P3D',#6617,#6618,#6619) ;
#6651=AXIS2_PLACEMENT_3D('Cylinder Axis2P3D',#6648,#6649,#6650) ;
#6655=AXIS2_PLACEMENT_3D('Circle Axis2P3D',#6653,#6654,$) ;
#6669=AXIS2_PLACEMENT_3D('Circle Axis2P3D',#6667,#6668,$) ;
#6682=AXIS2_PLACEMENT_3D('Plane Axis2P3D',#6679,#6680,#6681) ;
#6713=AXIS2_PLACEMENT_3D('Cylinder Axis2P3D',#6710,#6711,#6712) ;
#6717=AXIS2_PLACEMENT_3D('Circle Axis2P3D',#6715,#6716,$) ;
#6731=AXIS2_PLACEMENT_3D('Circle Axis2P3D',#6729,#6730,$) ;
#6744=AXIS2_PLACEMENT_3D('Plane Axis2P3D',#6741,#6742,#6743) ;
#6775=AXIS2_PLACEMENT_3D('Plane Axis2P3D',#6772,#6773,#6774) ;
#6806=AXIS2_PLACEMENT_3D('Plane Axis2P3D',#6803,#6804,#6805) ;
#6837=AXIS2_PLACEMENT_3D('Cylinder Axis2P3D',#6834,#6835,#6836) ;
#6841=AXIS2_PLACEMENT_3D('Circle Axis2P3D',#6839,#6840,$) ;
#6848=AXIS2_PLACEMENT_3D('Circle Axis2P3D',#6846,#6847,$) ;
#6868=AXIS2_PLACEMENT_3D('Plane Axis2P3D',#6865,#6866,#6867) ;
#6899=AXIS2_PLACEMENT_3D('Cylinder Axis2P3D',#6896,#6897,#6898) ;
#6903=AXIS2_PLACEMENT_3D('Circle Axis2P3D',#6901,#6902,$) ;
#6910=AXIS2_PLACEMENT_3D('Circle Axis2P3D',#6908,#6909,$) ;
#6930=AXIS2_PLACEMENT_3D('Plane Axis2P3D',#6927,#6928,#6929) ;
#6961=AXIS2_PLACEMENT_3D('Cylinder Axis2P3D',#6958,#6959,#6960) ;
#6965=AXIS2_PLACEMENT_3D('Circle Axis2P3D',#6963,#6964,$) ;
#6972=AXIS2_PLACEMENT_3D('Circle Axis2P3D',#6970,#6971,$) ;
#6992=AXIS2_PLACEMENT_3D('Plane Axis2P3D',#6989,#6990,#6991) ;
#7040=AXIS2_PLACEMENT_3D('Plane Axis2P3D',#7037,#7038,#7039) ;
#7064=AXIS2_PLACEMENT_3D('Plane Axis2P3D',#7061,#7062,#7063) ;
#7090=AXIS2_PLACEMENT_3D('Torus Axis2P3D',#7087,#7088,#7089) ;
#7094=AXIS2_PLACEMENT_3D('Circle Axis2P3D',#7092,#7093,$) ;
#7103=AXIS2_PLACEMENT_3D('Circle Axis2P3D',#7101,#7102,$) ;
#7110=AXIS2_PLACEMENT_3D('Circle Axis2P3D',#7108,#7109,$) ;
#7117=AXIS2_PLACEMENT_3D('Circle Axis2P3D',#7115,#7116,$) ;
#7129=AXIS2_PLACEMENT_3D('Circle Axis2P3D',#7127,#7128,$) ;
#7134=AXIS2_PLACEMENT_3D('Circle Axis2P3D',#7132,#7133,$) ;
#7147=AXIS2_PLACEMENT_3D('Cylinder Axis2P3D',#7144,#7145,#7146) ;
#7165=AXIS2_PLACEMENT_3D('Circle Axis2P3D',#7163,#7164,$) ;
#7177=AXIS2_PLACEMENT_3D('Circle Axis2P3D',#7175,#7176,$) ;
#7190=AXIS2_PLACEMENT_3D('Plane Axis2P3D',#7187,#7188,#7189) ;
#7200=AXIS2_PLACEMENT_3D('Plane Axis2P3D',#7197,#7198,#7199) ;
#7204=AXIS2_PLACEMENT_3D('Circle Axis2P3D',#7202,#7203,$) ;
#7213=AXIS2_PLACEMENT_3D('Circle Axis2P3D',#7211,#7212,$) ;
#7228=AXIS2_PLACEMENT_3D('Plane Axis2P3D',#7225,#7226,#7227) ;
#7232=AXIS2_PLACEMENT_3D('Circle Axis2P3D',#7230,#7231,$) ;
#7241=AXIS2_PLACEMENT_3D('Circle Axis2P3D',#7239,#7240,$) ;
#7252=AXIS2_PLACEMENT_3D('Cylinder Axis2P3D',#7249,#7250,#7251) ;
#7283=AXIS2_PLACEMENT_3D('Torus Axis2P3D',#7280,#7281,#7282) ;
#7287=AXIS2_PLACEMENT_3D('Circle Axis2P3D',#7285,#7286,$) ;
#7296=AXIS2_PLACEMENT_3D('Circle Axis2P3D',#7294,#7295,$) ;
#7303=AXIS2_PLACEMENT_3D('Circle Axis2P3D',#7301,#7302,$) ;
#7310=AXIS2_PLACEMENT_3D('Circle Axis2P3D',#7308,#7309,$) ;
#7322=AXIS2_PLACEMENT_3D('Circle Axis2P3D',#7320,#7321,$) ;
#7327=AXIS2_PLACEMENT_3D('Circle Axis2P3D',#7325,#7326,$) ;
#7340=AXIS2_PLACEMENT_3D('Cylinder Axis2P3D',#7337,#7338,#7339) ;
#7344=AXIS2_PLACEMENT_3D('Circle Axis2P3D',#7342,#7343,$) ;
#7360=AXIS2_PLACEMENT_3D('Circle Axis2P3D',#7358,#7359,$) ;
#7379=AXIS2_PLACEMENT_3D('Circle Axis2P3D',#7377,#7378,$) ;
#7384=AXIS2_PLACEMENT_3D('Circle Axis2P3D',#7382,#7383,$) ;
#7397=AXIS2_PLACEMENT_3D('Plane Axis2P3D',#7394,#7395,#7396) ;
#7411=AXIS2_PLACEMENT_3D('Plane Axis2P3D',#7408,#7409,#7410) ;
#40=PRODUCT_DEFINITION_SHAPE(' ',' ',#14) ;
#31=APPROVAL_PERSON_ORGANIZATION(#25,#21,#19) ;
#25=PERSON_AND_ORGANIZATION(#22,#23) ;
#22=PERSON(' ',' ',' ',$,$,$) ;
#23=ORGANIZATION(' ',' ',' ') ;
#21=APPROVAL(#20,' ') ;
#20=APPROVAL_STATUS('not_yet_approved') ;
#19=APPROVAL_ROLE('APPROVER') ;
#13=DATE_AND_TIME(#11,#12) ;
#12=LOCAL_TIME(10,54,21.,#10) ;
#10=COORDINATED_UNIVERSAL_TIME_OFFSET(0,0,.AHEAD.) ;
#86=ORIENTED_EDGE('',*,*,#65,.T.) ;
#87=ORIENTED_EDGE('',*,*,#72,.F.) ;
#88=ORIENTED_EDGE('',*,*,#79,.F.) ;
#89=ORIENTED_EDGE('',*,*,#84,.T.) ;
#140=ORIENTED_EDGE('',*,*,#105,.F.) ;
#141=ORIENTED_EDGE('',*,*,#112,.T.) ;
#142=ORIENTED_EDGE('',*,*,#119,.T.) ;
#143=ORIENTED_EDGE('',*,*,#126,.T.) ;
#144=ORIENTED_EDGE('',*,*,#133,.T.) ;
#145=ORIENTED_EDGE('',*,*,#138,.F.) ;
#159=ORIENTED_EDGE('',*,*,#152,.F.) ;
#160=ORIENTED_EDGE('',*,*,#138,.T.) ;
#161=ORIENTED_EDGE('',*,*,#157,.T.) ;
#162=ORIENTED_EDGE('',*,*,#112,.F.) ;
#199=ORIENTED_EDGE('',*,*,#178,.F.) ;
#200=ORIENTED_EDGE('',*,*,#185,.T.) ;
#201=ORIENTED_EDGE('',*,*,#192,.T.) ;
#202=ORIENTED_EDGE('',*,*,#197,.F.) ;
#274=ORIENTED_EDGE('',*,*,#216,.F.) ;
#275=ORIENTED_EDGE('',*,*,#223,.F.) ;
#276=ORIENTED_EDGE('',*,*,#245,.T.) ;
#277=ORIENTED_EDGE('',*,*,#252,.T.) ;
#278=ORIENTED_EDGE('',*,*,#272,.F.) ;
#279=ORIENTED_EDGE('',*,*,#185,.F.) ;
#307=ORIENTED_EDGE('',*,*,#293,.F.) ;
#308=ORIENTED_EDGE('',*,*,#300,.F.) ;
#309=ORIENTED_EDGE('',*,*,#305,.T.) ;
#310=ORIENTED_EDGE('',*,*,#223,.T.) ;
#333=ORIENTED_EDGE('',*,*,#319,.T.) ;
#334=ORIENTED_EDGE('',*,*,#300,.T.) ;
#335=ORIENTED_EDGE('',*,*,#326,.F.) ;
#336=ORIENTED_EDGE('',*,*,#331,.F.) ;
#368=ORIENTED_EDGE('',*,*,#347,.F.) ;
#369=ORIENTED_EDGE('',*,*,#354,.T.) ;
#370=ORIENTED_EDGE('',*,*,#361,.T.) ;
#371=ORIENTED_EDGE('',*,*,#366,.F.) ;
#403=ORIENTED_EDGE('',*,*,#382,.T.) ;
#404=ORIENTED_EDGE('',*,*,#389,.T.) ;
#405=ORIENTED_EDGE('',*,*,#396,.F.) ;
#406=ORIENTED_EDGE('',*,*,#401,.F.) ;
#438=ORIENTED_EDGE('',*,*,#417,.F.) ;
#439=ORIENTED_EDGE('',*,*,#424,.F.) ;
#440=ORIENTED_EDGE('',*,*,#431,.T.) ;
#441=ORIENTED_EDGE('',*,*,#436,.T.) ;
#473=ORIENTED_EDGE('',*,*,#452,.T.) ;
#474=ORIENTED_EDGE('',*,*,#459,.T.) ;
#475=ORIENTED_EDGE('',*,*,#466,.F.) ;
#476=ORIENTED_EDGE('',*,*,#471,.T.) ;
#513=ORIENTED_EDGE('',*,*,#492,.T.) ;
#514=ORIENTED_EDGE('',*,*,#499,.T.) ;
#515=ORIENTED_EDGE('',*,*,#506,.F.) ;
#516=ORIENTED_EDGE('',*,*,#511,.F.) ;
#579=ORIENTED_EDGE('',*,*,#530,.F.) ;
#580=ORIENTED_EDGE('',*,*,#511,.T.) ;
#581=ORIENTED_EDGE('',*,*,#537,.F.) ;
#582=ORIENTED_EDGE('',*,*,#544,.F.) ;
#583=ORIENTED_EDGE('',*,*,#551,.T.) ;
#584=ORIENTED_EDGE('',*,*,#558,.F.) ;
#585=ORIENTED_EDGE('',*,*,#565,.F.) ;
#586=ORIENTED_EDGE('',*,*,#572,.T.) ;
#587=ORIENTED_EDGE('',*,*,#577,.F.) ;
#610=ORIENTED_EDGE('',*,*,#577,.T.) ;
#611=ORIENTED_EDGE('',*,*,#601,.F.) ;
#612=ORIENTED_EDGE('',*,*,#382,.F.) ;
#613=ORIENTED_EDGE('',*,*,#608,.T.) ;
#638=ORIENTED_EDGE('',*,*,#624,.T.) ;
#639=ORIENTED_EDGE('',*,*,#631,.F.) ;
#640=ORIENTED_EDGE('',*,*,#636,.T.) ;
#660=ORIENTED_EDGE('',*,*,#431,.F.) ;
#661=ORIENTED_EDGE('',*,*,#650,.T.) ;
#662=ORIENTED_EDGE('',*,*,#631,.T.) ;
#663=ORIENTED_EDGE('',*,*,#658,.F.) ;
#672=ORIENTED_EDGE('',*,*,#105,.T.) ;
#673=ORIENTED_EDGE('',*,*,#152,.T.) ;
#690=ORIENTED_EDGE('',*,*,#683,.F.) ;
#691=ORIENTED_EDGE('',*,*,#688,.F.) ;
#710=ORIENTED_EDGE('',*,*,#192,.F.) ;
#711=ORIENTED_EDGE('',*,*,#272,.T.) ;
#712=ORIENTED_EDGE('',*,*,#700,.T.) ;
#713=ORIENTED_EDGE('',*,*,#708,.F.) ;
#741=ORIENTED_EDGE('',*,*,#305,.F.) ;
#742=ORIENTED_EDGE('',*,*,#727,.F.) ;
#743=ORIENTED_EDGE('',*,*,#734,.T.) ;
#744=ORIENTED_EDGE('',*,*,#739,.T.) ;
#745=ORIENTED_EDGE('',*,*,#245,.F.) ;
#764=ORIENTED_EDGE('',*,*,#754,.T.) ;
#765=ORIENTED_EDGE('',*,*,#727,.T.) ;
#766=ORIENTED_EDGE('',*,*,#319,.F.) ;
#767=ORIENTED_EDGE('',*,*,#762,.T.) ;
#786=ORIENTED_EDGE('',*,*,#776,.T.) ;
#787=ORIENTED_EDGE('',*,*,#565,.T.) ;
#788=ORIENTED_EDGE('',*,*,#558,.T.) ;
#789=ORIENTED_EDGE('',*,*,#784,.F.) ;
#790=ORIENTED_EDGE('',*,*,#354,.F.) ;
#815=ORIENTED_EDGE('',*,*,#801,.T.) ;
#816=ORIENTED_EDGE('',*,*,#808,.F.) ;
#817=ORIENTED_EDGE('',*,*,#813,.F.) ;
#836=ORIENTED_EDGE('',*,*,#813,.T.) ;
#837=ORIENTED_EDGE('',*,*,#827,.F.) ;
#838=ORIENTED_EDGE('',*,*,#452,.F.) ;
#839=ORIENTED_EDGE('',*,*,#834,.T.) ;
#876=ORIENTED_EDGE('',*,*,#855,.T.) ;
#877=ORIENTED_EDGE('',*,*,#862,.T.) ;
#878=ORIENTED_EDGE('',*,*,#869,.F.) ;
#879=ORIENTED_EDGE('',*,*,#874,.F.) ;
#893=ORIENTED_EDGE('',*,*,#891,.F.) ;
#894=ORIENTED_EDGE('',*,*,#869,.T.) ;
#924=ORIENTED_EDGE('',*,*,#506,.T.) ;
#925=ORIENTED_EDGE('',*,*,#917,.T.) ;
#926=ORIENTED_EDGE('',*,*,#922,.T.) ;
#927=ORIENTED_EDGE('',*,*,#537,.T.) ;
#1019=ORIENTED_EDGE('',*,*,#944,.F.) ;
#1020=ORIENTED_EDGE('',*,*,#951,.F.) ;
#1021=ORIENTED_EDGE('',*,*,#956,.F.) ;
#1022=ORIENTED_EDGE('',*,*,#683,.T.) ;
#1023=ORIENTED_EDGE('',*,*,#963,.T.) ;
#1024=ORIENTED_EDGE('',*,*,#970,.F.) ;
#1025=ORIENTED_EDGE('',*,*,#977,.F.) ;
#1026=ORIENTED_EDGE('',*,*,#984,.F.) ;
#1027=ORIENTED_EDGE('',*,*,#991,.T.) ;
#1028=ORIENTED_EDGE('',*,*,#998,.F.) ;
#1029=ORIENTED_EDGE('',*,*,#1005,.F.) ;
#1030=ORIENTED_EDGE('',*,*,#1012,.T.) ;
#1031=ORIENTED_EDGE('',*,*,#1017,.T.) ;
#1070=ORIENTED_EDGE('',*,*,#1042,.F.) ;
#1071=ORIENTED_EDGE('',*,*,#1049,.F.) ;
#1072=ORIENTED_EDGE('',*,*,#1056,.F.) ;
#1073=ORIENTED_EDGE('',*,*,#1063,.T.) ;
#1074=ORIENTED_EDGE('',*,*,#1068,.T.) ;
#1134=ORIENTED_EDGE('',*,*,#1085,.F.) ;
#1135=ORIENTED_EDGE('',*,*,#1090,.F.) ;
#1136=ORIENTED_EDGE('',*,*,#1005,.T.) ;
#1137=ORIENTED_EDGE('',*,*,#1095,.F.) ;
#1138=ORIENTED_EDGE('',*,*,#991,.F.) ;
#1139=ORIENTED_EDGE('',*,*,#1102,.T.) ;
#1140=ORIENTED_EDGE('',*,*,#1109,.T.) ;
#1141=ORIENTED_EDGE('',*,*,#1117,.F.) ;
#1142=ORIENTED_EDGE('',*,*,#1122,.F.) ;
#1143=ORIENTED_EDGE('',*,*,#963,.F.) ;
#1144=ORIENTED_EDGE('',*,*,#688,.T.) ;
#1145=ORIENTED_EDGE('',*,*,#956,.T.) ;
#1146=ORIENTED_EDGE('',*,*,#1127,.F.) ;
#1147=ORIENTED_EDGE('',*,*,#72,.T.) ;
#1148=ORIENTED_EDGE('',*,*,#1132,.T.) ;
#1187=ORIENTED_EDGE('',*,*,#1159,.F.) ;
#1188=ORIENTED_EDGE('',*,*,#1166,.F.) ;
#1189=ORIENTED_EDGE('',*,*,#1173,.F.) ;
#1190=ORIENTED_EDGE('',*,*,#1180,.T.) ;
#1191=ORIENTED_EDGE('',*,*,#1185,.T.) ;
#1220=ORIENTED_EDGE('',*,*,#1208,.T.) ;
#1221=ORIENTED_EDGE('',*,*,#1213,.F.) ;
#1222=ORIENTED_EDGE('',*,*,#944,.T.) ;
#1223=ORIENTED_EDGE('',*,*,#1218,.T.) ;
#1237=ORIENTED_EDGE('',*,*,#79,.T.) ;
#1238=ORIENTED_EDGE('',*,*,#1127,.T.) ;
#1239=ORIENTED_EDGE('',*,*,#951,.T.) ;
#1240=ORIENTED_EDGE('',*,*,#1213,.T.) ;
#1241=ORIENTED_EDGE('',*,*,#1235,.F.) ;
#1264=ORIENTED_EDGE('',*,*,#1250,.T.) ;
#1265=ORIENTED_EDGE('',*,*,#1257,.F.) ;
#1266=ORIENTED_EDGE('',*,*,#1262,.F.) ;
#1267=ORIENTED_EDGE('',*,*,#970,.T.) ;
#1268=ORIENTED_EDGE('',*,*,#1122,.T.) ;
#1292=ORIENTED_EDGE('',*,*,#1262,.T.) ;
#1293=ORIENTED_EDGE('',*,*,#1282,.T.) ;
#1294=ORIENTED_EDGE('',*,*,#1290,.F.) ;
#1295=ORIENTED_EDGE('',*,*,#977,.T.) ;
#1317=ORIENTED_EDGE('',*,*,#1310,.F.) ;
#1318=ORIENTED_EDGE('',*,*,#1102,.F.) ;
#1319=ORIENTED_EDGE('',*,*,#984,.T.) ;
#1320=ORIENTED_EDGE('',*,*,#1290,.T.) ;
#1321=ORIENTED_EDGE('',*,*,#1315,.T.) ;
#1345=ORIENTED_EDGE('',*,*,#1017,.F.) ;
#1346=ORIENTED_EDGE('',*,*,#1338,.T.) ;
#1347=ORIENTED_EDGE('',*,*,#1343,.F.) ;
#1348=ORIENTED_EDGE('',*,*,#1218,.F.) ;
#1377=ORIENTED_EDGE('',*,*,#1365,.T.) ;
#1378=ORIENTED_EDGE('',*,*,#1370,.F.) ;
#1379=ORIENTED_EDGE('',*,*,#1042,.T.) ;
#1380=ORIENTED_EDGE('',*,*,#1375,.T.) ;
#1396=ORIENTED_EDGE('',*,*,#1370,.T.) ;
#1397=ORIENTED_EDGE('',*,*,#1389,.F.) ;
#1398=ORIENTED_EDGE('',*,*,#1394,.F.) ;
#1399=ORIENTED_EDGE('',*,*,#1049,.T.) ;
#1423=ORIENTED_EDGE('',*,*,#1394,.T.) ;
#1424=ORIENTED_EDGE('',*,*,#1413,.T.) ;
#1425=ORIENTED_EDGE('',*,*,#1421,.F.) ;
#1426=ORIENTED_EDGE('',*,*,#1056,.T.) ;
#1443=ORIENTED_EDGE('',*,*,#1421,.T.) ;
#1444=ORIENTED_EDGE('',*,*,#1435,.T.) ;
#1445=ORIENTED_EDGE('',*,*,#1441,.F.) ;
#1446=ORIENTED_EDGE('',*,*,#1063,.F.) ;
#1460=ORIENTED_EDGE('',*,*,#1068,.F.) ;
#1461=ORIENTED_EDGE('',*,*,#1441,.T.) ;
#1462=ORIENTED_EDGE('',*,*,#1458,.F.) ;
#1463=ORIENTED_EDGE('',*,*,#1375,.F.) ;
#1479=ORIENTED_EDGE('',*,*,#1472,.F.) ;
#1480=ORIENTED_EDGE('',*,*,#1109,.F.) ;
#1481=ORIENTED_EDGE('',*,*,#1310,.T.) ;
#1482=ORIENTED_EDGE('',*,*,#1477,.F.) ;
#1497=ORIENTED_EDGE('',*,*,#1250,.F.) ;
#1498=ORIENTED_EDGE('',*,*,#1117,.T.) ;
#1499=ORIENTED_EDGE('',*,*,#1472,.T.) ;
#1500=ORIENTED_EDGE('',*,*,#1495,.T.) ;
#1529=ORIENTED_EDGE('',*,*,#1517,.T.) ;
#1530=ORIENTED_EDGE('',*,*,#1522,.F.) ;
#1531=ORIENTED_EDGE('',*,*,#1159,.T.) ;
#1532=ORIENTED_EDGE('',*,*,#1527,.T.) ;
#1548=ORIENTED_EDGE('',*,*,#1522,.T.) ;
#1549=ORIENTED_EDGE('',*,*,#1541,.F.) ;
#1550=ORIENTED_EDGE('',*,*,#1546,.F.) ;
#1551=ORIENTED_EDGE('',*,*,#1166,.T.) ;
#1575=ORIENTED_EDGE('',*,*,#1546,.T.) ;
#1576=ORIENTED_EDGE('',*,*,#1565,.T.) ;
#1577=ORIENTED_EDGE('',*,*,#1573,.F.) ;
#1578=ORIENTED_EDGE('',*,*,#1173,.T.) ;
#1595=ORIENTED_EDGE('',*,*,#1573,.T.) ;
#1596=ORIENTED_EDGE('',*,*,#1587,.T.) ;
#1597=ORIENTED_EDGE('',*,*,#1593,.F.) ;
#1598=ORIENTED_EDGE('',*,*,#1180,.F.) ;
#1612=ORIENTED_EDGE('',*,*,#1185,.F.) ;
#1613=ORIENTED_EDGE('',*,*,#1593,.T.) ;
#1614=ORIENTED_EDGE('',*,*,#1610,.F.) ;
#1615=ORIENTED_EDGE('',*,*,#1527,.F.) ;
#1624=ORIENTED_EDGE('',*,*,#1477,.T.) ;
#1625=ORIENTED_EDGE('',*,*,#1315,.F.) ;
#1626=ORIENTED_EDGE('',*,*,#1282,.F.) ;
#1627=ORIENTED_EDGE('',*,*,#1257,.T.) ;
#1628=ORIENTED_EDGE('',*,*,#1495,.F.) ;
#1665=ORIENTED_EDGE('',*,*,#1644,.F.) ;
#1666=ORIENTED_EDGE('',*,*,#1651,.F.) ;
#1667=ORIENTED_EDGE('',*,*,#1658,.T.) ;
#1668=ORIENTED_EDGE('',*,*,#1663,.T.) ;
#1696=ORIENTED_EDGE('',*,*,#1682,.T.) ;
#1697=ORIENTED_EDGE('',*,*,#1689,.T.) ;
#1698=ORIENTED_EDGE('',*,*,#1694,.F.) ;
#1699=ORIENTED_EDGE('',*,*,#1663,.F.) ;
#1727=ORIENTED_EDGE('',*,*,#1689,.F.) ;
#1728=ORIENTED_EDGE('',*,*,#1713,.T.) ;
#1729=ORIENTED_EDGE('',*,*,#1720,.T.) ;
#1730=ORIENTED_EDGE('',*,*,#1725,.F.) ;
#1758=ORIENTED_EDGE('',*,*,#1744,.F.) ;
#1759=ORIENTED_EDGE('',*,*,#1751,.T.) ;
#1760=ORIENTED_EDGE('',*,*,#1756,.T.) ;
#1761=ORIENTED_EDGE('',*,*,#1720,.F.) ;
#1789=ORIENTED_EDGE('',*,*,#1775,.F.) ;
#1790=ORIENTED_EDGE('',*,*,#1751,.F.) ;
#1791=ORIENTED_EDGE('',*,*,#1782,.T.) ;
#1792=ORIENTED_EDGE('',*,*,#1787,.T.) ;
#1811=ORIENTED_EDGE('',*,*,#1804,.T.) ;
#1812=ORIENTED_EDGE('',*,*,#1651,.T.) ;
#1813=ORIENTED_EDGE('',*,*,#1809,.F.) ;
#1814=ORIENTED_EDGE('',*,*,#1787,.F.) ;
#1851=ORIENTED_EDGE('',*,*,#1830,.T.) ;
#1852=ORIENTED_EDGE('',*,*,#1837,.F.) ;
#1853=ORIENTED_EDGE('',*,*,#1844,.F.) ;
#1854=ORIENTED_EDGE('',*,*,#1849,.T.) ;
#1877=ORIENTED_EDGE('',*,*,#1863,.T.) ;
#1878=ORIENTED_EDGE('',*,*,#1870,.T.) ;
#1879=ORIENTED_EDGE('',*,*,#1875,.F.) ;
#1880=ORIENTED_EDGE('',*,*,#1830,.F.) ;
#1908=ORIENTED_EDGE('',*,*,#1870,.F.) ;
#1909=ORIENTED_EDGE('',*,*,#1894,.T.) ;
#1910=ORIENTED_EDGE('',*,*,#1901,.T.) ;
#1911=ORIENTED_EDGE('',*,*,#1906,.F.) ;
#1934=ORIENTED_EDGE('',*,*,#1920,.F.) ;
#1935=ORIENTED_EDGE('',*,*,#1927,.T.) ;
#1936=ORIENTED_EDGE('',*,*,#1932,.T.) ;
#1937=ORIENTED_EDGE('',*,*,#1901,.F.) ;
#1965=ORIENTED_EDGE('',*,*,#1953,.T.) ;
#1966=ORIENTED_EDGE('',*,*,#1958,.F.) ;
#1967=ORIENTED_EDGE('',*,*,#1927,.F.) ;
#1968=ORIENTED_EDGE('',*,*,#1963,.T.) ;
#1987=ORIENTED_EDGE('',*,*,#1980,.T.) ;
#1988=ORIENTED_EDGE('',*,*,#1844,.T.) ;
#1989=ORIENTED_EDGE('',*,*,#1985,.F.) ;
#1990=ORIENTED_EDGE('',*,*,#1953,.F.) ;
#2027=ORIENTED_EDGE('',*,*,#2006,.T.) ;
#2028=ORIENTED_EDGE('',*,*,#2013,.T.) ;
#2029=ORIENTED_EDGE('',*,*,#2020,.F.) ;
#2030=ORIENTED_EDGE('',*,*,#2025,.F.) ;
#2053=ORIENTED_EDGE('',*,*,#2039,.F.) ;
#2054=ORIENTED_EDGE('',*,*,#2013,.F.) ;
#2055=ORIENTED_EDGE('',*,*,#2046,.T.) ;
#2056=ORIENTED_EDGE('',*,*,#2051,.T.) ;
#2079=ORIENTED_EDGE('',*,*,#2065,.F.) ;
#2080=ORIENTED_EDGE('',*,*,#2051,.F.) ;
#2081=ORIENTED_EDGE('',*,*,#2072,.T.) ;
#2082=ORIENTED_EDGE('',*,*,#2077,.T.) ;
#2105=ORIENTED_EDGE('',*,*,#2077,.F.) ;
#2106=ORIENTED_EDGE('',*,*,#2091,.T.) ;
#2107=ORIENTED_EDGE('',*,*,#2098,.T.) ;
#2108=ORIENTED_EDGE('',*,*,#2103,.F.) ;
#2131=ORIENTED_EDGE('',*,*,#2117,.F.) ;
#2132=ORIENTED_EDGE('',*,*,#2098,.F.) ;
#2133=ORIENTED_EDGE('',*,*,#2124,.T.) ;
#2134=ORIENTED_EDGE('',*,*,#2129,.T.) ;
#2157=ORIENTED_EDGE('',*,*,#2129,.F.) ;
#2158=ORIENTED_EDGE('',*,*,#2143,.T.) ;
#2159=ORIENTED_EDGE('',*,*,#2150,.T.) ;
#2160=ORIENTED_EDGE('',*,*,#2155,.F.) ;
#2183=ORIENTED_EDGE('',*,*,#2169,.T.) ;
#2184=ORIENTED_EDGE('',*,*,#2150,.F.) ;
#2185=ORIENTED_EDGE('',*,*,#2176,.F.) ;
#2186=ORIENTED_EDGE('',*,*,#2181,.T.) ;
#2214=ORIENTED_EDGE('',*,*,#2181,.F.) ;
#2215=ORIENTED_EDGE('',*,*,#2200,.T.) ;
#2216=ORIENTED_EDGE('',*,*,#2207,.T.) ;
#2217=ORIENTED_EDGE('',*,*,#2212,.F.) ;
#2231=ORIENTED_EDGE('',*,*,#2207,.F.) ;
#2232=ORIENTED_EDGE('',*,*,#2224,.T.) ;
#2233=ORIENTED_EDGE('',*,*,#2025,.T.) ;
#2234=ORIENTED_EDGE('',*,*,#2229,.F.) ;
#2266=ORIENTED_EDGE('',*,*,#2245,.T.) ;
#2267=ORIENTED_EDGE('',*,*,#2252,.T.) ;
#2268=ORIENTED_EDGE('',*,*,#2259,.F.) ;
#2269=ORIENTED_EDGE('',*,*,#2264,.F.) ;
#2292=ORIENTED_EDGE('',*,*,#2278,.F.) ;
#2293=ORIENTED_EDGE('',*,*,#2252,.F.) ;
#2294=ORIENTED_EDGE('',*,*,#2285,.T.) ;
#2295=ORIENTED_EDGE('',*,*,#2290,.T.) ;
#2318=ORIENTED_EDGE('',*,*,#2304,.T.) ;
#2319=ORIENTED_EDGE('',*,*,#2311,.T.) ;
#2320=ORIENTED_EDGE('',*,*,#2316,.F.) ;
#2321=ORIENTED_EDGE('',*,*,#2290,.F.) ;
#2344=ORIENTED_EDGE('',*,*,#2311,.F.) ;
#2345=ORIENTED_EDGE('',*,*,#2330,.F.) ;
#2346=ORIENTED_EDGE('',*,*,#2337,.T.) ;
#2347=ORIENTED_EDGE('',*,*,#2342,.T.) ;
#2375=ORIENTED_EDGE('',*,*,#2337,.F.) ;
#2376=ORIENTED_EDGE('',*,*,#2361,.T.) ;
#2377=ORIENTED_EDGE('',*,*,#2368,.T.) ;
#2378=ORIENTED_EDGE('',*,*,#2373,.F.) ;
#2392=ORIENTED_EDGE('',*,*,#2385,.F.) ;
#2393=ORIENTED_EDGE('',*,*,#2368,.F.) ;
#2394=ORIENTED_EDGE('',*,*,#2390,.T.) ;
#2395=ORIENTED_EDGE('',*,*,#2264,.T.) ;
#2432=ORIENTED_EDGE('',*,*,#2411,.F.) ;
#2433=ORIENTED_EDGE('',*,*,#2418,.T.) ;
#2434=ORIENTED_EDGE('',*,*,#2425,.T.) ;
#2435=ORIENTED_EDGE('',*,*,#2430,.F.) ;
#2463=ORIENTED_EDGE('',*,*,#2425,.F.) ;
#2464=ORIENTED_EDGE('',*,*,#2449,.T.) ;
#2465=ORIENTED_EDGE('',*,*,#2456,.T.) ;
#2466=ORIENTED_EDGE('',*,*,#2461,.F.) ;
#2489=ORIENTED_EDGE('',*,*,#2475,.T.) ;
#2490=ORIENTED_EDGE('',*,*,#2456,.F.) ;
#2491=ORIENTED_EDGE('',*,*,#2482,.F.) ;
#2492=ORIENTED_EDGE('',*,*,#2487,.T.) ;
#2511=ORIENTED_EDGE('',*,*,#2487,.F.) ;
#2512=ORIENTED_EDGE('',*,*,#2504,.T.) ;
#2513=ORIENTED_EDGE('',*,*,#2411,.T.) ;
#2514=ORIENTED_EDGE('',*,*,#2509,.F.) ;
#2518=ORIENTED_EDGE('',*,*,#1458,.T.) ;
#2519=ORIENTED_EDGE('',*,*,#1435,.F.) ;
#2520=ORIENTED_EDGE('',*,*,#1413,.F.) ;
#2521=ORIENTED_EDGE('',*,*,#1389,.T.) ;
#2522=ORIENTED_EDGE('',*,*,#1365,.F.) ;
#2526=ORIENTED_EDGE('',*,*,#1610,.T.) ;
#2527=ORIENTED_EDGE('',*,*,#1587,.F.) ;
#2528=ORIENTED_EDGE('',*,*,#1565,.F.) ;
#2529=ORIENTED_EDGE('',*,*,#1541,.T.) ;
#2530=ORIENTED_EDGE('',*,*,#1517,.F.) ;
#2534=ORIENTED_EDGE('',*,*,#1782,.F.) ;
#2535=ORIENTED_EDGE('',*,*,#1744,.T.) ;
#2536=ORIENTED_EDGE('',*,*,#1713,.F.) ;
#2537=ORIENTED_EDGE('',*,*,#1682,.F.) ;
#2538=ORIENTED_EDGE('',*,*,#1658,.F.) ;
#2539=ORIENTED_EDGE('',*,*,#1804,.F.) ;
#2543=ORIENTED_EDGE('',*,*,#1963,.F.) ;
#2544=ORIENTED_EDGE('',*,*,#1920,.T.) ;
#2545=ORIENTED_EDGE('',*,*,#1894,.F.) ;
#2546=ORIENTED_EDGE('',*,*,#1863,.F.) ;
#2547=ORIENTED_EDGE('',*,*,#1849,.F.) ;
#2548=ORIENTED_EDGE('',*,*,#1980,.F.) ;
#2552=ORIENTED_EDGE('',*,*,#2200,.F.) ;
#2553=ORIENTED_EDGE('',*,*,#2176,.T.) ;
#2554=ORIENTED_EDGE('',*,*,#2143,.F.) ;
#2555=ORIENTED_EDGE('',*,*,#2124,.F.) ;
#2556=ORIENTED_EDGE('',*,*,#2091,.F.) ;
#2557=ORIENTED_EDGE('',*,*,#2072,.F.) ;
#2558=ORIENTED_EDGE('',*,*,#2046,.F.) ;
#2559=ORIENTED_EDGE('',*,*,#2006,.F.) ;
#2560=ORIENTED_EDGE('',*,*,#2224,.F.) ;
#2564=ORIENTED_EDGE('',*,*,#2361,.F.) ;
#2565=ORIENTED_EDGE('',*,*,#2330,.T.) ;
#2566=ORIENTED_EDGE('',*,*,#2304,.F.) ;
#2567=ORIENTED_EDGE('',*,*,#2285,.F.) ;
#2568=ORIENTED_EDGE('',*,*,#2245,.F.) ;
#2569=ORIENTED_EDGE('',*,*,#2390,.F.) ;
#2573=ORIENTED_EDGE('',*,*,#2482,.T.) ;
#2574=ORIENTED_EDGE('',*,*,#2449,.F.) ;
#2575=ORIENTED_EDGE('',*,*,#2418,.F.) ;
#2576=ORIENTED_EDGE('',*,*,#2504,.F.) ;
#2599=ORIENTED_EDGE('',*,*,#2585,.T.) ;
#2600=ORIENTED_EDGE('',*,*,#84,.F.) ;
#2601=ORIENTED_EDGE('',*,*,#1235,.T.) ;
#2602=ORIENTED_EDGE('',*,*,#1208,.F.) ;
#2603=ORIENTED_EDGE('',*,*,#1343,.T.) ;
#2604=ORIENTED_EDGE('',*,*,#2592,.F.) ;
#2605=ORIENTED_EDGE('',*,*,#2597,.F.) ;
#2627=ORIENTED_EDGE('',*,*,#2617,.T.) ;
#2628=ORIENTED_EDGE('',*,*,#2597,.T.) ;
#2629=ORIENTED_EDGE('',*,*,#2625,.F.) ;
#2630=ORIENTED_EDGE('',*,*,#1085,.T.) ;
#2639=ORIENTED_EDGE('',*,*,#1132,.F.) ;
#2640=ORIENTED_EDGE('',*,*,#65,.F.) ;
#2641=ORIENTED_EDGE('',*,*,#2585,.F.) ;
#2642=ORIENTED_EDGE('',*,*,#2617,.F.) ;
#2646=ORIENTED_EDGE('',*,*,#1338,.F.) ;
#2647=ORIENTED_EDGE('',*,*,#1012,.F.) ;
#2648=ORIENTED_EDGE('',*,*,#1090,.T.) ;
#2649=ORIENTED_EDGE('',*,*,#2625,.T.) ;
#2650=ORIENTED_EDGE('',*,*,#2592,.T.) ;
#2706=ORIENTED_EDGE('',*,*,#2664,.F.) ;
#2707=ORIENTED_EDGE('',*,*,#492,.F.) ;
#2708=ORIENTED_EDGE('',*,*,#530,.T.) ;
#2709=ORIENTED_EDGE('',*,*,#608,.F.) ;
#2710=ORIENTED_EDGE('',*,*,#401,.T.) ;
#2711=ORIENTED_EDGE('',*,*,#2671,.T.) ;
#2712=ORIENTED_EDGE('',*,*,#2678,.T.) ;
#2713=ORIENTED_EDGE('',*,*,#2685,.T.) ;
#2714=ORIENTED_EDGE('',*,*,#2692,.T.) ;
#2715=ORIENTED_EDGE('',*,*,#2699,.T.) ;
#2716=ORIENTED_EDGE('',*,*,#2704,.T.) ;
#2744=ORIENTED_EDGE('',*,*,#2730,.T.) ;
#2745=ORIENTED_EDGE('',*,*,#2737,.T.) ;
#2746=ORIENTED_EDGE('',*,*,#2742,.F.) ;
#2747=ORIENTED_EDGE('',*,*,#2685,.F.) ;
#2768=ORIENTED_EDGE('',*,*,#2742,.T.) ;
#2769=ORIENTED_EDGE('',*,*,#2761,.T.) ;
#2770=ORIENTED_EDGE('',*,*,#2766,.F.) ;
#2771=ORIENTED_EDGE('',*,*,#2692,.F.) ;
#2792=ORIENTED_EDGE('',*,*,#2766,.T.) ;
#2793=ORIENTED_EDGE('',*,*,#2785,.T.) ;
#2794=ORIENTED_EDGE('',*,*,#2790,.F.) ;
#2795=ORIENTED_EDGE('',*,*,#2699,.F.) ;
#2819=ORIENTED_EDGE('',*,*,#2704,.F.) ;
#2820=ORIENTED_EDGE('',*,*,#2790,.T.) ;
#2821=ORIENTED_EDGE('',*,*,#2809,.T.) ;
#2822=ORIENTED_EDGE('',*,*,#2817,.T.) ;
#2845=ORIENTED_EDGE('',*,*,#2836,.T.) ;
#2846=ORIENTED_EDGE('',*,*,#2730,.F.) ;
#2847=ORIENTED_EDGE('',*,*,#2678,.F.) ;
#2848=ORIENTED_EDGE('',*,*,#2843,.T.) ;
#2911=ORIENTED_EDGE('',*,*,#2864,.F.) ;
#2912=ORIENTED_EDGE('',*,*,#2871,.F.) ;
#2913=ORIENTED_EDGE('',*,*,#2878,.F.) ;
#2914=ORIENTED_EDGE('',*,*,#2885,.F.) ;
#2915=ORIENTED_EDGE('',*,*,#2892,.F.) ;
#2916=ORIENTED_EDGE('',*,*,#2897,.F.) ;
#2917=ORIENTED_EDGE('',*,*,#436,.F.) ;
#2918=ORIENTED_EDGE('',*,*,#658,.T.) ;
#2919=ORIENTED_EDGE('',*,*,#624,.F.) ;
#2920=ORIENTED_EDGE('',*,*,#2904,.T.) ;
#2921=ORIENTED_EDGE('',*,*,#2909,.T.) ;
#2949=ORIENTED_EDGE('',*,*,#2937,.T.) ;
#2950=ORIENTED_EDGE('',*,*,#2942,.F.) ;
#2951=ORIENTED_EDGE('',*,*,#2836,.F.) ;
#2952=ORIENTED_EDGE('',*,*,#2947,.T.) ;
#2973=ORIENTED_EDGE('',*,*,#2966,.F.) ;
#2974=ORIENTED_EDGE('',*,*,#2737,.F.) ;
#2975=ORIENTED_EDGE('',*,*,#2942,.T.) ;
#2976=ORIENTED_EDGE('',*,*,#2971,.T.) ;
#2997=ORIENTED_EDGE('',*,*,#2990,.T.) ;
#2998=ORIENTED_EDGE('',*,*,#2995,.F.) ;
#2999=ORIENTED_EDGE('',*,*,#2761,.F.) ;
#3000=ORIENTED_EDGE('',*,*,#2966,.T.) ;
#3021=ORIENTED_EDGE('',*,*,#3014,.F.) ;
#3022=ORIENTED_EDGE('',*,*,#2785,.F.) ;
#3023=ORIENTED_EDGE('',*,*,#2995,.T.) ;
#3024=ORIENTED_EDGE('',*,*,#3019,.T.) ;
#3045=ORIENTED_EDGE('',*,*,#3038,.T.) ;
#3046=ORIENTED_EDGE('',*,*,#3043,.F.) ;
#3047=ORIENTED_EDGE('',*,*,#2809,.F.) ;
#3048=ORIENTED_EDGE('',*,*,#3014,.T.) ;
#3067=ORIENTED_EDGE('',*,*,#3060,.T.) ;
#3068=ORIENTED_EDGE('',*,*,#2885,.T.) ;
#3069=ORIENTED_EDGE('',*,*,#3065,.F.) ;
#3070=ORIENTED_EDGE('',*,*,#2971,.F.) ;
#3084=ORIENTED_EDGE('',*,*,#3065,.T.) ;
#3085=ORIENTED_EDGE('',*,*,#2878,.T.) ;
#3086=ORIENTED_EDGE('',*,*,#3082,.F.) ;
#3087=ORIENTED_EDGE('',*,*,#2990,.F.) ;
#3101=ORIENTED_EDGE('',*,*,#3082,.T.) ;
#3102=ORIENTED_EDGE('',*,*,#2871,.T.) ;
#3103=ORIENTED_EDGE('',*,*,#3099,.F.) ;
#3104=ORIENTED_EDGE('',*,*,#3019,.F.) ;
#3121=ORIENTED_EDGE('',*,*,#3038,.F.) ;
#3122=ORIENTED_EDGE('',*,*,#3099,.T.) ;
#3123=ORIENTED_EDGE('',*,*,#2864,.T.) ;
#3124=ORIENTED_EDGE('',*,*,#3119,.T.) ;
#3140=ORIENTED_EDGE('',*,*,#2892,.T.) ;
#3141=ORIENTED_EDGE('',*,*,#3060,.F.) ;
#3142=ORIENTED_EDGE('',*,*,#2937,.F.) ;
#3143=ORIENTED_EDGE('',*,*,#3138,.T.) ;
#3185=ORIENTED_EDGE('',*,*,#3159,.T.) ;
#3186=ORIENTED_EDGE('',*,*,#3164,.F.) ;
#3187=ORIENTED_EDGE('',*,*,#389,.F.) ;
#3188=ORIENTED_EDGE('',*,*,#601,.T.) ;
#3189=ORIENTED_EDGE('',*,*,#572,.F.) ;
#3190=ORIENTED_EDGE('',*,*,#776,.F.) ;
#3191=ORIENTED_EDGE('',*,*,#347,.T.) ;
#3192=ORIENTED_EDGE('',*,*,#3171,.F.) ;
#3193=ORIENTED_EDGE('',*,*,#3178,.F.) ;
#3194=ORIENTED_EDGE('',*,*,#3183,.T.) ;
#3208=ORIENTED_EDGE('',*,*,#3178,.T.) ;
#3209=ORIENTED_EDGE('',*,*,#3201,.F.) ;
#3210=ORIENTED_EDGE('',*,*,#3159,.F.) ;
#3211=ORIENTED_EDGE('',*,*,#3206,.T.) ;
#3239=ORIENTED_EDGE('',*,*,#3225,.T.) ;
#3240=ORIENTED_EDGE('',*,*,#3232,.T.) ;
#3241=ORIENTED_EDGE('',*,*,#3237,.F.) ;
#3242=ORIENTED_EDGE('',*,*,#3206,.F.) ;
#3256=ORIENTED_EDGE('',*,*,#3237,.T.) ;
#3257=ORIENTED_EDGE('',*,*,#3254,.T.) ;
#3258=ORIENTED_EDGE('',*,*,#3225,.F.) ;
#3259=ORIENTED_EDGE('',*,*,#3183,.F.) ;
#3297=ORIENTED_EDGE('',*,*,#3276,.T.) ;
#3298=ORIENTED_EDGE('',*,*,#3284,.T.) ;
#3299=ORIENTED_EDGE('',*,*,#3289,.T.) ;
#3300=ORIENTED_EDGE('',*,*,#544,.T.) ;
#3301=ORIENTED_EDGE('',*,*,#922,.F.) ;
#3302=ORIENTED_EDGE('',*,*,#3295,.F.) ;
#3377=ORIENTED_EDGE('',*,*,#3351,.T.) ;
#3378=ORIENTED_EDGE('',*,*,#3359,.T.) ;
#3379=ORIENTED_EDGE('',*,*,#3369,.T.) ;
#3380=ORIENTED_EDGE('',*,*,#3375,.F.) ;
#3443=ORIENTED_EDGE('',*,*,#3429,.T.) ;
#3444=ORIENTED_EDGE('',*,*,#3435,.F.) ;
#3445=ORIENTED_EDGE('',*,*,#3284,.F.) ;
#3446=ORIENTED_EDGE('',*,*,#3441,.T.) ;
#3503=ORIENTED_EDGE('',*,*,#3495,.T.) ;
#3504=ORIENTED_EDGE('',*,*,#3359,.F.) ;
#3505=ORIENTED_EDGE('',*,*,#3501,.T.) ;
#3552=ORIENTED_EDGE('',*,*,#3441,.F.) ;
#3553=ORIENTED_EDGE('',*,*,#3276,.F.) ;
#3554=ORIENTED_EDGE('',*,*,#3550,.T.) ;
#3608=ORIENTED_EDGE('',*,*,#3571,.F.) ;
#3609=ORIENTED_EDGE('',*,*,#3579,.F.) ;
#3610=ORIENTED_EDGE('',*,*,#3587,.T.) ;
#3611=ORIENTED_EDGE('',*,*,#3594,.T.) ;
#3612=ORIENTED_EDGE('',*,*,#3601,.T.) ;
#3613=ORIENTED_EDGE('',*,*,#3606,.F.) ;
#3649=ORIENTED_EDGE('',*,*,#3627,.T.) ;
#3650=ORIENTED_EDGE('',*,*,#3495,.F.) ;
#3651=ORIENTED_EDGE('',*,*,#3633,.F.) ;
#3652=ORIENTED_EDGE('',*,*,#855,.F.) ;
#3653=ORIENTED_EDGE('',*,*,#3641,.T.) ;
#3654=ORIENTED_EDGE('',*,*,#3647,.T.) ;
#3717=ORIENTED_EDGE('',*,*,#3703,.T.) ;
#3718=ORIENTED_EDGE('',*,*,#3709,.T.) ;
#3719=ORIENTED_EDGE('',*,*,#3571,.T.) ;
#3720=ORIENTED_EDGE('',*,*,#3715,.F.) ;
#3793=ORIENTED_EDGE('',*,*,#3769,.T.) ;
#3794=ORIENTED_EDGE('',*,*,#3777,.F.) ;
#3795=ORIENTED_EDGE('',*,*,#3785,.F.) ;
#3796=ORIENTED_EDGE('',*,*,#3791,.T.) ;
#3843=ORIENTED_EDGE('',*,*,#3579,.T.) ;
#3844=ORIENTED_EDGE('',*,*,#3709,.F.) ;
#3845=ORIENTED_EDGE('',*,*,#3841,.T.) ;
#3892=ORIENTED_EDGE('',*,*,#3791,.F.) ;
#3893=ORIENTED_EDGE('',*,*,#3647,.F.) ;
#3894=ORIENTED_EDGE('',*,*,#3890,.T.) ;
#3917=ORIENTED_EDGE('',*,*,#3905,.F.) ;
#3918=ORIENTED_EDGE('',*,*,#3910,.T.) ;
#3919=ORIENTED_EDGE('',*,*,#361,.F.) ;
#3920=ORIENTED_EDGE('',*,*,#784,.T.) ;
#3921=ORIENTED_EDGE('',*,*,#551,.F.) ;
#3922=ORIENTED_EDGE('',*,*,#3289,.F.) ;
#3923=ORIENTED_EDGE('',*,*,#3915,.T.) ;
#3964=ORIENTED_EDGE('',*,*,#3915,.F.) ;
#3965=ORIENTED_EDGE('',*,*,#3435,.T.) ;
#3966=ORIENTED_EDGE('',*,*,#3950,.T.) ;
#3967=ORIENTED_EDGE('',*,*,#3375,.T.) ;
#3968=ORIENTED_EDGE('',*,*,#3957,.T.) ;
#3969=ORIENTED_EDGE('',*,*,#3962,.F.) ;
#4002=ORIENTED_EDGE('',*,*,#3983,.F.) ;
#4003=ORIENTED_EDGE('',*,*,#3606,.T.) ;
#4004=ORIENTED_EDGE('',*,*,#3988,.T.) ;
#4005=ORIENTED_EDGE('',*,*,#762,.F.) ;
#4006=ORIENTED_EDGE('',*,*,#331,.T.) ;
#4007=ORIENTED_EDGE('',*,*,#3995,.F.) ;
#4008=ORIENTED_EDGE('',*,*,#4000,.F.) ;
#4045=ORIENTED_EDGE('',*,*,#4024,.F.) ;
#4046=ORIENTED_EDGE('',*,*,#4031,.T.) ;
#4047=ORIENTED_EDGE('',*,*,#4038,.T.) ;
#4048=ORIENTED_EDGE('',*,*,#4043,.T.) ;
#4069=ORIENTED_EDGE('',*,*,#4062,.F.) ;
#4070=ORIENTED_EDGE('',*,*,#3957,.F.) ;
#4071=ORIENTED_EDGE('',*,*,#3369,.F.) ;
#4072=ORIENTED_EDGE('',*,*,#3627,.F.) ;
#4073=ORIENTED_EDGE('',*,*,#3785,.T.) ;
#4074=ORIENTED_EDGE('',*,*,#4067,.T.) ;
#4108=ORIENTED_EDGE('',*,*,#4067,.F.) ;
#4109=ORIENTED_EDGE('',*,*,#3777,.T.) ;
#4110=ORIENTED_EDGE('',*,*,#4101,.T.) ;
#4111=ORIENTED_EDGE('',*,*,#3715,.T.) ;
#4112=ORIENTED_EDGE('',*,*,#3983,.T.) ;
#4113=ORIENTED_EDGE('',*,*,#4106,.F.) ;
#4132=ORIENTED_EDGE('',*,*,#4125,.T.) ;
#4133=ORIENTED_EDGE('',*,*,#3962,.T.) ;
#4134=ORIENTED_EDGE('',*,*,#4130,.F.) ;
#4148=ORIENTED_EDGE('',*,*,#4130,.T.) ;
#4149=ORIENTED_EDGE('',*,*,#4062,.T.) ;
#4150=ORIENTED_EDGE('',*,*,#4146,.F.) ;
#4151=ORIENTED_EDGE('',*,*,#4038,.F.) ;
#4165=ORIENTED_EDGE('',*,*,#4146,.T.) ;
#4166=ORIENTED_EDGE('',*,*,#4106,.T.) ;
#4167=ORIENTED_EDGE('',*,*,#4163,.F.) ;
#4181=ORIENTED_EDGE('',*,*,#4043,.F.) ;
#4182=ORIENTED_EDGE('',*,*,#4163,.T.) ;
#4183=ORIENTED_EDGE('',*,*,#4000,.T.) ;
#4184=ORIENTED_EDGE('',*,*,#4179,.T.) ;
#4198=ORIENTED_EDGE('',*,*,#3905,.T.) ;
#4199=ORIENTED_EDGE('',*,*,#4125,.F.) ;
#4200=ORIENTED_EDGE('',*,*,#4031,.F.) ;
#4201=ORIENTED_EDGE('',*,*,#4196,.T.) ;
#4227=ORIENTED_EDGE('',*,*,#4210,.F.) ;
#4228=ORIENTED_EDGE('',*,*,#700,.F.) ;
#4229=ORIENTED_EDGE('',*,*,#252,.F.) ;
#4230=ORIENTED_EDGE('',*,*,#739,.F.) ;
#4231=ORIENTED_EDGE('',*,*,#734,.F.) ;
#4232=ORIENTED_EDGE('',*,*,#754,.F.) ;
#4233=ORIENTED_EDGE('',*,*,#3988,.F.) ;
#4234=ORIENTED_EDGE('',*,*,#3601,.F.) ;
#4235=ORIENTED_EDGE('',*,*,#4217,.F.) ;
#4236=ORIENTED_EDGE('',*,*,#4225,.F.) ;
#4279=ORIENTED_EDGE('',*,*,#4259,.F.) ;
#4280=ORIENTED_EDGE('',*,*,#4217,.T.) ;
#4281=ORIENTED_EDGE('',*,*,#3594,.F.) ;
#4282=ORIENTED_EDGE('',*,*,#4272,.F.) ;
#4283=ORIENTED_EDGE('',*,*,#4277,.F.) ;
#4332=ORIENTED_EDGE('',*,*,#4297,.F.) ;
#4333=ORIENTED_EDGE('',*,*,#4304,.F.) ;
#4334=ORIENTED_EDGE('',*,*,#4311,.F.) ;
#4335=ORIENTED_EDGE('',*,*,#4318,.F.) ;
#4336=ORIENTED_EDGE('',*,*,#4325,.F.) ;
#4337=ORIENTED_EDGE('',*,*,#4330,.F.) ;
#4338=ORIENTED_EDGE('',*,*,#197,.T.) ;
#4339=ORIENTED_EDGE('',*,*,#708,.T.) ;
#4340=ORIENTED_EDGE('',*,*,#4210,.T.) ;
#4368=ORIENTED_EDGE('',*,*,#4354,.T.) ;
#4369=ORIENTED_EDGE('',*,*,#4318,.T.) ;
#4370=ORIENTED_EDGE('',*,*,#4361,.F.) ;
#4371=ORIENTED_EDGE('',*,*,#4366,.F.) ;
#4392=ORIENTED_EDGE('',*,*,#4361,.T.) ;
#4393=ORIENTED_EDGE('',*,*,#4311,.T.) ;
#4394=ORIENTED_EDGE('',*,*,#4385,.F.) ;
#4395=ORIENTED_EDGE('',*,*,#4390,.F.) ;
#4416=ORIENTED_EDGE('',*,*,#4385,.T.) ;
#4417=ORIENTED_EDGE('',*,*,#4304,.T.) ;
#4418=ORIENTED_EDGE('',*,*,#4409,.F.) ;
#4419=ORIENTED_EDGE('',*,*,#4414,.F.) ;
#4433=ORIENTED_EDGE('',*,*,#4431,.F.) ;
#4434=ORIENTED_EDGE('',*,*,#4409,.T.) ;
#4435=ORIENTED_EDGE('',*,*,#4297,.T.) ;
#4436=ORIENTED_EDGE('',*,*,#4225,.T.) ;
#4437=ORIENTED_EDGE('',*,*,#4259,.T.) ;
#4460=ORIENTED_EDGE('',*,*,#4325,.T.) ;
#4461=ORIENTED_EDGE('',*,*,#4354,.F.) ;
#4462=ORIENTED_EDGE('',*,*,#4451,.F.) ;
#4463=ORIENTED_EDGE('',*,*,#4458,.T.) ;
#4526=ORIENTED_EDGE('',*,*,#4479,.F.) ;
#4527=ORIENTED_EDGE('',*,*,#4484,.F.) ;
#4528=ORIENTED_EDGE('',*,*,#801,.F.) ;
#4529=ORIENTED_EDGE('',*,*,#834,.F.) ;
#4530=ORIENTED_EDGE('',*,*,#471,.F.) ;
#4531=ORIENTED_EDGE('',*,*,#4491,.T.) ;
#4532=ORIENTED_EDGE('',*,*,#4498,.T.) ;
#4533=ORIENTED_EDGE('',*,*,#4505,.T.) ;
#4534=ORIENTED_EDGE('',*,*,#4512,.T.) ;
#4535=ORIENTED_EDGE('',*,*,#4519,.T.) ;
#4536=ORIENTED_EDGE('',*,*,#4524,.T.) ;
#4564=ORIENTED_EDGE('',*,*,#4552,.F.) ;
#4565=ORIENTED_EDGE('',*,*,#4557,.T.) ;
#4566=ORIENTED_EDGE('',*,*,#4451,.T.) ;
#4567=ORIENTED_EDGE('',*,*,#4562,.F.) ;
#4588=ORIENTED_EDGE('',*,*,#4562,.T.) ;
#4589=ORIENTED_EDGE('',*,*,#4366,.T.) ;
#4590=ORIENTED_EDGE('',*,*,#4581,.F.) ;
#4591=ORIENTED_EDGE('',*,*,#4586,.F.) ;
#4607=ORIENTED_EDGE('',*,*,#4600,.F.) ;
#4608=ORIENTED_EDGE('',*,*,#4581,.T.) ;
#4609=ORIENTED_EDGE('',*,*,#4390,.T.) ;
#4610=ORIENTED_EDGE('',*,*,#4605,.F.) ;
#4631=ORIENTED_EDGE('',*,*,#4605,.T.) ;
#4632=ORIENTED_EDGE('',*,*,#4414,.T.) ;
#4633=ORIENTED_EDGE('',*,*,#4624,.F.) ;
#4634=ORIENTED_EDGE('',*,*,#4629,.F.) ;
#4655=ORIENTED_EDGE('',*,*,#4648,.F.) ;
#4656=ORIENTED_EDGE('',*,*,#4624,.T.) ;
#4657=ORIENTED_EDGE('',*,*,#4431,.T.) ;
#4658=ORIENTED_EDGE('',*,*,#4277,.T.) ;
#4659=ORIENTED_EDGE('',*,*,#4653,.F.) ;
#4678=ORIENTED_EDGE('',*,*,#4671,.T.) ;
#4679=ORIENTED_EDGE('',*,*,#4586,.T.) ;
#4680=ORIENTED_EDGE('',*,*,#4676,.F.) ;
#4681=ORIENTED_EDGE('',*,*,#4505,.F.) ;
#4695=ORIENTED_EDGE('',*,*,#4676,.T.) ;
#4696=ORIENTED_EDGE('',*,*,#4600,.T.) ;
#4697=ORIENTED_EDGE('',*,*,#4693,.F.) ;
#4698=ORIENTED_EDGE('',*,*,#4512,.F.) ;
#4712=ORIENTED_EDGE('',*,*,#4693,.T.) ;
#4713=ORIENTED_EDGE('',*,*,#4629,.T.) ;
#4714=ORIENTED_EDGE('',*,*,#4710,.F.) ;
#4715=ORIENTED_EDGE('',*,*,#4519,.F.) ;
#4732=ORIENTED_EDGE('',*,*,#4524,.F.) ;
#4733=ORIENTED_EDGE('',*,*,#4710,.T.) ;
#4734=ORIENTED_EDGE('',*,*,#4648,.T.) ;
#4735=ORIENTED_EDGE('',*,*,#4730,.T.) ;
#4751=ORIENTED_EDGE('',*,*,#4552,.T.) ;
#4752=ORIENTED_EDGE('',*,*,#4671,.F.) ;
#4753=ORIENTED_EDGE('',*,*,#4498,.F.) ;
#4754=ORIENTED_EDGE('',*,*,#4749,.T.) ;
#4763=ORIENTED_EDGE('',*,*,#998,.T.) ;
#4764=ORIENTED_EDGE('',*,*,#1095,.T.) ;
#4767=ORIENTED_EDGE('',*,*,#1644,.T.) ;
#4768=ORIENTED_EDGE('',*,*,#1694,.T.) ;
#4769=ORIENTED_EDGE('',*,*,#1725,.T.) ;
#4770=ORIENTED_EDGE('',*,*,#1756,.F.) ;
#4771=ORIENTED_EDGE('',*,*,#1775,.T.) ;
#4772=ORIENTED_EDGE('',*,*,#1809,.T.) ;
#4775=ORIENTED_EDGE('',*,*,#1837,.T.) ;
#4776=ORIENTED_EDGE('',*,*,#1875,.T.) ;
#4777=ORIENTED_EDGE('',*,*,#1906,.T.) ;
#4778=ORIENTED_EDGE('',*,*,#1932,.F.) ;
#4779=ORIENTED_EDGE('',*,*,#1958,.T.) ;
#4780=ORIENTED_EDGE('',*,*,#1985,.T.) ;
#4783=ORIENTED_EDGE('',*,*,#2020,.T.) ;
#4784=ORIENTED_EDGE('',*,*,#2039,.T.) ;
#4785=ORIENTED_EDGE('',*,*,#2065,.T.) ;
#4786=ORIENTED_EDGE('',*,*,#2103,.T.) ;
#4787=ORIENTED_EDGE('',*,*,#2117,.T.) ;
#4788=ORIENTED_EDGE('',*,*,#2155,.T.) ;
#4789=ORIENTED_EDGE('',*,*,#2169,.F.) ;
#4790=ORIENTED_EDGE('',*,*,#2212,.T.) ;
#4791=ORIENTED_EDGE('',*,*,#2229,.T.) ;
#4794=ORIENTED_EDGE('',*,*,#2259,.T.) ;
#4795=ORIENTED_EDGE('',*,*,#2278,.T.) ;
#4796=ORIENTED_EDGE('',*,*,#2316,.T.) ;
#4797=ORIENTED_EDGE('',*,*,#2342,.F.) ;
#4798=ORIENTED_EDGE('',*,*,#2373,.T.) ;
#4799=ORIENTED_EDGE('',*,*,#2385,.T.) ;
#4802=ORIENTED_EDGE('',*,*,#2430,.T.) ;
#4803=ORIENTED_EDGE('',*,*,#2461,.T.) ;
#4804=ORIENTED_EDGE('',*,*,#2475,.F.) ;
#4805=ORIENTED_EDGE('',*,*,#2509,.T.) ;
#4906=ORIENTED_EDGE('',*,*,#4815,.F.) ;
#4907=ORIENTED_EDGE('',*,*,#4822,.F.) ;
#4908=ORIENTED_EDGE('',*,*,#4829,.F.) ;
#4909=ORIENTED_EDGE('',*,*,#4836,.T.) ;
#4910=ORIENTED_EDGE('',*,*,#4843,.T.) ;
#4911=ORIENTED_EDGE('',*,*,#4850,.F.) ;
#4912=ORIENTED_EDGE('',*,*,#4857,.F.) ;
#4913=ORIENTED_EDGE('',*,*,#4864,.F.) ;
#4914=ORIENTED_EDGE('',*,*,#4871,.F.) ;
#4915=ORIENTED_EDGE('',*,*,#4878,.F.) ;
#4916=ORIENTED_EDGE('',*,*,#4885,.F.) ;
#4917=ORIENTED_EDGE('',*,*,#4892,.F.) ;
#4918=ORIENTED_EDGE('',*,*,#4899,.F.) ;
#4919=ORIENTED_EDGE('',*,*,#4904,.T.) ;
#4942=ORIENTED_EDGE('',*,*,#4935,.T.) ;
#4943=ORIENTED_EDGE('',*,*,#4940,.T.) ;
#4986=ORIENTED_EDGE('',*,*,#4959,.T.) ;
#4987=ORIENTED_EDGE('',*,*,#4969,.F.) ;
#4988=ORIENTED_EDGE('',*,*,#4976,.T.) ;
#4989=ORIENTED_EDGE('',*,*,#4984,.F.) ;
#5026=ORIENTED_EDGE('',*,*,#5005,.F.) ;
#5027=ORIENTED_EDGE('',*,*,#5012,.F.) ;
#5028=ORIENTED_EDGE('',*,*,#5019,.T.) ;
#5029=ORIENTED_EDGE('',*,*,#5024,.F.) ;
#5061=ORIENTED_EDGE('',*,*,#4959,.F.) ;
#5062=ORIENTED_EDGE('',*,*,#5044,.F.) ;
#5063=ORIENTED_EDGE('',*,*,#5024,.T.) ;
#5064=ORIENTED_EDGE('',*,*,#5053,.F.) ;
#5065=ORIENTED_EDGE('',*,*,#5059,.F.) ;
#5093=ORIENTED_EDGE('',*,*,#5081,.T.) ;
#5094=ORIENTED_EDGE('',*,*,#5086,.F.) ;
#5095=ORIENTED_EDGE('',*,*,#4864,.T.) ;
#5096=ORIENTED_EDGE('',*,*,#5091,.T.) ;
#5130=ORIENTED_EDGE('',*,*,#5081,.F.) ;
#5131=ORIENTED_EDGE('',*,*,#5113,.F.) ;
#5132=ORIENTED_EDGE('',*,*,#5120,.T.) ;
#5133=ORIENTED_EDGE('',*,*,#5128,.F.) ;
#5170=ORIENTED_EDGE('',*,*,#5149,.F.) ;
#5171=ORIENTED_EDGE('',*,*,#5156,.F.) ;
#5172=ORIENTED_EDGE('',*,*,#5163,.T.) ;
#5173=ORIENTED_EDGE('',*,*,#5168,.F.) ;
#5214=ORIENTED_EDGE('',*,*,#5189,.T.) ;
#5215=ORIENTED_EDGE('',*,*,#5197,.F.) ;
#5216=ORIENTED_EDGE('',*,*,#5168,.T.) ;
#5217=ORIENTED_EDGE('',*,*,#5206,.F.) ;
#5218=ORIENTED_EDGE('',*,*,#5212,.F.) ;
#5252=ORIENTED_EDGE('',*,*,#5189,.F.) ;
#5253=ORIENTED_EDGE('',*,*,#5235,.F.) ;
#5254=ORIENTED_EDGE('',*,*,#5242,.T.) ;
#5255=ORIENTED_EDGE('',*,*,#5250,.F.) ;
#5283=ORIENTED_EDGE('',*,*,#5269,.F.) ;
#5284=ORIENTED_EDGE('',*,*,#4815,.T.) ;
#5285=ORIENTED_EDGE('',*,*,#5276,.T.) ;
#5286=ORIENTED_EDGE('',*,*,#5281,.T.) ;
#5320=ORIENTED_EDGE('',*,*,#5281,.F.) ;
#5321=ORIENTED_EDGE('',*,*,#5303,.F.) ;
#5322=ORIENTED_EDGE('',*,*,#5310,.T.) ;
#5323=ORIENTED_EDGE('',*,*,#5318,.F.) ;
#5349=ORIENTED_EDGE('',*,*,#5337,.F.) ;
#5350=ORIENTED_EDGE('',*,*,#5235,.T.) ;
#5351=ORIENTED_EDGE('',*,*,#5212,.T.) ;
#5352=ORIENTED_EDGE('',*,*,#5342,.F.) ;
#5353=ORIENTED_EDGE('',*,*,#4836,.F.) ;
#5354=ORIENTED_EDGE('',*,*,#5347,.T.) ;
#5401=ORIENTED_EDGE('',*,*,#5365,.T.) ;
#5402=ORIENTED_EDGE('',*,*,#5370,.T.) ;
#5403=ORIENTED_EDGE('',*,*,#5303,.T.) ;
#5404=ORIENTED_EDGE('',*,*,#5276,.F.) ;
#5405=ORIENTED_EDGE('',*,*,#4904,.F.) ;
#5406=ORIENTED_EDGE('',*,*,#4899,.T.) ;
#5407=ORIENTED_EDGE('',*,*,#4892,.T.) ;
#5408=ORIENTED_EDGE('',*,*,#5375,.F.) ;
#5409=ORIENTED_EDGE('',*,*,#5053,.T.) ;
#5410=ORIENTED_EDGE('',*,*,#5019,.F.) ;
#5411=ORIENTED_EDGE('',*,*,#5382,.T.) ;
#5412=ORIENTED_EDGE('',*,*,#5387,.F.) ;
#5413=ORIENTED_EDGE('',*,*,#4935,.F.) ;
#5414=ORIENTED_EDGE('',*,*,#5394,.F.) ;
#5415=ORIENTED_EDGE('',*,*,#5399,.T.) ;
#5431=ORIENTED_EDGE('',*,*,#5424,.F.) ;
#5432=ORIENTED_EDGE('',*,*,#4969,.T.) ;
#5433=ORIENTED_EDGE('',*,*,#5059,.T.) ;
#5434=ORIENTED_EDGE('',*,*,#5375,.T.) ;
#5435=ORIENTED_EDGE('',*,*,#4885,.T.) ;
#5436=ORIENTED_EDGE('',*,*,#5429,.T.) ;
#5464=ORIENTED_EDGE('',*,*,#5447,.T.) ;
#5465=ORIENTED_EDGE('',*,*,#5452,.T.) ;
#5466=ORIENTED_EDGE('',*,*,#5113,.T.) ;
#5467=ORIENTED_EDGE('',*,*,#5091,.F.) ;
#5468=ORIENTED_EDGE('',*,*,#4857,.T.) ;
#5469=ORIENTED_EDGE('',*,*,#4850,.T.) ;
#5470=ORIENTED_EDGE('',*,*,#4843,.F.) ;
#5471=ORIENTED_EDGE('',*,*,#5342,.T.) ;
#5472=ORIENTED_EDGE('',*,*,#5206,.T.) ;
#5473=ORIENTED_EDGE('',*,*,#5163,.F.) ;
#5474=ORIENTED_EDGE('',*,*,#5457,.T.) ;
#5475=ORIENTED_EDGE('',*,*,#5394,.T.) ;
#5476=ORIENTED_EDGE('',*,*,#4940,.F.) ;
#5477=ORIENTED_EDGE('',*,*,#5387,.T.) ;
#5478=ORIENTED_EDGE('',*,*,#5462,.T.) ;
#5499=ORIENTED_EDGE('',*,*,#5492,.T.) ;
#5500=ORIENTED_EDGE('',*,*,#5429,.F.) ;
#5501=ORIENTED_EDGE('',*,*,#4878,.T.) ;
#5502=ORIENTED_EDGE('',*,*,#5497,.T.) ;
#5523=ORIENTED_EDGE('',*,*,#5516,.T.) ;
#5524=ORIENTED_EDGE('',*,*,#5347,.F.) ;
#5525=ORIENTED_EDGE('',*,*,#4829,.T.) ;
#5526=ORIENTED_EDGE('',*,*,#5521,.T.) ;
#5540=ORIENTED_EDGE('',*,*,#5242,.F.) ;
#5541=ORIENTED_EDGE('',*,*,#5337,.T.) ;
#5542=ORIENTED_EDGE('',*,*,#5516,.F.) ;
#5543=ORIENTED_EDGE('',*,*,#5538,.F.) ;
#5552=ORIENTED_EDGE('',*,*,#4976,.F.) ;
#5553=ORIENTED_EDGE('',*,*,#5424,.T.) ;
#5554=ORIENTED_EDGE('',*,*,#5492,.F.) ;
#5555=ORIENTED_EDGE('',*,*,#5550,.F.) ;
#5590=ORIENTED_EDGE('',*,*,#5571,.T.) ;
#5591=ORIENTED_EDGE('',*,*,#5576,.T.) ;
#5592=ORIENTED_EDGE('',*,*,#5120,.F.) ;
#5593=ORIENTED_EDGE('',*,*,#5452,.F.) ;
#5594=ORIENTED_EDGE('',*,*,#5447,.F.) ;
#5595=ORIENTED_EDGE('',*,*,#5462,.F.) ;
#5596=ORIENTED_EDGE('',*,*,#5382,.F.) ;
#5597=ORIENTED_EDGE('',*,*,#5012,.T.) ;
#5598=ORIENTED_EDGE('',*,*,#5583,.T.) ;
#5599=ORIENTED_EDGE('',*,*,#5588,.T.) ;
#5622=ORIENTED_EDGE('',*,*,#5365,.F.) ;
#5623=ORIENTED_EDGE('',*,*,#5399,.F.) ;
#5624=ORIENTED_EDGE('',*,*,#5457,.F.) ;
#5625=ORIENTED_EDGE('',*,*,#5156,.T.) ;
#5626=ORIENTED_EDGE('',*,*,#5608,.T.) ;
#5627=ORIENTED_EDGE('',*,*,#5615,.T.) ;
#5628=ORIENTED_EDGE('',*,*,#5620,.T.) ;
#5629=ORIENTED_EDGE('',*,*,#5310,.F.) ;
#5630=ORIENTED_EDGE('',*,*,#5370,.F.) ;
#5644=ORIENTED_EDGE('',*,*,#5497,.F.) ;
#5645=ORIENTED_EDGE('',*,*,#4871,.T.) ;
#5646=ORIENTED_EDGE('',*,*,#5086,.T.) ;
#5647=ORIENTED_EDGE('',*,*,#5128,.T.) ;
#5648=ORIENTED_EDGE('',*,*,#5576,.F.) ;
#5649=ORIENTED_EDGE('',*,*,#5571,.F.) ;
#5650=ORIENTED_EDGE('',*,*,#5642,.T.) ;
#5651=ORIENTED_EDGE('',*,*,#5550,.T.) ;
#5655=ORIENTED_EDGE('',*,*,#5583,.F.) ;
#5656=ORIENTED_EDGE('',*,*,#5005,.T.) ;
#5657=ORIENTED_EDGE('',*,*,#5044,.T.) ;
#5658=ORIENTED_EDGE('',*,*,#4984,.T.) ;
#5659=ORIENTED_EDGE('',*,*,#5642,.F.) ;
#5660=ORIENTED_EDGE('',*,*,#5588,.F.) ;
#5664=ORIENTED_EDGE('',*,*,#5521,.F.) ;
#5665=ORIENTED_EDGE('',*,*,#4822,.T.) ;
#5666=ORIENTED_EDGE('',*,*,#5269,.T.) ;
#5667=ORIENTED_EDGE('',*,*,#5318,.T.) ;
#5668=ORIENTED_EDGE('',*,*,#5620,.F.) ;
#5669=ORIENTED_EDGE('',*,*,#5615,.F.) ;
#5670=ORIENTED_EDGE('',*,*,#5608,.F.) ;
#5671=ORIENTED_EDGE('',*,*,#5149,.T.) ;
#5672=ORIENTED_EDGE('',*,*,#5197,.T.) ;
#5673=ORIENTED_EDGE('',*,*,#5250,.T.) ;
#5674=ORIENTED_EDGE('',*,*,#5538,.T.) ;
#5711=ORIENTED_EDGE('',*,*,#5690,.T.) ;
#5712=ORIENTED_EDGE('',*,*,#5697,.F.) ;
#5713=ORIENTED_EDGE('',*,*,#5704,.F.) ;
#5714=ORIENTED_EDGE('',*,*,#5709,.T.) ;
#5728=ORIENTED_EDGE('',*,*,#5721,.T.) ;
#5729=ORIENTED_EDGE('',*,*,#5709,.F.) ;
#5730=ORIENTED_EDGE('',*,*,#5726,.F.) ;
#5731=ORIENTED_EDGE('',*,*,#5697,.T.) ;
#5740=ORIENTED_EDGE('',*,*,#5721,.F.) ;
#5741=ORIENTED_EDGE('',*,*,#5690,.F.) ;
#5750=ORIENTED_EDGE('',*,*,#126,.F.) ;
#5751=ORIENTED_EDGE('',*,*,#119,.F.) ;
#5752=ORIENTED_EDGE('',*,*,#157,.F.) ;
#5753=ORIENTED_EDGE('',*,*,#133,.F.) ;
#5789=ORIENTED_EDGE('',*,*,#5763,.F.) ;
#5790=ORIENTED_EDGE('',*,*,#5770,.F.) ;
#5791=ORIENTED_EDGE('',*,*,#5775,.F.) ;
#5792=ORIENTED_EDGE('',*,*,#417,.T.) ;
#5793=ORIENTED_EDGE('',*,*,#2897,.T.) ;
#5794=ORIENTED_EDGE('',*,*,#3138,.F.) ;
#5795=ORIENTED_EDGE('',*,*,#2947,.F.) ;
#5796=ORIENTED_EDGE('',*,*,#2843,.F.) ;
#5797=ORIENTED_EDGE('',*,*,#2671,.F.) ;
#5798=ORIENTED_EDGE('',*,*,#396,.T.) ;
#5799=ORIENTED_EDGE('',*,*,#3164,.T.) ;
#5800=ORIENTED_EDGE('',*,*,#3201,.T.) ;
#5801=ORIENTED_EDGE('',*,*,#3171,.T.) ;
#5802=ORIENTED_EDGE('',*,*,#366,.T.) ;
#5803=ORIENTED_EDGE('',*,*,#3910,.F.) ;
#5804=ORIENTED_EDGE('',*,*,#4196,.F.) ;
#5805=ORIENTED_EDGE('',*,*,#4024,.T.) ;
#5806=ORIENTED_EDGE('',*,*,#4179,.F.) ;
#5807=ORIENTED_EDGE('',*,*,#3995,.T.) ;
#5808=ORIENTED_EDGE('',*,*,#326,.T.) ;
#5809=ORIENTED_EDGE('',*,*,#293,.T.) ;
#5810=ORIENTED_EDGE('',*,*,#216,.T.) ;
#5811=ORIENTED_EDGE('',*,*,#178,.T.) ;
#5812=ORIENTED_EDGE('',*,*,#4330,.T.) ;
#5813=ORIENTED_EDGE('',*,*,#4458,.F.) ;
#5814=ORIENTED_EDGE('',*,*,#4557,.F.) ;
#5815=ORIENTED_EDGE('',*,*,#4749,.F.) ;
#5816=ORIENTED_EDGE('',*,*,#4491,.F.) ;
#5817=ORIENTED_EDGE('',*,*,#466,.T.) ;
#5818=ORIENTED_EDGE('',*,*,#5782,.T.) ;
#5819=ORIENTED_EDGE('',*,*,#5787,.F.) ;
#5835=ORIENTED_EDGE('',*,*,#5828,.T.) ;
#5836=ORIENTED_EDGE('',*,*,#5833,.T.) ;
#5837=ORIENTED_EDGE('',*,*,#2904,.F.) ;
#5838=ORIENTED_EDGE('',*,*,#636,.F.) ;
#5839=ORIENTED_EDGE('',*,*,#650,.F.) ;
#5840=ORIENTED_EDGE('',*,*,#424,.T.) ;
#5841=ORIENTED_EDGE('',*,*,#5775,.T.) ;
#5862=ORIENTED_EDGE('',*,*,#5855,.T.) ;
#5863=ORIENTED_EDGE('',*,*,#5782,.F.) ;
#5864=ORIENTED_EDGE('',*,*,#459,.F.) ;
#5865=ORIENTED_EDGE('',*,*,#827,.T.) ;
#5866=ORIENTED_EDGE('',*,*,#808,.T.) ;
#5867=ORIENTED_EDGE('',*,*,#4484,.T.) ;
#5868=ORIENTED_EDGE('',*,*,#5860,.F.) ;
#5882=ORIENTED_EDGE('',*,*,#5860,.T.) ;
#5883=ORIENTED_EDGE('',*,*,#4479,.T.) ;
#5884=ORIENTED_EDGE('',*,*,#4730,.F.) ;
#5885=ORIENTED_EDGE('',*,*,#4653,.T.) ;
#5886=ORIENTED_EDGE('',*,*,#4272,.T.) ;
#5887=ORIENTED_EDGE('',*,*,#3587,.F.) ;
#5888=ORIENTED_EDGE('',*,*,#3841,.F.) ;
#5889=ORIENTED_EDGE('',*,*,#3703,.F.) ;
#5890=ORIENTED_EDGE('',*,*,#4101,.F.) ;
#5891=ORIENTED_EDGE('',*,*,#3769,.F.) ;
#5892=ORIENTED_EDGE('',*,*,#3890,.F.) ;
#5893=ORIENTED_EDGE('',*,*,#3641,.F.) ;
#5894=ORIENTED_EDGE('',*,*,#874,.T.) ;
#5895=ORIENTED_EDGE('',*,*,#891,.T.) ;
#5896=ORIENTED_EDGE('',*,*,#862,.F.) ;
#5897=ORIENTED_EDGE('',*,*,#3633,.T.) ;
#5898=ORIENTED_EDGE('',*,*,#3501,.F.) ;
#5899=ORIENTED_EDGE('',*,*,#3351,.F.) ;
#5900=ORIENTED_EDGE('',*,*,#3950,.F.) ;
#5901=ORIENTED_EDGE('',*,*,#3429,.F.) ;
#5902=ORIENTED_EDGE('',*,*,#3550,.F.) ;
#5903=ORIENTED_EDGE('',*,*,#3295,.T.) ;
#5904=ORIENTED_EDGE('',*,*,#917,.F.) ;
#5905=ORIENTED_EDGE('',*,*,#499,.F.) ;
#5906=ORIENTED_EDGE('',*,*,#2664,.T.) ;
#5907=ORIENTED_EDGE('',*,*,#2817,.F.) ;
#5908=ORIENTED_EDGE('',*,*,#3043,.T.) ;
#5909=ORIENTED_EDGE('',*,*,#3119,.F.) ;
#5910=ORIENTED_EDGE('',*,*,#2909,.F.) ;
#5911=ORIENTED_EDGE('',*,*,#5833,.F.) ;
#5912=ORIENTED_EDGE('',*,*,#5880,.T.) ;
#5940=ORIENTED_EDGE('',*,*,#5926,.F.) ;
#5941=ORIENTED_EDGE('',*,*,#5933,.F.) ;
#5942=ORIENTED_EDGE('',*,*,#5938,.F.) ;
#5943=ORIENTED_EDGE('',*,*,#5763,.T.) ;
#5946=ORIENTED_EDGE('',*,*,#5726,.T.) ;
#5947=ORIENTED_EDGE('',*,*,#5704,.T.) ;
#5966=ORIENTED_EDGE('',*,*,#5959,.T.) ;
#5967=ORIENTED_EDGE('',*,*,#5933,.T.) ;
#5968=ORIENTED_EDGE('',*,*,#5964,.F.) ;
#5969=ORIENTED_EDGE('',*,*,#5880,.F.) ;
#5978=ORIENTED_EDGE('',*,*,#5855,.F.) ;
#5979=ORIENTED_EDGE('',*,*,#5964,.T.) ;
#5980=ORIENTED_EDGE('',*,*,#5926,.T.) ;
#5981=ORIENTED_EDGE('',*,*,#5787,.T.) ;
#5990=ORIENTED_EDGE('',*,*,#5938,.T.) ;
#5991=ORIENTED_EDGE('',*,*,#5959,.F.) ;
#5992=ORIENTED_EDGE('',*,*,#5828,.F.) ;
#5993=ORIENTED_EDGE('',*,*,#5770,.T.) ;
#6002=ORIENTED_EDGE('',*,*,#3254,.F.) ;
#6003=ORIENTED_EDGE('',*,*,#3232,.F.) ;
#6020=ORIENTED_EDGE('',*,*,#6013,.T.) ;
#6021=ORIENTED_EDGE('',*,*,#6018,.T.) ;
#6049=ORIENTED_EDGE('',*,*,#6037,.T.) ;
#6050=ORIENTED_EDGE('',*,*,#6042,.F.) ;
#6051=ORIENTED_EDGE('',*,*,#6018,.F.) ;
#6052=ORIENTED_EDGE('',*,*,#6047,.T.) ;
#6061=ORIENTED_EDGE('',*,*,#6059,.T.) ;
#6062=ORIENTED_EDGE('',*,*,#6047,.F.) ;
#6063=ORIENTED_EDGE('',*,*,#6013,.F.) ;
#6064=ORIENTED_EDGE('',*,*,#6042,.T.) ;
#6073=ORIENTED_EDGE('',*,*,#6059,.F.) ;
#6074=ORIENTED_EDGE('',*,*,#6037,.F.) ;
#6115=ORIENTED_EDGE('',*,*,#6094,.F.) ;
#6116=ORIENTED_EDGE('',*,*,#6101,.T.) ;
#6117=ORIENTED_EDGE('',*,*,#6108,.T.) ;
#6118=ORIENTED_EDGE('',*,*,#6113,.F.) ;
#6146=ORIENTED_EDGE('',*,*,#6108,.F.) ;
#6147=ORIENTED_EDGE('',*,*,#6132,.T.) ;
#6148=ORIENTED_EDGE('',*,*,#6139,.T.) ;
#6149=ORIENTED_EDGE('',*,*,#6144,.F.) ;
#6177=ORIENTED_EDGE('',*,*,#6139,.F.) ;
#6178=ORIENTED_EDGE('',*,*,#6163,.T.) ;
#6179=ORIENTED_EDGE('',*,*,#6170,.T.) ;
#6180=ORIENTED_EDGE('',*,*,#6175,.F.) ;
#6217=ORIENTED_EDGE('',*,*,#6196,.F.) ;
#6218=ORIENTED_EDGE('',*,*,#6203,.T.) ;
#6219=ORIENTED_EDGE('',*,*,#6210,.T.) ;
#6220=ORIENTED_EDGE('',*,*,#6215,.F.) ;
#6239=ORIENTED_EDGE('',*,*,#6210,.F.) ;
#6240=ORIENTED_EDGE('',*,*,#6232,.T.) ;
#6241=ORIENTED_EDGE('',*,*,#6094,.T.) ;
#6242=ORIENTED_EDGE('',*,*,#6237,.F.) ;
#6270=ORIENTED_EDGE('',*,*,#6258,.F.) ;
#6271=ORIENTED_EDGE('',*,*,#6263,.F.) ;
#6272=ORIENTED_EDGE('',*,*,#6163,.F.) ;
#6273=ORIENTED_EDGE('',*,*,#6132,.F.) ;
#6274=ORIENTED_EDGE('',*,*,#6101,.F.) ;
#6275=ORIENTED_EDGE('',*,*,#6232,.F.) ;
#6276=ORIENTED_EDGE('',*,*,#6203,.F.) ;
#6277=ORIENTED_EDGE('',*,*,#6268,.F.) ;
#6305=ORIENTED_EDGE('',*,*,#6291,.T.) ;
#6306=ORIENTED_EDGE('',*,*,#6298,.F.) ;
#6307=ORIENTED_EDGE('',*,*,#6303,.T.) ;
#6308=ORIENTED_EDGE('',*,*,#6258,.T.) ;
#6336=ORIENTED_EDGE('',*,*,#6322,.T.) ;
#6337=ORIENTED_EDGE('',*,*,#6215,.T.) ;
#6338=ORIENTED_EDGE('',*,*,#6237,.T.) ;
#6339=ORIENTED_EDGE('',*,*,#6113,.T.) ;
#6340=ORIENTED_EDGE('',*,*,#6144,.T.) ;
#6341=ORIENTED_EDGE('',*,*,#6175,.T.) ;
#6342=ORIENTED_EDGE('',*,*,#6329,.T.) ;
#6343=ORIENTED_EDGE('',*,*,#6334,.T.) ;
#6357=ORIENTED_EDGE('',*,*,#6329,.F.) ;
#6358=ORIENTED_EDGE('',*,*,#6170,.F.) ;
#6359=ORIENTED_EDGE('',*,*,#6263,.T.) ;
#6360=ORIENTED_EDGE('',*,*,#6303,.F.) ;
#6361=ORIENTED_EDGE('',*,*,#6355,.F.) ;
#6375=ORIENTED_EDGE('',*,*,#6373,.F.) ;
#6376=ORIENTED_EDGE('',*,*,#6291,.F.) ;
#6377=ORIENTED_EDGE('',*,*,#6268,.T.) ;
#6378=ORIENTED_EDGE('',*,*,#6196,.T.) ;
#6379=ORIENTED_EDGE('',*,*,#6322,.F.) ;
#6388=ORIENTED_EDGE('',*,*,#6373,.T.) ;
#6389=ORIENTED_EDGE('',*,*,#6334,.F.) ;
#6390=ORIENTED_EDGE('',*,*,#6355,.T.) ;
#6391=ORIENTED_EDGE('',*,*,#6298,.T.) ;
#6430=ORIENTED_EDGE('',*,*,#6409,.F.) ;
#6431=ORIENTED_EDGE('',*,*,#6416,.T.) ;
#6432=ORIENTED_EDGE('',*,*,#6423,.T.) ;
#6433=ORIENTED_EDGE('',*,*,#6428,.F.) ;
#6447=ORIENTED_EDGE('',*,*,#6440,.F.) ;
#6448=ORIENTED_EDGE('',*,*,#6428,.T.) ;
#6449=ORIENTED_EDGE('',*,*,#6445,.T.) ;
#6450=ORIENTED_EDGE('',*,*,#6416,.F.) ;
#6487=ORIENTED_EDGE('',*,*,#6466,.F.) ;
#6488=ORIENTED_EDGE('',*,*,#6473,.T.) ;
#6489=ORIENTED_EDGE('',*,*,#6480,.T.) ;
#6490=ORIENTED_EDGE('',*,*,#6485,.F.) ;
#6504=ORIENTED_EDGE('',*,*,#6497,.F.) ;
#6505=ORIENTED_EDGE('',*,*,#6485,.T.) ;
#6506=ORIENTED_EDGE('',*,*,#6502,.T.) ;
#6507=ORIENTED_EDGE('',*,*,#6473,.F.) ;
#6516=ORIENTED_EDGE('',*,*,#6409,.T.) ;
#6517=ORIENTED_EDGE('',*,*,#6440,.T.) ;
#6526=ORIENTED_EDGE('',*,*,#6423,.F.) ;
#6527=ORIENTED_EDGE('',*,*,#6445,.F.) ;
#6530=ORIENTED_EDGE('',*,*,#6497,.T.) ;
#6531=ORIENTED_EDGE('',*,*,#6466,.T.) ;
#6540=ORIENTED_EDGE('',*,*,#6480,.F.) ;
#6541=ORIENTED_EDGE('',*,*,#6502,.F.) ;
#6580=ORIENTED_EDGE('',*,*,#6559,.T.) ;
#6581=ORIENTED_EDGE('',*,*,#6566,.F.) ;
#6582=ORIENTED_EDGE('',*,*,#6573,.F.) ;
#6583=ORIENTED_EDGE('',*,*,#6578,.T.) ;
#6611=ORIENTED_EDGE('',*,*,#6578,.F.) ;
#6612=ORIENTED_EDGE('',*,*,#6597,.T.) ;
#6613=ORIENTED_EDGE('',*,*,#6604,.T.) ;
#6614=ORIENTED_EDGE('',*,*,#6609,.F.) ;
#6642=ORIENTED_EDGE('',*,*,#6628,.T.) ;
#6643=ORIENTED_EDGE('',*,*,#6604,.F.) ;
#6644=ORIENTED_EDGE('',*,*,#6635,.F.) ;
#6645=ORIENTED_EDGE('',*,*,#6640,.T.) ;
#6673=ORIENTED_EDGE('',*,*,#6640,.F.) ;
#6674=ORIENTED_EDGE('',*,*,#6659,.T.) ;
#6675=ORIENTED_EDGE('',*,*,#6666,.T.) ;
#6676=ORIENTED_EDGE('',*,*,#6671,.F.) ;
#6704=ORIENTED_EDGE('',*,*,#6690,.T.) ;
#6705=ORIENTED_EDGE('',*,*,#6666,.F.) ;
#6706=ORIENTED_EDGE('',*,*,#6697,.F.) ;
#6707=ORIENTED_EDGE('',*,*,#6702,.T.) ;
#6735=ORIENTED_EDGE('',*,*,#6702,.F.) ;
#6736=ORIENTED_EDGE('',*,*,#6721,.T.) ;
#6737=ORIENTED_EDGE('',*,*,#6728,.T.) ;
#6738=ORIENTED_EDGE('',*,*,#6733,.F.) ;
#6766=ORIENTED_EDGE('',*,*,#6752,.T.) ;
#6767=ORIENTED_EDGE('',*,*,#6728,.F.) ;
#6768=ORIENTED_EDGE('',*,*,#6759,.F.) ;
#6769=ORIENTED_EDGE('',*,*,#6764,.T.) ;
#6797=ORIENTED_EDGE('',*,*,#6764,.F.) ;
#6798=ORIENTED_EDGE('',*,*,#6783,.T.) ;
#6799=ORIENTED_EDGE('',*,*,#6790,.T.) ;
#6800=ORIENTED_EDGE('',*,*,#6795,.F.) ;
#6828=ORIENTED_EDGE('',*,*,#6790,.F.) ;
#6829=ORIENTED_EDGE('',*,*,#6814,.T.) ;
#6830=ORIENTED_EDGE('',*,*,#6821,.T.) ;
#6831=ORIENTED_EDGE('',*,*,#6826,.F.) ;
#6859=ORIENTED_EDGE('',*,*,#6845,.T.) ;
#6860=ORIENTED_EDGE('',*,*,#6821,.F.) ;
#6861=ORIENTED_EDGE('',*,*,#6852,.F.) ;
#6862=ORIENTED_EDGE('',*,*,#6857,.T.) ;
#6890=ORIENTED_EDGE('',*,*,#6857,.F.) ;
#6891=ORIENTED_EDGE('',*,*,#6876,.T.) ;
#6892=ORIENTED_EDGE('',*,*,#6883,.T.) ;
#6893=ORIENTED_EDGE('',*,*,#6888,.F.) ;
#6921=ORIENTED_EDGE('',*,*,#6907,.T.) ;
#6922=ORIENTED_EDGE('',*,*,#6883,.F.) ;
#6923=ORIENTED_EDGE('',*,*,#6914,.F.) ;
#6924=ORIENTED_EDGE('',*,*,#6919,.T.) ;
#6952=ORIENTED_EDGE('',*,*,#6919,.F.) ;
#6953=ORIENTED_EDGE('',*,*,#6938,.T.) ;
#6954=ORIENTED_EDGE('',*,*,#6945,.T.) ;
#6955=ORIENTED_EDGE('',*,*,#6950,.F.) ;
#6983=ORIENTED_EDGE('',*,*,#6969,.T.) ;
#6984=ORIENTED_EDGE('',*,*,#6945,.F.) ;
#6985=ORIENTED_EDGE('',*,*,#6976,.F.) ;
#6986=ORIENTED_EDGE('',*,*,#6981,.T.) ;
#7014=ORIENTED_EDGE('',*,*,#6981,.F.) ;
#7015=ORIENTED_EDGE('',*,*,#7000,.T.) ;
#7016=ORIENTED_EDGE('',*,*,#7007,.T.) ;
#7017=ORIENTED_EDGE('',*,*,#7012,.F.) ;
#7031=ORIENTED_EDGE('',*,*,#7007,.F.) ;
#7032=ORIENTED_EDGE('',*,*,#7024,.T.) ;
#7033=ORIENTED_EDGE('',*,*,#6566,.T.) ;
#7034=ORIENTED_EDGE('',*,*,#7029,.F.) ;
#7043=ORIENTED_EDGE('',*,*,#7024,.F.) ;
#7044=ORIENTED_EDGE('',*,*,#7000,.F.) ;
#7045=ORIENTED_EDGE('',*,*,#6976,.T.) ;
#7046=ORIENTED_EDGE('',*,*,#6938,.F.) ;
#7047=ORIENTED_EDGE('',*,*,#6914,.T.) ;
#7048=ORIENTED_EDGE('',*,*,#6876,.F.) ;
#7049=ORIENTED_EDGE('',*,*,#6852,.T.) ;
#7050=ORIENTED_EDGE('',*,*,#6814,.F.) ;
#7051=ORIENTED_EDGE('',*,*,#6783,.F.) ;
#7052=ORIENTED_EDGE('',*,*,#6759,.T.) ;
#7053=ORIENTED_EDGE('',*,*,#6721,.F.) ;
#7054=ORIENTED_EDGE('',*,*,#6697,.T.) ;
#7055=ORIENTED_EDGE('',*,*,#6659,.F.) ;
#7056=ORIENTED_EDGE('',*,*,#6635,.T.) ;
#7057=ORIENTED_EDGE('',*,*,#6597,.F.) ;
#7058=ORIENTED_EDGE('',*,*,#6573,.T.) ;
#7067=ORIENTED_EDGE('',*,*,#6559,.F.) ;
#7068=ORIENTED_EDGE('',*,*,#6609,.T.) ;
#7069=ORIENTED_EDGE('',*,*,#6628,.F.) ;
#7070=ORIENTED_EDGE('',*,*,#6671,.T.) ;
#7071=ORIENTED_EDGE('',*,*,#6690,.F.) ;
#7072=ORIENTED_EDGE('',*,*,#6733,.T.) ;
#7073=ORIENTED_EDGE('',*,*,#6752,.F.) ;
#7074=ORIENTED_EDGE('',*,*,#6795,.T.) ;
#7075=ORIENTED_EDGE('',*,*,#6826,.T.) ;
#7076=ORIENTED_EDGE('',*,*,#6845,.F.) ;
#7077=ORIENTED_EDGE('',*,*,#6888,.T.) ;
#7078=ORIENTED_EDGE('',*,*,#6907,.F.) ;
#7079=ORIENTED_EDGE('',*,*,#6950,.T.) ;
#7080=ORIENTED_EDGE('',*,*,#6969,.F.) ;
#7081=ORIENTED_EDGE('',*,*,#7012,.T.) ;
#7082=ORIENTED_EDGE('',*,*,#7029,.T.) ;
#7121=ORIENTED_EDGE('',*,*,#7100,.F.) ;
#7122=ORIENTED_EDGE('',*,*,#7107,.T.) ;
#7123=ORIENTED_EDGE('',*,*,#7114,.T.) ;
#7124=ORIENTED_EDGE('',*,*,#7119,.F.) ;
#7138=ORIENTED_EDGE('',*,*,#7114,.F.) ;
#7139=ORIENTED_EDGE('',*,*,#7131,.T.) ;
#7140=ORIENTED_EDGE('',*,*,#7100,.T.) ;
#7141=ORIENTED_EDGE('',*,*,#7136,.F.) ;
#7169=ORIENTED_EDGE('',*,*,#7155,.F.) ;
#7170=ORIENTED_EDGE('',*,*,#7119,.T.) ;
#7171=ORIENTED_EDGE('',*,*,#7162,.T.) ;
#7172=ORIENTED_EDGE('',*,*,#7167,.F.) ;
#7181=ORIENTED_EDGE('',*,*,#7162,.F.) ;
#7182=ORIENTED_EDGE('',*,*,#7136,.T.) ;
#7183=ORIENTED_EDGE('',*,*,#7155,.T.) ;
#7184=ORIENTED_EDGE('',*,*,#7179,.F.) ;
#7193=ORIENTED_EDGE('',*,*,#7167,.T.) ;
#7194=ORIENTED_EDGE('',*,*,#7179,.T.) ;
#7217=ORIENTED_EDGE('',*,*,#7210,.F.) ;
#7218=ORIENTED_EDGE('',*,*,#7215,.F.) ;
#7221=ORIENTED_EDGE('',*,*,#7131,.F.) ;
#7222=ORIENTED_EDGE('',*,*,#7107,.F.) ;
#7245=ORIENTED_EDGE('',*,*,#7238,.T.) ;
#7246=ORIENTED_EDGE('',*,*,#7243,.T.) ;
#7265=ORIENTED_EDGE('',*,*,#7210,.T.) ;
#7266=ORIENTED_EDGE('',*,*,#7258,.F.) ;
#7267=ORIENTED_EDGE('',*,*,#7243,.F.) ;
#7268=ORIENTED_EDGE('',*,*,#7263,.T.) ;
#7272=ORIENTED_EDGE('',*,*,#7215,.T.) ;
#7273=ORIENTED_EDGE('',*,*,#7263,.F.) ;
#7274=ORIENTED_EDGE('',*,*,#7238,.F.) ;
#7275=ORIENTED_EDGE('',*,*,#7258,.T.) ;
#7314=ORIENTED_EDGE('',*,*,#7293,.F.) ;
#7315=ORIENTED_EDGE('',*,*,#7300,.T.) ;
#7316=ORIENTED_EDGE('',*,*,#7307,.T.) ;
#7317=ORIENTED_EDGE('',*,*,#7312,.F.) ;
#7331=ORIENTED_EDGE('',*,*,#7324,.F.) ;
#7332=ORIENTED_EDGE('',*,*,#7312,.T.) ;
#7333=ORIENTED_EDGE('',*,*,#7329,.T.) ;
#7334=ORIENTED_EDGE('',*,*,#7300,.F.) ;
#7371=ORIENTED_EDGE('',*,*,#7350,.F.) ;
#7372=ORIENTED_EDGE('',*,*,#7357,.T.) ;
#7373=ORIENTED_EDGE('',*,*,#7364,.T.) ;
#7374=ORIENTED_EDGE('',*,*,#7369,.F.) ;
#7388=ORIENTED_EDGE('',*,*,#7381,.F.) ;
#7389=ORIENTED_EDGE('',*,*,#7369,.T.) ;
#7390=ORIENTED_EDGE('',*,*,#7386,.T.) ;
#7391=ORIENTED_EDGE('',*,*,#7357,.F.) ;
#7400=ORIENTED_EDGE('',*,*,#7307,.F.) ;
#7401=ORIENTED_EDGE('',*,*,#7329,.F.) ;
#7404=ORIENTED_EDGE('',*,*,#7381,.T.) ;
#7405=ORIENTED_EDGE('',*,*,#7350,.T.) ;
#7414=ORIENTED_EDGE('',*,*,#7324,.T.) ;
#7415=ORIENTED_EDGE('',*,*,#7293,.T.) ;
#7418=ORIENTED_EDGE('',*,*,#7364,.F.) ;
#7419=ORIENTED_EDGE('',*,*,#7386,.F.) ;
#692=FACE_BOUND('',#689,.T.) ;
#1075=FACE_BOUND('',#1069,.T.) ;
#1192=FACE_BOUND('',#1186,.T.) ;
#4773=FACE_BOUND('',#4766,.T.) ;
#4781=FACE_BOUND('',#4774,.T.) ;
#4792=FACE_BOUND('',#4782,.T.) ;
#4800=FACE_BOUND('',#4793,.T.) ;
#4806=FACE_BOUND('',#4801,.T.) ;
#4920=FACE_BOUND('',#4905,.T.) ;
#5820=FACE_BOUND('',#5788,.T.) ;
#5948=FACE_BOUND('',#5945,.T.) ;
#6022=FACE_BOUND('',#6019,.T.) ;
#6532=FACE_BOUND('',#6529,.T.) ;
#7223=FACE_BOUND('',#7220,.T.) ;
#7406=FACE_BOUND('',#7403,.T.) ;
#7420=FACE_BOUND('',#7417,.T.) ;
#51=CLOSED_SHELL('Closed Shell',(#91,#147,#164,#204,#281,#312,#338,#373,#408,#443,#478,#518,#589,#615,#642,#665,#693,#715,#747,#769,#792,#819,#841,#881,#896,#929,#1076,#1193,#1225,#1243,#1270,#1297,#1323,#1350,#1382,#1401,#1428,#1448,#1465,#1484,#1502,#1534,#1553,#1580,#1600,#1617,#1630,#1670,#1701,#1732,#1763,#1794,#1816,#1856,#1882,#1913,#1939,#1970,#1992,#2032,#2058,#2084,#2110,#2136,#2162,#2188,#2219,#2236,#2271,#2297,#2323,#2349,#2380,#2397,#2437,#2468,#2494,#2516,#2524,#2532,#2541,#2550,#2562,#2571,#2578,#2607,#2632,#2644,#2652,#2718,#2749,#2773,#2797,#2824,#2850,#2923,#2954,#2978,#3002,#3026,#3050,#3072,#3089,#3106,#3126,#3145,#3196,#3213,#3244,#3261,#3304,#3382,#3448,#3507,#3556,#3615,#3656,#3722,#3798,#3847,#3896,#3925,#3971,#4010,#4050,#4076,#4115,#4136,#4153,#4169,#4186,#4203,#4238,#4285,#4342,#4373,#4397,#4421,#4439,#4465,#4538,#4569,#4593,#4612,#4636,#4661,#4683,#4700,#4717,#4737,#4756,#4921,#4945,#4991,#5031,#5067,#5098,#5135,#5175,#5220,#5257,#5288,#5325,#5356,#5417,#5438,#5480,#5504,#5528,#5545,#5557,#5601,#5632,#5653,#5662,#5676,#5716,#5733,#5743,#5821,#5843,#5870,#5914,#5949,#5971,#5983,#5995,#6023,#6054,#6066,#6076)) ;
#6080=CLOSED_SHELL('Closed Shell',(#6120,#6151,#6182,#6222,#6244,#6279,#6310,#6345,#6363,#6381,#6393)) ;
#6395=CLOSED_SHELL('Closed Shell',(#6435,#6452,#6492,#6509,#6519,#6533,#6543)) ;
#6545=CLOSED_SHELL('Closed Shell',(#6585,#6616,#6647,#6678,#6709,#6740,#6771,#6802,#6833,#6864,#6895,#6926,#6957,#6988,#7019,#7036,#7060,#7084)) ;
#7086=CLOSED_SHELL('Closed Shell',(#7126,#7143,#7174,#7186,#7196,#7224,#7248,#7270,#7277)) ;
#7279=CLOSED_SHELL('Closed Shell',(#7319,#7336,#7376,#7393,#7407,#7421)) ;
#59=VECTOR('Line Direction',#58,1.) ;
#68=VECTOR('Line Direction',#67,1.) ;
#75=VECTOR('Line Direction',#74,1.) ;
#82=VECTOR('Line Direction',#81,1.) ;
#108=VECTOR('Line Direction',#107,1.) ;
#136=VECTOR('Line Direction',#135,1.) ;
#181=VECTOR('Line Direction',#180,1.) ;
#195=VECTOR('Line Direction',#194,1.) ;
#212=VECTOR('Line Direction',#211,1.) ;
#219=VECTOR('Line Direction',#218,1.) ;
#248=VECTOR('Line Direction',#247,1.) ;
#296=VECTOR('Line Direction',#295,1.) ;
#329=VECTOR('Line Direction',#328,1.) ;
#341=VECTOR('Line Direction',#340,1.) ;
#357=VECTOR('Line Direction',#356,1.) ;
#385=VECTOR('Line Direction',#384,1.) ;
#399=VECTOR('Line Direction',#398,1.) ;
#420=VECTOR('Line Direction',#419,1.) ;
#434=VECTOR('Line Direction',#433,1.) ;
#455=VECTOR('Line Direction',#454,1.) ;
#469=VECTOR('Line Direction',#468,1.) ;
#486=VECTOR('Line Direction',#485,1.) ;
#495=VECTOR('Line Direction',#494,1.) ;
#502=VECTOR('Line Direction',#501,1.) ;
#509=VECTOR('Line Direction',#508,1.) ;
#526=VECTOR('Line Direction',#525,1.) ;
#533=VECTOR('Line Direction',#532,1.) ;
#547=VECTOR('Line Direction',#546,1.) ;
#618=VECTOR('Line Direction',#617,1.) ;
#634=VECTOR('Line Direction',#633,1.) ;
#795=VECTOR('Line Direction',#794,1.) ;
#804=VECTOR('Line Direction',#803,1.) ;
#849=VECTOR('Line Direction',#848,1.) ;
#858=VECTOR('Line Direction',#857,1.) ;
#865=VECTOR('Line Direction',#864,1.) ;
#872=VECTOR('Line Direction',#871,1.) ;
#920=VECTOR('Line Direction',#919,1.) ;
#954=VECTOR('Line Direction',#953,1.) ;
#959=VECTOR('Line Direction',#958,1.) ;
#973=VECTOR('Line Direction',#972,1.) ;
#987=VECTOR('Line Direction',#986,1.) ;
#1001=VECTOR('Line Direction',#1000,1.) ;
#1015=VECTOR('Line Direction',#1014,1.) ;
#1052=VECTOR('Line Direction',#1051,1.) ;
#1066=VECTOR('Line Direction',#1065,1.) ;
#1079=VECTOR('Line Direction',#1078,1.) ;
#1105=VECTOR('Line Direction',#1104,1.) ;
#1169=VECTOR('Line Direction',#1168,1.) ;
#1183=VECTOR('Line Direction',#1182,1.) ;
#1211=VECTOR('Line Direction',#1210,1.) ;
#1216=VECTOR('Line Direction',#1215,1.) ;
#1246=VECTOR('Line Direction',#1245,1.) ;
#1260=VECTOR('Line Direction',#1259,1.) ;
#1278=VECTOR('Line Direction',#1277,1.) ;
#1341=VECTOR('Line Direction',#1340,1.) ;
#1368=VECTOR('Line Direction',#1367,1.) ;
#1373=VECTOR('Line Direction',#1372,1.) ;
#1392=VECTOR('Line Direction',#1391,1.) ;
#1409=VECTOR('Line Direction',#1408,1.) ;
#1456=VECTOR('Line Direction',#1455,1.) ;
#1468=VECTOR('Line Direction',#1467,1.) ;
#1475=VECTOR('Line Direction',#1474,1.) ;
#1520=VECTOR('Line Direction',#1519,1.) ;
#1525=VECTOR('Line Direction',#1524,1.) ;
#1544=VECTOR('Line Direction',#1543,1.) ;
#1561=VECTOR('Line Direction',#1560,1.) ;
#1608=VECTOR('Line Direction',#1607,1.) ;
#1638=VECTOR('Line Direction',#1637,1.) ;
#1647=VECTOR('Line Direction',#1646,1.) ;
#1654=VECTOR('Line Direction',#1653,1.) ;
#1661=VECTOR('Line Direction',#1660,1.) ;
#1685=VECTOR('Line Direction',#1684,1.) ;
#1709=VECTOR('Line Direction',#1708,1.) ;
#1716=VECTOR('Line Direction',#1715,1.) ;
#1723=VECTOR('Line Direction',#1722,1.) ;
#1747=VECTOR('Line Direction',#1746,1.) ;
#1771=VECTOR('Line Direction',#1770,1.) ;
#1778=VECTOR('Line Direction',#1777,1.) ;
#1785=VECTOR('Line Direction',#1784,1.) ;
#1824=VECTOR('Line Direction',#1823,1.) ;
#1833=VECTOR('Line Direction',#1832,1.) ;
#1840=VECTOR('Line Direction',#1839,1.) ;
#1847=VECTOR('Line Direction',#1846,1.) ;
#1866=VECTOR('Line Direction',#1865,1.) ;
#1890=VECTOR('Line Direction',#1889,1.) ;
#1897=VECTOR('Line Direction',#1896,1.) ;
#1904=VECTOR('Line Direction',#1903,1.) ;
#1923=VECTOR('Line Direction',#1922,1.) ;
#1947=VECTOR('Line Direction',#1946,1.) ;
#1956=VECTOR('Line Direction',#1955,1.) ;
#1961=VECTOR('Line Direction',#1960,1.) ;
#2009=VECTOR('Line Direction',#2008,1.) ;
#2023=VECTOR('Line Direction',#2022,1.) ;
#2049=VECTOR('Line Direction',#2048,1.) ;
#2075=VECTOR('Line Direction',#2074,1.) ;
#2087=VECTOR('Line Direction',#2086,1.) ;
#2094=VECTOR('Line Direction',#2093,1.) ;
#2101=VECTOR('Line Direction',#2100,1.) ;
#2127=VECTOR('Line Direction',#2126,1.) ;
#2139=VECTOR('Line Direction',#2138,1.) ;
#2146=VECTOR('Line Direction',#2145,1.) ;
#2153=VECTOR('Line Direction',#2152,1.) ;
#2179=VECTOR('Line Direction',#2178,1.) ;
#2196=VECTOR('Line Direction',#2195,1.) ;
#2203=VECTOR('Line Direction',#2202,1.) ;
#2210=VECTOR('Line Direction',#2209,1.) ;
#2239=VECTOR('Line Direction',#2238,1.) ;
#2248=VECTOR('Line Direction',#2247,1.) ;
#2255=VECTOR('Line Direction',#2254,1.) ;
#2262=VECTOR('Line Direction',#2261,1.) ;
#2288=VECTOR('Line Direction',#2287,1.) ;
#2300=VECTOR('Line Direction',#2299,1.) ;
#2307=VECTOR('Line Direction',#2306,1.) ;
#2314=VECTOR('Line Direction',#2313,1.) ;
#2333=VECTOR('Line Direction',#2332,1.) ;
#2357=VECTOR('Line Direction',#2356,1.) ;
#2364=VECTOR('Line Direction',#2363,1.) ;
#2371=VECTOR('Line Direction',#2370,1.) ;
#2405=VECTOR('Line Direction',#2404,1.) ;
#2414=VECTOR('Line Direction',#2413,1.) ;
#2421=VECTOR('Line Direction',#2420,1.) ;
#2428=VECTOR('Line Direction',#2427,1.) ;
#2445=VECTOR('Line Direction',#2444,1.) ;
#2452=VECTOR('Line Direction',#2451,1.) ;
#2459=VECTOR('Line Direction',#2458,1.) ;
#2485=VECTOR('Line Direction',#2484,1.) ;
#2502=VECTOR('Line Direction',#2501,1.) ;
#2507=VECTOR('Line Direction',#2506,1.) ;
#2595=VECTOR('Line Direction',#2594,1.) ;
#2615=VECTOR('Line Direction',#2614,1.) ;
#2667=VECTOR('Line Direction',#2666,1.) ;
#2674=VECTOR('Line Direction',#2673,1.) ;
#2688=VECTOR('Line Direction',#2687,1.) ;
#2702=VECTOR('Line Direction',#2701,1.) ;
#2757=VECTOR('Line Direction',#2756,1.) ;
#2805=VECTOR('Line Direction',#2804,1.) ;
#2832=VECTOR('Line Direction',#2831,1.) ;
#2858=VECTOR('Line Direction',#2857,1.) ;
#2874=VECTOR('Line Direction',#2873,1.) ;
#2888=VECTOR('Line Direction',#2887,1.) ;
#2895=VECTOR('Line Direction',#2894,1.) ;
#2900=VECTOR('Line Direction',#2899,1.) ;
#2931=VECTOR('Line Direction',#2930,1.) ;
#2940=VECTOR('Line Direction',#2939,1.) ;
#2945=VECTOR('Line Direction',#2944,1.) ;
#2962=VECTOR('Line Direction',#2961,1.) ;
#2986=VECTOR('Line Direction',#2985,1.) ;
#2993=VECTOR('Line Direction',#2992,1.) ;
#3010=VECTOR('Line Direction',#3009,1.) ;
#3034=VECTOR('Line Direction',#3033,1.) ;
#3041=VECTOR('Line Direction',#3040,1.) ;
#3153=VECTOR('Line Direction',#3152,1.) ;
#3174=VECTOR('Line Direction',#3173,1.) ;
#3287=VECTOR('Line Direction',#3286,1.) ;
#3590=VECTOR('Line Direction',#3589,1.) ;
#3604=VECTOR('Line Direction',#3603,1.) ;
#3623=VECTOR('Line Direction',#3622,1.) ;
#3899=VECTOR('Line Direction',#3898,1.) ;
#3908=VECTOR('Line Direction',#3907,1.) ;
#3913=VECTOR('Line Direction',#3912,1.) ;
#3953=VECTOR('Line Direction',#3952,1.) ;
#3979=VECTOR('Line Direction',#3978,1.) ;
#3986=VECTOR('Line Direction',#3985,1.) ;
#3991=VECTOR('Line Direction',#3990,1.) ;
#3998=VECTOR('Line Direction',#3997,1.) ;
#4018=VECTOR('Line Direction',#4017,1.) ;
#4027=VECTOR('Line Direction',#4026,1.) ;
#4034=VECTOR('Line Direction',#4033,1.) ;
#4041=VECTOR('Line Direction',#4040,1.) ;
#4058=VECTOR('Line Direction',#4057,1.) ;
#4065=VECTOR('Line Direction',#4064,1.) ;
#4206=VECTOR('Line Direction',#4205,1.) ;
#4213=VECTOR('Line Direction',#4212,1.) ;
#4275=VECTOR('Line Direction',#4274,1.) ;
#4293=VECTOR('Line Direction',#4292,1.) ;
#4307=VECTOR('Line Direction',#4306,1.) ;
#4321=VECTOR('Line Direction',#4320,1.) ;
#4328=VECTOR('Line Direction',#4327,1.) ;
#4388=VECTOR('Line Direction',#4387,1.) ;
#4429=VECTOR('Line Direction',#4428,1.) ;
#4447=VECTOR('Line Direction',#4446,1.) ;
#4482=VECTOR('Line Direction',#4481,1.) ;
#4487=VECTOR('Line Direction',#4486,1.) ;
#4494=VECTOR('Line Direction',#4493,1.) ;
#4508=VECTOR('Line Direction',#4507,1.) ;
#4522=VECTOR('Line Direction',#4521,1.) ;
#4546=VECTOR('Line Direction',#4545,1.) ;
#4555=VECTOR('Line Direction',#4554,1.) ;
#4560=VECTOR('Line Direction',#4559,1.) ;
#4577=VECTOR('Line Direction',#4576,1.) ;
#4596=VECTOR('Line Direction',#4595,1.) ;
#4603=VECTOR('Line Direction',#4602,1.) ;
#4620=VECTOR('Line Direction',#4619,1.) ;
#4644=VECTOR('Line Direction',#4643,1.) ;
#4651=VECTOR('Line Direction',#4650,1.) ;
#4809=VECTOR('Line Direction',#4808,1.) ;
#4825=VECTOR('Line Direction',#4824,1.) ;
#4860=VECTOR('Line Direction',#4859,1.) ;
#4874=VECTOR('Line Direction',#4873,1.) ;
#4953=VECTOR('Line Direction',#4952,1.) ;
#4972=VECTOR('Line Direction',#4971,1.) ;
#4999=VECTOR('Line Direction',#4998,1.) ;
#5008=VECTOR('Line Direction',#5007,1.) ;
#5015=VECTOR('Line Direction',#5014,1.) ;
#5022=VECTOR('Line Direction',#5021,1.) ;
#5075=VECTOR('Line Direction',#5074,1.) ;
#5084=VECTOR('Line Direction',#5083,1.) ;
#5089=VECTOR('Line Direction',#5088,1.) ;
#5116=VECTOR('Line Direction',#5115,1.) ;
#5143=VECTOR('Line Direction',#5142,1.) ;
#5152=VECTOR('Line Direction',#5151,1.) ;
#5159=VECTOR('Line Direction',#5158,1.) ;
#5166=VECTOR('Line Direction',#5165,1.) ;
#5183=VECTOR('Line Direction',#5182,1.) ;
#5238=VECTOR('Line Direction',#5237,1.) ;
#5265=VECTOR('Line Direction',#5264,1.) ;
#5272=VECTOR('Line Direction',#5271,1.) ;
#5279=VECTOR('Line Direction',#5278,1.) ;
#5306=VECTOR('Line Direction',#5305,1.) ;
#5340=VECTOR('Line Direction',#5339,1.) ;
#5345=VECTOR('Line Direction',#5344,1.) ;
#5373=VECTOR('Line Direction',#5372,1.) ;
#5385=VECTOR('Line Direction',#5384,1.) ;
#5390=VECTOR('Line Direction',#5389,1.) ;
#5427=VECTOR('Line Direction',#5426,1.) ;
#5488=VECTOR('Line Direction',#5487,1.) ;
#5495=VECTOR('Line Direction',#5494,1.) ;
#5512=VECTOR('Line Direction',#5511,1.) ;
#5519=VECTOR('Line Direction',#5518,1.) ;
#5640=VECTOR('Line Direction',#5639,1.) ;
#5693=VECTOR('Line Direction',#5692,1.) ;
#5707=VECTOR('Line Direction',#5706,1.) ;
#5757=VECTOR('Line Direction',#5756,1.) ;
#5773=VECTOR('Line Direction',#5772,1.) ;
#5778=VECTOR('Line Direction',#5777,1.) ;
#5824=VECTOR('Line Direction',#5823,1.) ;
#5831=VECTOR('Line Direction',#5830,1.) ;
#5851=VECTOR('Line Direction',#5850,1.) ;
#5858=VECTOR('Line Direction',#5857,1.) ;
#5922=VECTOR('Line Direction',#5921,1.) ;
#5936=VECTOR('Line Direction',#5935,1.) ;
#6040=VECTOR('Line Direction',#6039,1.) ;
#6045=VECTOR('Line Direction',#6044,1.) ;
#6088=VECTOR('Line Direction',#6087,1.) ;
#6097=VECTOR('Line Direction',#6096,1.) ;
#6104=VECTOR('Line Direction',#6103,1.) ;
#6111=VECTOR('Line Direction',#6110,1.) ;
#6128=VECTOR('Line Direction',#6127,1.) ;
#6135=VECTOR('Line Direction',#6134,1.) ;
#6142=VECTOR('Line Direction',#6141,1.) ;
#6159=VECTOR('Line Direction',#6158,1.) ;
#6166=VECTOR('Line Direction',#6165,1.) ;
#6173=VECTOR('Line Direction',#6172,1.) ;
#6190=VECTOR('Line Direction',#6189,1.) ;
#6199=VECTOR('Line Direction',#6198,1.) ;
#6206=VECTOR('Line Direction',#6205,1.) ;
#6213=VECTOR('Line Direction',#6212,1.) ;
#6230=VECTOR('Line Direction',#6229,1.) ;
#6235=VECTOR('Line Direction',#6234,1.) ;
#6252=VECTOR('Line Direction',#6251,1.) ;
#6261=VECTOR('Line Direction',#6260,1.) ;
#6266=VECTOR('Line Direction',#6265,1.) ;
#6294=VECTOR('Line Direction',#6293,1.) ;
#6318=VECTOR('Line Direction',#6317,1.) ;
#6325=VECTOR('Line Direction',#6324,1.) ;
#6332=VECTOR('Line Direction',#6331,1.) ;
#6412=VECTOR('Line Direction',#6411,1.) ;
#6426=VECTOR('Line Direction',#6425,1.) ;
#6469=VECTOR('Line Direction',#6468,1.) ;
#6483=VECTOR('Line Direction',#6482,1.) ;
#6553=VECTOR('Line Direction',#6552,1.) ;
#6562=VECTOR('Line Direction',#6561,1.) ;
#6569=VECTOR('Line Direction',#6568,1.) ;
#6576=VECTOR('Line Direction',#6575,1.) ;
#6600=VECTOR('Line Direction',#6599,1.) ;
#6624=VECTOR('Line Direction',#6623,1.) ;
#6631=VECTOR('Line Direction',#6630,1.) ;
#6638=VECTOR('Line Direction',#6637,1.) ;
#6662=VECTOR('Line Direction',#6661,1.) ;
#6686=VECTOR('Line Direction',#6685,1.) ;
#6693=VECTOR('Line Direction',#6692,1.) ;
#6700=VECTOR('Line Direction',#6699,1.) ;
#6724=VECTOR('Line Direction',#6723,1.) ;
#6748=VECTOR('Line Direction',#6747,1.) ;
#6755=VECTOR('Line Direction',#6754,1.) ;
#6762=VECTOR('Line Direction',#6761,1.) ;
#6779=VECTOR('Line Direction',#6778,1.) ;
#6786=VECTOR('Line Direction',#6785,1.) ;
#6793=VECTOR('Line Direction',#6792,1.) ;
#6810=VECTOR('Line Direction',#6809,1.) ;
#6817=VECTOR('Line Direction',#6816,1.) ;
#6824=VECTOR('Line Direction',#6823,1.) ;
#6855=VECTOR('Line Direction',#6854,1.) ;
#6872=VECTOR('Line Direction',#6871,1.) ;
#6879=VECTOR('Line Direction',#6878,1.) ;
#6886=VECTOR('Line Direction',#6885,1.) ;
#6917=VECTOR('Line Direction',#6916,1.) ;
#6934=VECTOR('Line Direction',#6933,1.) ;
#6941=VECTOR('Line Direction',#6940,1.) ;
#6948=VECTOR('Line Direction',#6947,1.) ;
#6979=VECTOR('Line Direction',#6978,1.) ;
#6996=VECTOR('Line Direction',#6995,1.) ;
#7003=VECTOR('Line Direction',#7002,1.) ;
#7010=VECTOR('Line Direction',#7009,1.) ;
#7022=VECTOR('Line Direction',#7021,1.) ;
#7027=VECTOR('Line Direction',#7026,1.) ;
#7151=VECTOR('Line Direction',#7150,1.) ;
#7158=VECTOR('Line Direction',#7157,1.) ;
#7256=VECTOR('Line Direction',#7255,1.) ;
#7261=VECTOR('Line Direction',#7260,1.) ;
#7353=VECTOR('Line Direction',#7352,1.) ;
#7367=VECTOR('Line Direction',#7366,1.) ;
#6078=ADVANCED_BREP_SHAPE_REPRESENTATION('NONE',(#6077,#6394,#6544,#7085,#7278,#7422),#46) ;
#49=SHAPE_REPRESENTATION(' ',(#48),#46) ;
#91=ADVANCED_FACE('PartBody',(#90),#56,.T.) ;
#147=ADVANCED_FACE('PartBody',(#146),#96,.T.) ;
#164=ADVANCED_FACE('PartBody',(#163),#96,.T.) ;
#204=ADVANCED_FACE('PartBody',(#203),#169,.T.) ;
#281=ADVANCED_FACE('PartBody',(#280),#209,.T.) ;
#312=ADVANCED_FACE('PartBody',(#311),#286,.T.) ;
#338=ADVANCED_FACE('PartBody',(#337),#286,.T.) ;
#373=ADVANCED_FACE('PartBody',(#372),#286,.T.) ;
#408=ADVANCED_FACE('PartBody',(#407),#169,.T.) ;
#443=ADVANCED_FACE('PartBody',(#442),#169,.T.) ;
#478=ADVANCED_FACE('PartBody',(#477),#169,.T.) ;
#518=ADVANCED_FACE('PartBody',(#517),#483,.F.) ;
#589=ADVANCED_FACE('PartBody',(#588),#523,.F.) ;
#615=ADVANCED_FACE('PartBody',(#614),#594,.T.) ;
#642=ADVANCED_FACE('PartBody',(#641),#523,.F.) ;
#665=ADVANCED_FACE('PartBody',(#664),#594,.T.) ;
#693=ADVANCED_FACE('PartBody',(#674,#692),#670,.T.) ;
#715=ADVANCED_FACE('PartBody',(#714),#594,.T.) ;
#747=ADVANCED_FACE('PartBody',(#746),#720,.T.) ;
#769=ADVANCED_FACE('PartBody',(#768),#720,.T.) ;
#792=ADVANCED_FACE('PartBody',(#791),#720,.T.) ;
#819=ADVANCED_FACE('PartBody',(#818),#523,.F.) ;
#841=ADVANCED_FACE('PartBody',(#840),#594,.T.) ;
#881=ADVANCED_FACE('PartBody',(#880),#846,.F.) ;
#896=ADVANCED_FACE('PartBody',(#895),#886,.F.) ;
#929=ADVANCED_FACE('PartBody',(#928),#901,.F.) ;
#1076=ADVANCED_FACE('PartBody',(#1032,#1075),#934,.T.) ;
#1193=ADVANCED_FACE('PartBody',(#1149,#1192),#934,.T.) ;
#1225=ADVANCED_FACE('PartBody',(#1224),#1198,.T.) ;
#1243=ADVANCED_FACE('PartBody',(#1242),#1230,.F.) ;
#1270=ADVANCED_FACE('PartBody',(#1269),#1230,.F.) ;
#1297=ADVANCED_FACE('PartBody',(#1296),#1275,.F.) ;
#1323=ADVANCED_FACE('PartBody',(#1322),#1302,.T.) ;
#1350=ADVANCED_FACE('PartBody',(#1349),#1328,.T.) ;
#1382=ADVANCED_FACE('PartBody',(#1381),#1355,.T.) ;
#1401=ADVANCED_FACE('PartBody',(#1400),#1230,.F.) ;
#1428=ADVANCED_FACE('PartBody',(#1427),#1406,.F.) ;
#1448=ADVANCED_FACE('PartBody',(#1447),#1302,.T.) ;
#1465=ADVANCED_FACE('PartBody',(#1464),#1453,.T.) ;
#1484=ADVANCED_FACE('PartBody',(#1483),#56,.F.) ;
#1502=ADVANCED_FACE('PartBody',(#1501),#1489,.F.) ;
#1534=ADVANCED_FACE('PartBody',(#1533),#1507,.T.) ;
#1553=ADVANCED_FACE('PartBody',(#1552),#1230,.F.) ;
#1580=ADVANCED_FACE('PartBody',(#1579),#1558,.F.) ;
#1600=ADVANCED_FACE('PartBody',(#1599),#1302,.T.) ;
#1617=ADVANCED_FACE('PartBody',(#1616),#1605,.T.) ;
#1630=ADVANCED_FACE('PartBody',(#1629),#1622,.T.) ;
#1670=ADVANCED_FACE('PartBody',(#1669),#1635,.T.) ;
#1701=ADVANCED_FACE('PartBody',(#1700),#1675,.T.) ;
#1732=ADVANCED_FACE('PartBody',(#1731),#1706,.T.) ;
#1763=ADVANCED_FACE('PartBody',(#1762),#1737,.F.) ;
#1794=ADVANCED_FACE('PartBody',(#1793),#1768,.T.) ;
#1816=ADVANCED_FACE('PartBody',(#1815),#1799,.T.) ;
#1856=ADVANCED_FACE('PartBody',(#1855),#1821,.F.) ;
#1882=ADVANCED_FACE('PartBody',(#1881),#1675,.T.) ;
#1913=ADVANCED_FACE('PartBody',(#1912),#1887,.T.) ;
#1939=ADVANCED_FACE('PartBody',(#1938),#1737,.F.) ;
#1970=ADVANCED_FACE('PartBody',(#1969),#1944,.F.) ;
#1992=ADVANCED_FACE('PartBody',(#1991),#1975,.T.) ;
#2032=ADVANCED_FACE('PartBody',(#2031),#1997,.T.) ;
#2058=ADVANCED_FACE('PartBody',(#2057),#1997,.T.) ;
#2084=ADVANCED_FACE('PartBody',(#2083),#1675,.T.) ;
#2110=ADVANCED_FACE('PartBody',(#2109),#1821,.F.) ;
#2136=ADVANCED_FACE('PartBody',(#2135),#1799,.T.) ;
#2162=ADVANCED_FACE('PartBody',(#2161),#1944,.F.) ;
#2188=ADVANCED_FACE('PartBody',(#2187),#1737,.F.) ;
#2219=ADVANCED_FACE('PartBody',(#2218),#2193,.F.) ;
#2236=ADVANCED_FACE('PartBody',(#2235),#1675,.T.) ;
#2271=ADVANCED_FACE('PartBody',(#2270),#1635,.T.) ;
#2297=ADVANCED_FACE('PartBody',(#2296),#1975,.T.) ;
#2323=ADVANCED_FACE('PartBody',(#2322),#1768,.T.) ;
#2349=ADVANCED_FACE('PartBody',(#2348),#1737,.F.) ;
#2380=ADVANCED_FACE('PartBody',(#2379),#2354,.F.) ;
#2397=ADVANCED_FACE('PartBody',(#2396),#1675,.T.) ;
#2437=ADVANCED_FACE('PartBody',(#2436),#2402,.T.) ;
#2468=ADVANCED_FACE('PartBody',(#2467),#2442,.T.) ;
#2494=ADVANCED_FACE('PartBody',(#2493),#1737,.F.) ;
#2516=ADVANCED_FACE('PartBody',(#2515),#2499,.T.) ;
#2524=ADVANCED_FACE('PartBody',(#2523),#1622,.T.) ;
#2532=ADVANCED_FACE('PartBody',(#2531),#1622,.T.) ;
#2541=ADVANCED_FACE('PartBody',(#2540),#670,.T.) ;
#2550=ADVANCED_FACE('PartBody',(#2549),#670,.T.) ;
#2562=ADVANCED_FACE('PartBody',(#2561),#670,.T.) ;
#2571=ADVANCED_FACE('PartBody',(#2570),#670,.T.) ;
#2578=ADVANCED_FACE('PartBody',(#2577),#670,.T.) ;
#2607=ADVANCED_FACE('PartBody',(#2606),#1622,.T.) ;
#2632=ADVANCED_FACE('PartBody',(#2631),#2612,.T.) ;
#2644=ADVANCED_FACE('PartBody',(#2643),#2637,.F.) ;
#2652=ADVANCED_FACE('PartBody',(#2651),#1302,.T.) ;
#2718=ADVANCED_FACE('PartBody',(#2717),#2657,.T.) ;
#2749=ADVANCED_FACE('PartBody',(#2748),#2723,.T.) ;
#2773=ADVANCED_FACE('PartBody',(#2772),#2754,.T.) ;
#2797=ADVANCED_FACE('PartBody',(#2796),#2778,.T.) ;
#2824=ADVANCED_FACE('PartBody',(#2823),#2802,.T.) ;
#2850=ADVANCED_FACE('PartBody',(#2849),#2829,.T.) ;
#2923=ADVANCED_FACE('PartBody',(#2922),#2855,.F.) ;
#2954=ADVANCED_FACE('PartBody',(#2953),#2928,.F.) ;
#2978=ADVANCED_FACE('PartBody',(#2977),#2959,.T.) ;
#3002=ADVANCED_FACE('PartBody',(#3001),#2983,.F.) ;
#3026=ADVANCED_FACE('PartBody',(#3025),#3007,.T.) ;
#3050=ADVANCED_FACE('PartBody',(#3049),#3031,.F.) ;
#3072=ADVANCED_FACE('PartBody',(#3071),#3055,.T.) ;
#3089=ADVANCED_FACE('PartBody',(#3088),#3077,.T.) ;
#3106=ADVANCED_FACE('PartBody',(#3105),#3094,.T.) ;
#3126=ADVANCED_FACE('PartBody',(#3125),#3111,.T.) ;
#3145=ADVANCED_FACE('PartBody',(#3144),#3131,.T.) ;
#3196=ADVANCED_FACE('PartBody',(#3195),#3150,.T.) ;
#3213=ADVANCED_FACE('PartBody',(#3212),#3150,.T.) ;
#3244=ADVANCED_FACE('PartBody',(#3243),#3218,.T.) ;
#3261=ADVANCED_FACE('PartBody',(#3260),#3249,.T.) ;
#3304=ADVANCED_FACE('PartBody',(#3303),#3266,.F.) ;
#3382=ADVANCED_FACE('PartBody',(#3381),#3305,.F.) ;
#3448=ADVANCED_FACE('PartBody',(#3447),#3383,.F.) ;
#3507=ADVANCED_FACE('PartBody',(#3506),#3449,.T.) ;
#3556=ADVANCED_FACE('PartBody',(#3555),#3508,.T.) ;
#3615=ADVANCED_FACE('PartBody',(#3614),#3561,.F.) ;
#3656=ADVANCED_FACE('PartBody',(#3655),#3620,.T.) ;
#3722=ADVANCED_FACE('PartBody',(#3721),#3657,.F.) ;
#3798=ADVANCED_FACE('PartBody',(#3797),#3723,.F.) ;
#3847=ADVANCED_FACE('PartBody',(#3846),#3799,.T.) ;
#3896=ADVANCED_FACE('PartBody',(#3895),#3848,.T.) ;
#3925=ADVANCED_FACE('PartBody',(#3924),#56,.F.) ;
#3971=ADVANCED_FACE('PartBody',(#3970),#3930,.T.) ;
#4010=ADVANCED_FACE('PartBody',(#4009),#3976,.T.) ;
#4050=ADVANCED_FACE('PartBody',(#4049),#4015,.T.) ;
#4076=ADVANCED_FACE('PartBody',(#4075),#4055,.F.) ;
#4115=ADVANCED_FACE('PartBody',(#4114),#4081,.T.) ;
#4136=ADVANCED_FACE('PartBody',(#4135),#4120,.T.) ;
#4153=ADVANCED_FACE('PartBody',(#4152),#4141,.T.) ;
#4169=ADVANCED_FACE('PartBody',(#4168),#4158,.T.) ;
#4186=ADVANCED_FACE('PartBody',(#4185),#4174,.T.) ;
#4203=ADVANCED_FACE('PartBody',(#4202),#4191,.T.) ;
#4238=ADVANCED_FACE('PartBody',(#4237),#523,.F.) ;
#4285=ADVANCED_FACE('PartBody',(#4284),#4243,.T.) ;
#4342=ADVANCED_FACE('PartBody',(#4341),#4290,.F.) ;
#4373=ADVANCED_FACE('PartBody',(#4372),#4347,.T.) ;
#4397=ADVANCED_FACE('PartBody',(#4396),#4378,.T.) ;
#4421=ADVANCED_FACE('PartBody',(#4420),#4402,.T.) ;
#4439=ADVANCED_FACE('PartBody',(#4438),#4426,.T.) ;
#4465=ADVANCED_FACE('PartBody',(#4464),#4444,.T.) ;
#4538=ADVANCED_FACE('PartBody',(#4537),#4470,.T.) ;
#4569=ADVANCED_FACE('PartBody',(#4568),#4543,.F.) ;
#4593=ADVANCED_FACE('PartBody',(#4592),#4574,.T.) ;
#4612=ADVANCED_FACE('PartBody',(#4611),#2983,.F.) ;
#4636=ADVANCED_FACE('PartBody',(#4635),#4617,.T.) ;
#4661=ADVANCED_FACE('PartBody',(#4660),#4641,.F.) ;
#4683=ADVANCED_FACE('PartBody',(#4682),#4666,.T.) ;
#4700=ADVANCED_FACE('PartBody',(#4699),#4688,.T.) ;
#4717=ADVANCED_FACE('PartBody',(#4716),#4705,.T.) ;
#4737=ADVANCED_FACE('PartBody',(#4736),#4722,.T.) ;
#4756=ADVANCED_FACE('PartBody',(#4755),#4742,.T.) ;
#4921=ADVANCED_FACE('PartBody',(#4765,#4773,#4781,#4792,#4800,#4806,#4920),#4761,.T.) ;
#4945=ADVANCED_FACE('PartBody',(#4944),#4926,.T.) ;
#4991=ADVANCED_FACE('PartBody',(#4990),#4950,.F.) ;
#5031=ADVANCED_FACE('PartBody',(#5030),#4996,.T.) ;
#5067=ADVANCED_FACE('PartBody',(#5066),#5036,.F.) ;
#5098=ADVANCED_FACE('PartBody',(#5097),#5072,.F.) ;
#5135=ADVANCED_FACE('PartBody',(#5134),#5103,.F.) ;
#5175=ADVANCED_FACE('PartBody',(#5174),#5140,.T.) ;
#5220=ADVANCED_FACE('PartBody',(#5219),#5180,.F.) ;
#5257=ADVANCED_FACE('PartBody',(#5256),#5225,.F.) ;
#5288=ADVANCED_FACE('PartBody',(#5287),#5262,.T.) ;
#5325=ADVANCED_FACE('PartBody',(#5324),#5293,.F.) ;
#5356=ADVANCED_FACE('PartBody',(#5355),#5330,.F.) ;
#5417=ADVANCED_FACE('PartBody',(#5416),#5330,.F.) ;
#5438=ADVANCED_FACE('PartBody',(#5437),#5330,.F.) ;
#5480=ADVANCED_FACE('PartBody',(#5479),#5330,.F.) ;
#5504=ADVANCED_FACE('PartBody',(#5503),#5485,.F.) ;
#5528=ADVANCED_FACE('PartBody',(#5527),#5509,.F.) ;
#5545=ADVANCED_FACE('PartBody',(#5544),#5533,.F.) ;
#5557=ADVANCED_FACE('PartBody',(#5556),#5533,.F.) ;
#5601=ADVANCED_FACE('PartBody',(#5600),#5562,.T.) ;
#5632=ADVANCED_FACE('PartBody',(#5631),#5562,.T.) ;
#5653=ADVANCED_FACE('PartBody',(#5652),#5637,.F.) ;
#5662=ADVANCED_FACE('PartBody',(#5661),#169,.F.) ;
#5676=ADVANCED_FACE('PartBody',(#5675),#169,.F.) ;
#5716=ADVANCED_FACE('PartBody',(#5715),#5681,.F.) ;
#5733=ADVANCED_FACE('PartBody',(#5732),#5681,.F.) ;
#5743=ADVANCED_FACE('PartBody',(#5742),#5738,.F.) ;
#5821=ADVANCED_FACE('PartBody',(#5754,#5820),#5748,.F.) ;
#5843=ADVANCED_FACE('PartBody',(#5842),#483,.F.) ;
#5870=ADVANCED_FACE('PartBody',(#5869),#5848,.F.) ;
#5914=ADVANCED_FACE('PartBody',(#5913),#5875,.T.) ;
#5949=ADVANCED_FACE('PartBody',(#5944,#5948),#5919,.F.) ;
#5971=ADVANCED_FACE('PartBody',(#5970),#5954,.T.) ;
#5983=ADVANCED_FACE('PartBody',(#5982),#5976,.T.) ;
#5995=ADVANCED_FACE('PartBody',(#5994),#5988,.T.) ;
#6023=ADVANCED_FACE('PartBody',(#6004,#6022),#6000,.F.) ;
#6054=ADVANCED_FACE('PartBody',(#6053),#6028,.F.) ;
#6066=ADVANCED_FACE('PartBody',(#6065),#6028,.F.) ;
#6076=ADVANCED_FACE('PartBody',(#6075),#6071,.F.) ;
#6120=ADVANCED_FACE('Body.2',(#6119),#6085,.F.) ;
#6151=ADVANCED_FACE('Body.2',(#6150),#6125,.T.) ;
#6182=ADVANCED_FACE('Body.2',(#6181),#6156,.T.) ;
#6222=ADVANCED_FACE('Body.2',(#6221),#6187,.F.) ;
#6244=ADVANCED_FACE('Body.2',(#6243),#6227,.F.) ;
#6279=ADVANCED_FACE('Body.2',(#6278),#6249,.F.) ;
#6310=ADVANCED_FACE('Body.2',(#6309),#6284,.T.) ;
#6345=ADVANCED_FACE('Body.2',(#6344),#6315,.T.) ;
#6363=ADVANCED_FACE('Body.2',(#6362),#6350,.T.) ;
#6381=ADVANCED_FACE('Body.2',(#6380),#6368,.F.) ;
#6393=ADVANCED_FACE('Body.2',(#6392),#6386,.T.) ;
#6435=ADVANCED_FACE('Body.2',(#6434),#6400,.T.) ;
#6452=ADVANCED_FACE('Body.2',(#6451),#6400,.T.) ;
#6492=ADVANCED_FACE('Body.2',(#6491),#6457,.T.) ;
#6509=ADVANCED_FACE('Body.2',(#6508),#6457,.T.) ;
#6519=ADVANCED_FACE('Body.2',(#6518),#6514,.T.) ;
#6533=ADVANCED_FACE('Body.2',(#6528,#6532),#6524,.F.) ;
#6543=ADVANCED_FACE('Body.2',(#6542),#6538,.F.) ;
#6585=ADVANCED_FACE('Body.3',(#6584),#6550,.F.) ;
#6616=ADVANCED_FACE('Body.3',(#6615),#6590,.T.) ;
#6647=ADVANCED_FACE('Body.3',(#6646),#6621,.F.) ;
#6678=ADVANCED_FACE('Body.3',(#6677),#6652,.T.) ;
#6709=ADVANCED_FACE('Body.3',(#6708),#6683,.F.) ;
#6740=ADVANCED_FACE('Body.3',(#6739),#6714,.T.) ;
#6771=ADVANCED_FACE('Body.3',(#6770),#6745,.F.) ;
#6802=ADVANCED_FACE('Body.3',(#6801),#6776,.T.) ;
#6833=ADVANCED_FACE('Body.3',(#6832),#6807,.T.) ;
#6864=ADVANCED_FACE('Body.3',(#6863),#6838,.F.) ;
#6895=ADVANCED_FACE('Body.3',(#6894),#6869,.T.) ;
#6926=ADVANCED_FACE('Body.3',(#6925),#6900,.F.) ;
#6957=ADVANCED_FACE('Body.3',(#6956),#6931,.T.) ;
#6988=ADVANCED_FACE('Body.3',(#6987),#6962,.F.) ;
#7019=ADVANCED_FACE('Body.3',(#7018),#6993,.T.) ;
#7036=ADVANCED_FACE('Body.3',(#7035),#6776,.T.) ;
#7060=ADVANCED_FACE('Body.3',(#7059),#7041,.F.) ;
#7084=ADVANCED_FACE('Body.3',(#7083),#7065,.T.) ;
#7126=ADVANCED_FACE('Body.3',(#7125),#7091,.T.) ;
#7143=ADVANCED_FACE('Body.3',(#7142),#7091,.T.) ;
#7174=ADVANCED_FACE('Body.3',(#7173),#7148,.T.) ;
#7186=ADVANCED_FACE('Body.3',(#7185),#7148,.T.) ;
#7196=ADVANCED_FACE('Body.3',(#7195),#7191,.T.) ;
#7224=ADVANCED_FACE('Body.3',(#7219,#7223),#7201,.F.) ;
#7248=ADVANCED_FACE('Body.3',(#7247),#7229,.T.) ;
#7270=ADVANCED_FACE('Body.3',(#7269),#7253,.T.) ;
#7277=ADVANCED_FACE('Body.3',(#7276),#7253,.T.) ;
#7319=ADVANCED_FACE('Body.4',(#7318),#7284,.T.) ;
#7336=ADVANCED_FACE('Body.4',(#7335),#7284,.T.) ;
#7376=ADVANCED_FACE('Body.4',(#7375),#7341,.F.) ;
#7393=ADVANCED_FACE('Body.4',(#7392),#7341,.F.) ;
#7407=ADVANCED_FACE('Body.4',(#7402,#7406),#7398,.F.) ;
#7421=ADVANCED_FACE('Body.4',(#7416,#7420),#7412,.T.) ;
#4=APPLICATION_PROTOCOL_DEFINITION('international standard','config_control_design',1994,#1) ;
#32=APPROVAL_DATE_TIME(#13,#21) ;
#224=B_SPLINE_CURVE_WITH_KNOTS('',5,(#225,#226,#227,#228,#229,#230,#231,#232,#233,#234,#235,#236,#237,#238,#239,#240,#241,#242),.UNSPECIFIED.,.F.,.U.,(6,3,3,3,3,6),(0.,0.134089143912,0.272057502655,0.570766482161,1.10990148077,1.81962780036),.UNSPECIFIED.) ;
#253=B_SPLINE_CURVE_WITH_KNOTS('',5,(#254,#255,#256,#257,#258,#259,#260,#261,#262,#263,#264,#265,#266,#267,#268,#269,#270,#271),.UNSPECIFIED.,.F.,.U.,(6,3,3,3,3,6),(0.,0.134057596853,0.27181341825,0.568979886506,1.10134484561,1.79385923372),.UNSPECIFIED.) ;
#595=B_SPLINE_CURVE_WITH_KNOTS('',4,(#596,#597,#598,#599,#600),.UNSPECIFIED.,.F.,.U.,(5,5),(0.,1.33485233153),.UNSPECIFIED.) ;
#602=B_SPLINE_CURVE_WITH_KNOTS('',4,(#603,#604,#605,#606,#607),.UNSPECIFIED.,.F.,.U.,(5,5),(0.,1.35047561335),.UNSPECIFIED.) ;
#643=B_SPLINE_CURVE_WITH_KNOTS('',5,(#644,#645,#646,#647,#648,#649),.UNSPECIFIED.,.F.,.U.,(6,6),(0.,1.45894859906),.UNSPECIFIED.) ;
#651=B_SPLINE_CURVE_WITH_KNOTS('',5,(#652,#653,#654,#655,#656,#657),.UNSPECIFIED.,.F.,.U.,(6,6),(0.,1.41451145703),.UNSPECIFIED.) ;
#701=B_SPLINE_CURVE_WITH_KNOTS('',5,(#702,#703,#704,#705,#706,#707),.UNSPECIFIED.,.F.,.U.,(6,6),(0.,1.41451145702),.UNSPECIFIED.) ;
#755=B_SPLINE_CURVE_WITH_KNOTS('',5,(#756,#757,#758,#759,#760,#761),.UNSPECIFIED.,.F.,.U.,(6,6),(0.,1.390088078),.UNSPECIFIED.) ;
#770=B_SPLINE_CURVE_WITH_KNOTS('',4,(#771,#772,#773,#774,#775),.UNSPECIFIED.,.F.,.U.,(5,5),(0.,1.33637891411),.UNSPECIFIED.) ;
#777=B_SPLINE_CURVE_WITH_KNOTS('',5,(#778,#779,#780,#781,#782,#783),.UNSPECIFIED.,.F.,.U.,(6,6),(0.,1.39008807801),.UNSPECIFIED.) ;
#820=B_SPLINE_CURVE_WITH_KNOTS('',5,(#821,#822,#823,#824,#825,#826),.UNSPECIFIED.,.F.,.U.,(6,6),(0.,1.45894859905),.UNSPECIFIED.) ;
#828=B_SPLINE_CURVE_WITH_KNOTS('',4,(#829,#830,#831,#832,#833),.UNSPECIFIED.,.F.,.U.,(5,5),(0.,1.35047561333),.UNSPECIFIED.) ;
#902=B_SPLINE_CURVE_WITH_KNOTS('',5,(#903,#904,#905,#906,#907,#908,#909,#910,#911,#912,#913,#914),.UNSPECIFIED.,.F.,.U.,(6,3,3,6),(0.,1.50613441643,3.22141478839,5.48739718004),.UNSPECIFIED.) ;
#935=B_SPLINE_CURVE_WITH_KNOTS('',3,(#936,#937,#938,#939),.UNSPECIFIED.,.F.,.U.,(4,4),(0.,2.55525030479),.UNSPECIFIED.) ;
#1033=B_SPLINE_CURVE_WITH_KNOTS('',3,(#1034,#1035,#1036,#1037),.UNSPECIFIED.,.F.,.U.,(4,4),(0.,2.40626479523),.UNSPECIFIED.) ;
#1110=B_SPLINE_CURVE_WITH_KNOTS('',3,(#1111,#1112,#1113,#1114),.UNSPECIFIED.,.F.,.U.,(4,4),(0.,2.43136639199),.UNSPECIFIED.) ;
#1150=B_SPLINE_CURVE_WITH_KNOTS('',3,(#1151,#1152,#1153,#1154),.UNSPECIFIED.,.F.,.U.,(4,4),(0.,2.40626479523),.UNSPECIFIED.) ;
#1199=B_SPLINE_CURVE_WITH_KNOTS('',3,(#1200,#1201,#1202,#1203),.UNSPECIFIED.,.F.,.U.,(4,4),(0.,2.50915348715),.UNSPECIFIED.) ;
#1283=B_SPLINE_CURVE_WITH_KNOTS('',5,(#1284,#1285,#1286,#1287,#1288,#1289),.UNSPECIFIED.,.F.,.U.,(6,6),(0.,3.08432686233),.UNSPECIFIED.) ;
#1303=B_SPLINE_CURVE_WITH_KNOTS('',3,(#1304,#1305,#1306,#1307),.UNSPECIFIED.,.F.,.U.,(4,4),(0.,3.16315263443),.UNSPECIFIED.) ;
#1329=B_SPLINE_CURVE_WITH_KNOTS('',5,(#1330,#1331,#1332,#1333,#1334,#1335),.UNSPECIFIED.,.F.,.U.,(6,6),(0.,3.42723588622),.UNSPECIFIED.) ;
#1356=B_SPLINE_CURVE_WITH_KNOTS('',3,(#1357,#1358,#1359,#1360),.UNSPECIFIED.,.F.,.U.,(4,4),(0.,2.40460532051),.UNSPECIFIED.) ;
#1414=B_SPLINE_CURVE_WITH_KNOTS('',5,(#1415,#1416,#1417,#1418,#1419,#1420),.UNSPECIFIED.,.F.,.U.,(6,6),(0.,3.17135118023),.UNSPECIFIED.) ;
#1436=B_SPLINE_CURVE_WITH_KNOTS('',3,(#1437,#1438,#1439,#1440),.UNSPECIFIED.,.F.,.U.,(4,4),(0.,3.1017603305),.UNSPECIFIED.) ;
#1490=B_SPLINE_CURVE_WITH_KNOTS('',3,(#1491,#1492,#1493,#1494),.UNSPECIFIED.,.F.,.U.,(4,4),(0.,2.423024148),.UNSPECIFIED.) ;
#1508=B_SPLINE_CURVE_WITH_KNOTS('',3,(#1509,#1510,#1511,#1512),.UNSPECIFIED.,.F.,.U.,(4,4),(0.,2.40460532051),.UNSPECIFIED.) ;
#1566=B_SPLINE_CURVE_WITH_KNOTS('',5,(#1567,#1568,#1569,#1570,#1571,#1572),.UNSPECIFIED.,.F.,.U.,(6,6),(0.,3.14014788344),.UNSPECIFIED.) ;
#1588=B_SPLINE_CURVE_WITH_KNOTS('',3,(#1589,#1590,#1591,#1592),.UNSPECIFIED.,.F.,.U.,(4,4),(0.,3.1017603305),.UNSPECIFIED.) ;
#2618=B_SPLINE_CURVE_WITH_KNOTS('',5,(#2619,#2620,#2621,#2622,#2623,#2624),.UNSPECIFIED.,.F.,.U.,(6,6),(0.,3.42723588597),.UNSPECIFIED.) ;
#2810=B_SPLINE_CURVE_WITH_KNOTS('',5,(#2811,#2812,#2813,#2814,#2815,#2816),.UNSPECIFIED.,.F.,.U.,(6,6),(0.,1.3177088111),.UNSPECIFIED.) ;
#2837=B_SPLINE_CURVE_WITH_KNOTS('',4,(#2838,#2839,#2840,#2841,#2842),.UNSPECIFIED.,.F.,.U.,(5,5),(0.,1.11915551344),.UNSPECIFIED.) ;
#3112=B_SPLINE_CURVE_WITH_KNOTS('',5,(#3113,#3114,#3115,#3116,#3117,#3118),.UNSPECIFIED.,.F.,.U.,(6,6),(0.,1.3177088111),.UNSPECIFIED.) ;
#3132=B_SPLINE_CURVE_WITH_KNOTS('',4,(#3133,#3134,#3135,#3136,#3137),.UNSPECIFIED.,.F.,.U.,(5,5),(0.,1.11915551344),.UNSPECIFIED.) ;
#3267=B_SPLINE_CURVE_WITH_KNOTS('',3,(#3268,#3269,#3270,#3271),.UNSPECIFIED.,.F.,.U.,(4,4),(1.49489123157,2.14066608254),.UNSPECIFIED.) ;
#3277=B_SPLINE_CURVE_WITH_KNOTS('',3,(#3278,#3279,#3280,#3281),.UNSPECIFIED.,.F.,.U.,(4,4),(4.25233978757,4.57456026128),.UNSPECIFIED.) ;
#3290=B_SPLINE_CURVE_WITH_KNOTS('',3,(#3291,#3292,#3293,#3294),.UNSPECIFIED.,.F.,.U.,(4,4),(0.758585154815,1.55962967729),.UNSPECIFIED.) ;
#3342=B_SPLINE_CURVE_WITH_KNOTS('',3,(#3343,#3344,#3345,#3346),.UNSPECIFIED.,.F.,.U.,(4,4),(0.,0.416136077887),.UNSPECIFIED.) ;
#3352=B_SPLINE_CURVE_WITH_KNOTS('',3,(#3353,#3354,#3355,#3356),.UNSPECIFIED.,.F.,.U.,(4,4),(0.,0.0326853697587),.UNSPECIFIED.) ;
#3360=B_SPLINE_CURVE_WITH_KNOTS('',5,(#3361,#3362,#3363,#3364,#3365,#3366),.UNSPECIFIED.,.F.,.U.,(6,6),(4.2523398625,4.57456026128),.UNSPECIFIED.) ;
#3370=B_SPLINE_CURVE_WITH_KNOTS('',3,(#3371,#3372,#3373,#3374),.UNSPECIFIED.,.F.,.U.,(4,4),(0.,0.0889382778022),.UNSPECIFIED.) ;
#3420=B_SPLINE_CURVE_WITH_KNOTS('',3,(#3421,#3422,#3423,#3424),.UNSPECIFIED.,.F.,.U.,(4,4),(0.,0.391200778353),.UNSPECIFIED.) ;
#3430=B_SPLINE_CURVE_WITH_KNOTS('',3,(#3431,#3432,#3433,#3434),.UNSPECIFIED.,.F.,.U.,(4,4),(0.388355732307,0.5),.UNSPECIFIED.) ;
#3436=B_SPLINE_CURVE_WITH_KNOTS('',3,(#3437,#3438,#3439,#3440),.UNSPECIFIED.,.F.,.U.,(4,4),(0.43852068,0.5),.UNSPECIFIED.) ;
#3486=B_SPLINE_CURVE_WITH_KNOTS('',5,(#3487,#3488,#3489,#3490,#3491,#3492),.UNSPECIFIED.,.F.,.U.,(6,6),(1.94063034906,2.14066606928),.UNSPECIFIED.) ;
#3496=B_SPLINE_CURVE_WITH_KNOTS('',3,(#3497,#3498,#3499,#3500),.UNSPECIFIED.,.F.,.U.,(4,4),(0.,0.270104811546),.UNSPECIFIED.) ;
#3545=B_SPLINE_CURVE_WITH_KNOTS('',3,(#3546,#3547,#3548,#3549),.UNSPECIFIED.,.F.,.U.,(4,4),(0.,0.741316230374),.UNSPECIFIED.) ;
#3562=B_SPLINE_CURVE_WITH_KNOTS('',3,(#3563,#3564,#3565,#3566),.UNSPECIFIED.,.F.,.U.,(4,4),(4.12212737311,4.44434641803),.UNSPECIFIED.) ;
#3572=B_SPLINE_CURVE_WITH_KNOTS('',3,(#3573,#3574,#3575,#3576),.UNSPECIFIED.,.F.,.U.,(4,4),(1.49487598155,2.14064971691),.UNSPECIFIED.) ;
#3580=B_SPLINE_CURVE_WITH_KNOTS('',3,(#3581,#3582,#3583,#3584),.UNSPECIFIED.,.F.,.U.,(4,4),(0.758585938061,1.55962967729),.UNSPECIFIED.) ;
#3628=B_SPLINE_CURVE_WITH_KNOTS('',3,(#3629,#3630,#3631,#3632),.UNSPECIFIED.,.F.,.U.,(4,4),(0.,0.279525080646),.UNSPECIFIED.) ;
#3634=B_SPLINE_CURVE_WITH_KNOTS('',3,(#3635,#3636,#3637,#3638),.UNSPECIFIED.,.F.,.U.,(4,4),(0.,0.279525083761),.UNSPECIFIED.) ;
#3642=B_SPLINE_CURVE_WITH_KNOTS('',3,(#3643,#3644,#3645,#3646),.UNSPECIFIED.,.F.,.U.,(4,4),(1.9406141697,2.14064970376),.UNSPECIFIED.) ;
#3694=B_SPLINE_CURVE_WITH_KNOTS('',3,(#3695,#3696,#3697,#3698),.UNSPECIFIED.,.F.,.U.,(4,4),(0.,0.391199694617),.UNSPECIFIED.) ;
#3704=B_SPLINE_CURVE_WITH_KNOTS('',3,(#3705,#3706,#3707,#3708),.UNSPECIFIED.,.F.,.U.,(4,4),(0.,0.0614792209781),.UNSPECIFIED.) ;
#3710=B_SPLINE_CURVE_WITH_KNOTS('',3,(#3711,#3712,#3713,#3714),.UNSPECIFIED.,.F.,.U.,(4,4),(0.,0.111644267694),.UNSPECIFIED.) ;
#3760=B_SPLINE_CURVE_WITH_KNOTS('',3,(#3761,#3762,#3763,#3764),.UNSPECIFIED.,.F.,.U.,(4,4),(0.,0.416135064427),.UNSPECIFIED.) ;
#3770=B_SPLINE_CURVE_WITH_KNOTS('',3,(#3771,#3772,#3773,#3774),.UNSPECIFIED.,.F.,.U.,(4,4),(0.411061753316,0.5),.UNSPECIFIED.) ;
#3778=B_SPLINE_CURVE_WITH_KNOTS('',5,(#3779,#3780,#3781,#3782,#3783,#3784),.UNSPECIFIED.,.F.,.U.,(6,6),(4.12212745249,4.44434641803),.UNSPECIFIED.) ;
#3786=B_SPLINE_CURVE_WITH_KNOTS('',3,(#3787,#3788,#3789,#3790),.UNSPECIFIED.,.F.,.U.,(4,4),(0.467314626848,0.5),.UNSPECIFIED.) ;
#3836=B_SPLINE_CURVE_WITH_KNOTS('',3,(#3837,#3838,#3839,#3840),.UNSPECIFIED.,.F.,.U.,(4,4),(0.,0.741318062717),.UNSPECIFIED.) ;
#3885=B_SPLINE_CURVE_WITH_KNOTS('',3,(#3886,#3887,#3888,#3889),.UNSPECIFIED.,.F.,.U.,(4,4),(0.,0.270104691288),.UNSPECIFIED.) ;
#3931=B_SPLINE_CURVE_WITH_KNOTS('',5,(#3932,#3933,#3934,#3935,#3936,#3937,#3938,#3939,#3940,#3941,#3942,#3943,#3944,#3945,#3946,#3947,#3948,#3949),.UNSPECIFIED.,.F.,.U.,(6,3,3,3,3,6),(0.,0.342780155717,0.500283151094,0.646832073719,0.885084556355,1.27513967496),.UNSPECIFIED.) ;
#4082=B_SPLINE_CURVE_WITH_KNOTS('',5,(#4083,#4084,#4085,#4086,#4087,#4088,#4089,#4090,#4091,#4092,#4093,#4094,#4095,#4096,#4097,#4098,#4099,#4100),.UNSPECIFIED.,.F.,.U.,(6,3,3,3,3,6),(0.,0.342778406137,0.500281374586,0.646830265833,0.885082786813,1.27513780452),.UNSPECIFIED.) ;
#4218=B_SPLINE_CURVE_WITH_KNOTS('',5,(#4219,#4220,#4221,#4222,#4223,#4224),.UNSPECIFIED.,.F.,.U.,(6,6),(0.,0.113810652303),.UNSPECIFIED.) ;
#4244=B_SPLINE_CURVE_WITH_KNOTS('',5,(#4245,#4246,#4247,#4248,#4249,#4250,#4251,#4252,#4253,#4254,#4255,#4256),.UNSPECIFIED.,.F.,.U.,(6,3,3,6),(0.,0.494354673951,1.68947233212,1.74642914803),.UNSPECIFIED.) ;
#4260=B_SPLINE_CURVE_WITH_KNOTS('',5,(#4261,#4262,#4263,#4264,#4265,#4266,#4267,#4268,#4269),.UNSPECIFIED.,.F.,.U.,(6,3,6),(1.55373635517,3.22141478842,5.48739718011),.UNSPECIFIED.) ;
#4452=B_SPLINE_CURVE_WITH_KNOTS('',4,(#4453,#4454,#4455,#4456,#4457),.UNSPECIFIED.,.F.,.U.,(5,5),(0.,1.11915551342),.UNSPECIFIED.) ;
#4723=B_SPLINE_CURVE_WITH_KNOTS('',5,(#4724,#4725,#4726,#4727,#4728,#4729),.UNSPECIFIED.,.F.,.U.,(6,6),(0.,1.31770881111),.UNSPECIFIED.) ;
#4743=B_SPLINE_CURVE_WITH_KNOTS('',4,(#4744,#4745,#4746,#4747,#4748),.UNSPECIFIED.,.F.,.U.,(5,5),(0.,1.11915551342),.UNSPECIFIED.) ;
#4960=B_SPLINE_CURVE_WITH_KNOTS('',5,(#4961,#4962,#4963,#4964,#4965,#4966),.UNSPECIFIED.,.F.,.U.,(6,6),(0.,3.33756654925),.UNSPECIFIED.) ;
#4977=B_SPLINE_CURVE_WITH_KNOTS('',5,(#4978,#4979,#4980,#4981,#4982,#4983),.UNSPECIFIED.,.F.,.U.,(6,6),(0.,3.33577934076),.UNSPECIFIED.) ;
#5037=B_SPLINE_CURVE_WITH_KNOTS('',5,(#5038,#5039,#5040,#5041,#5042,#5043),.UNSPECIFIED.,.F.,.U.,(6,6),(0.,3.36519430491),.UNSPECIFIED.) ;
#5045=B_SPLINE_CURVE_WITH_KNOTS('',4,(#5046,#5047,#5048,#5049,#5050),.UNSPECIFIED.,.F.,.U.,(5,5),(0.,2.60284209096),.UNSPECIFIED.) ;
#5054=B_SPLINE_CURVE_WITH_KNOTS('',3,(#5055,#5056,#5057,#5058),.UNSPECIFIED.,.F.,.U.,(4,4),(0.,0.779108456081),.UNSPECIFIED.) ;
#5104=B_SPLINE_CURVE_WITH_KNOTS('',5,(#5105,#5106,#5107,#5108,#5109,#5110),.UNSPECIFIED.,.F.,.U.,(6,6),(0.,3.47235399441),.UNSPECIFIED.) ;
#5121=B_SPLINE_CURVE_WITH_KNOTS('',5,(#5122,#5123,#5124,#5125,#5126,#5127),.UNSPECIFIED.,.F.,.U.,(6,6),(0.,3.42272305069),.UNSPECIFIED.) ;
#5190=B_SPLINE_CURVE_WITH_KNOTS('',5,(#5191,#5192,#5193,#5194,#5195,#5196),.UNSPECIFIED.,.F.,.U.,(6,6),(0.,3.36519430494),.UNSPECIFIED.) ;
#5198=B_SPLINE_CURVE_WITH_KNOTS('',4,(#5199,#5200,#5201,#5202,#5203),.UNSPECIFIED.,.F.,.U.,(5,5),(0.,2.60283710485),.UNSPECIFIED.) ;
#5207=B_SPLINE_CURVE_WITH_KNOTS('',3,(#5208,#5209,#5210,#5211),.UNSPECIFIED.,.F.,.U.,(4,4),(0.,0.779128932157),.UNSPECIFIED.) ;
#5226=B_SPLINE_CURVE_WITH_KNOTS('',5,(#5227,#5228,#5229,#5230,#5231,#5232),.UNSPECIFIED.,.F.,.U.,(6,6),(0.,3.33756654919),.UNSPECIFIED.) ;
#5243=B_SPLINE_CURVE_WITH_KNOTS('',5,(#5244,#5245,#5246,#5247,#5248,#5249),.UNSPECIFIED.,.F.,.U.,(6,6),(0.,3.33577934078),.UNSPECIFIED.) ;
#5294=B_SPLINE_CURVE_WITH_KNOTS('',5,(#5295,#5296,#5297,#5298,#5299,#5300),.UNSPECIFIED.,.F.,.U.,(6,6),(0.,3.47235399448),.UNSPECIFIED.) ;
#5311=B_SPLINE_CURVE_WITH_KNOTS('',5,(#5312,#5313,#5314,#5315,#5316,#5317),.UNSPECIFIED.,.F.,.U.,(6,6),(0.,3.42272305069),.UNSPECIFIED.) ;
#3305=B_SPLINE_SURFACE_WITH_KNOTS('',5,5,((#3306,#3307,#3308,#3309,#3310,#3311),(#3312,#3313,#3314,#3315,#3316,#3317),(#3318,#3319,#3320,#3321,#3322,#3323),(#3324,#3325,#3326,#3327,#3328,#3329),(#3330,#3331,#3332,#3333,#3334,#3335),(#3336,#3337,#3338,#3339,#3340,#3341)),.UNSPECIFIED.,.F.,.F.,.U.,(6,6),(6,6),(4.25233986249,4.57456026129),(0.,0.0889382778023),.UNSPECIFIED.) ;
#3383=B_SPLINE_SURFACE_WITH_KNOTS('',5,5,((#3384,#3385,#3386,#3387,#3388,#3389),(#3390,#3391,#3392,#3393,#3394,#3395),(#3396,#3397,#3398,#3399,#3400,#3401),(#3402,#3403,#3404,#3405,#3406,#3407),(#3408,#3409,#3410,#3411,#3412,#3413),(#3414,#3415,#3416,#3417,#3418,#3419)),.UNSPECIFIED.,.F.,.F.,.U.,(6,6),(6,6),(4.25233986249,4.57456026129),(0.388355732306,0.5),.UNSPECIFIED.) ;
#3449=B_SPLINE_SURFACE_WITH_KNOTS('',5,5,((#3450,#3451,#3452,#3453,#3454,#3455),(#3456,#3457,#3458,#3459,#3460,#3461),(#3462,#3463,#3464,#3465,#3466,#3467),(#3468,#3469,#3470,#3471,#3472,#3473),(#3474,#3475,#3476,#3477,#3478,#3479),(#3480,#3481,#3482,#3483,#3484,#3485)),.UNSPECIFIED.,.F.,.F.,.U.,(6,6),(6,6),(1.94063034905,2.14066606928),(0.,0.0326853697587),.UNSPECIFIED.) ;
#3508=B_SPLINE_SURFACE_WITH_KNOTS('',5,5,((#3509,#3510,#3511,#3512,#3513,#3514),(#3515,#3516,#3517,#3518,#3519,#3520),(#3521,#3522,#3523,#3524,#3525,#3526),(#3527,#3528,#3529,#3530,#3531,#3532),(#3533,#3534,#3535,#3536,#3537,#3538),(#3539,#3540,#3541,#3542,#3543,#3544)),.UNSPECIFIED.,.F.,.F.,.U.,(6,6),(6,6),(1.49489123157,2.14066606928),(0.438520679999,0.5),.UNSPECIFIED.) ;
#3657=B_SPLINE_SURFACE_WITH_KNOTS('',5,5,((#3658,#3659,#3660,#3661,#3662,#3663),(#3664,#3665,#3666,#3667,#3668,#3669),(#3670,#3671,#3672,#3673,#3674,#3675),(#3676,#3677,#3678,#3679,#3680,#3681),(#3682,#3683,#3684,#3685,#3686,#3687),(#3688,#3689,#3690,#3691,#3692,#3693)),.UNSPECIFIED.,.F.,.F.,.U.,(6,6),(6,6),(4.12212737311,4.44434641803),(0.,0.111644267694),.UNSPECIFIED.) ;
#3723=B_SPLINE_SURFACE_WITH_KNOTS('',5,5,((#3724,#3725,#3726,#3727,#3728,#3729),(#3730,#3731,#3732,#3733,#3734,#3735),(#3736,#3737,#3738,#3739,#3740,#3741),(#3742,#3743,#3744,#3745,#3746,#3747),(#3748,#3749,#3750,#3751,#3752,#3753),(#3754,#3755,#3756,#3757,#3758,#3759)),.UNSPECIFIED.,.F.,.F.,.U.,(6,6),(6,6),(4.12212737311,4.44434641803),(0.411061753315,0.5),.UNSPECIFIED.) ;
#3799=B_SPLINE_SURFACE_WITH_KNOTS('',5,5,((#3800,#3801,#3802,#3803,#3804,#3805),(#3806,#3807,#3808,#3809,#3810,#3811),(#3812,#3813,#3814,#3815,#3816,#3817),(#3818,#3819,#3820,#3821,#3822,#3823),(#3824,#3825,#3826,#3827,#3828,#3829),(#3830,#3831,#3832,#3833,#3834,#3835)),.UNSPECIFIED.,.F.,.F.,.U.,(6,6),(6,6),(1.49487598155,2.14064971692),(0.,0.0614792209782),.UNSPECIFIED.) ;
#3848=B_SPLINE_SURFACE_WITH_KNOTS('',5,5,((#3849,#3850,#3851,#3852,#3853,#3854),(#3855,#3856,#3857,#3858,#3859,#3860),(#3861,#3862,#3863,#3864,#3865,#3866),(#3867,#3868,#3869,#3870,#3871,#3872),(#3873,#3874,#3875,#3876,#3877,#3878),(#3879,#3880,#3881,#3882,#3883,#3884)),.UNSPECIFIED.,.F.,.F.,.U.,(6,6),(6,6),(1.9406141697,2.14064971692),(0.467314626848,0.5),.UNSPECIFIED.) ;
#6077=MANIFOLD_SOLID_BREP('PartBody',#51) ;
#6394=MANIFOLD_SOLID_BREP('Body.2.1',#6080) ;
#6544=MANIFOLD_SOLID_BREP('Body.2.2',#6395) ;
#7085=MANIFOLD_SOLID_BREP('Body.3.1',#6545) ;
#7278=MANIFOLD_SOLID_BREP('Body.3.2',#7086) ;
#7422=MANIFOLD_SOLID_BREP('Body.4',#7279) ;
#11=CALENDAR_DATE(2025,4,10) ;
#30=CC_DESIGN_APPROVAL(#21,(#16,#6,#14)) ;
#18=CC_DESIGN_DATE_AND_TIME_ASSIGNMENT(#13,#17,(#16)) ;
#29=CC_DESIGN_DATE_AND_TIME_ASSIGNMENT(#13,#28,(#14)) ;
#17=DATE_TIME_ROLE('classification_date') ;
#28=DATE_TIME_ROLE('creation_date') ;
#27=CC_DESIGN_PERSON_AND_ORGANIZATION_ASSIGNMENT(#25,#26,(#16)) ;
#33=CC_DESIGN_PERSON_AND_ORGANIZATION_ASSIGNMENT(#25,#34,(#6)) ;
#35=CC_DESIGN_PERSON_AND_ORGANIZATION_ASSIGNMENT(#25,#36,(#6,#14)) ;
#37=CC_DESIGN_PERSON_AND_ORGANIZATION_ASSIGNMENT(#25,#38,(#5)) ;
#26=PERSON_AND_ORGANIZATION_ROLE('classification_officer') ;
#34=PERSON_AND_ORGANIZATION_ROLE('design_supplier') ;
#36=PERSON_AND_ORGANIZATION_ROLE('creator') ;
#38=PERSON_AND_ORGANIZATION_ROLE('design_owner') ;
#39=CC_DESIGN_SECURITY_CLASSIFICATION(#16,(#6)) ;
#100=CIRCLE('generated circle',#99,17.65) ;
#116=CIRCLE('generated circle',#115,17.65) ;
#123=CIRCLE('generated circle',#122,17.65) ;
#130=CIRCLE('generated circle',#129,17.65) ;
#151=CIRCLE('generated circle',#150,17.65) ;
#156=CIRCLE('generated circle',#155,17.65) ;
#173=CIRCLE('generated circle',#172,9.1) ;
#189=CIRCLE('generated circle',#188,9.1) ;
#290=CIRCLE('generated circle',#289,9.) ;
#304=CIRCLE('generated circle',#303,9.) ;
#316=CIRCLE('generated circle',#315,9.) ;
#323=CIRCLE('generated circle',#322,9.) ;
#351=CIRCLE('generated circle',#350,9.) ;
#365=CIRCLE('generated circle',#364,9.) ;
#377=CIRCLE('generated circle',#376,9.1) ;
#393=CIRCLE('generated circle',#392,9.1) ;
#412=CIRCLE('generated circle',#411,9.1) ;
#428=CIRCLE('generated circle',#427,9.1) ;
#447=CIRCLE('generated circle',#446,9.1) ;
#463=CIRCLE('generated circle',#462,9.1) ;
#541=CIRCLE('generated circle',#540,2.) ;
#555=CIRCLE('generated circle',#554,8.4) ;
#562=CIRCLE('generated circle',#561,8.4) ;
#569=CIRCLE('generated circle',#568,3.6) ;
#576=CIRCLE('generated circle',#575,8.5) ;
#628=CIRCLE('generated circle',#627,8.5) ;
#678=CIRCLE('generated circle',#677,12.6) ;
#687=CIRCLE('generated circle',#686,12.6) ;
#697=CIRCLE('generated circle',#696,8.5) ;
#724=CIRCLE('generated circle',#723,0.6) ;
#731=CIRCLE('generated circle',#730,8.4) ;
#738=CIRCLE('generated circle',#737,8.4) ;
#751=CIRCLE('generated circle',#750,8.4) ;
#812=CIRCLE('generated circle',#811,8.5) ;
#890=CIRCLE('generated circle',#889,4.75) ;
#948=CIRCLE('generated circle',#947,12.6) ;
#967=CIRCLE('generated circle',#966,12.6) ;
#981=CIRCLE('generated circle',#980,12.6) ;
#995=CIRCLE('generated circle',#994,12.6) ;
#1009=CIRCLE('generated circle',#1008,12.6) ;
#1046=CIRCLE('generated circle',#1045,12.6) ;
#1060=CIRCLE('generated circle',#1059,12.6) ;
#1089=CIRCLE('generated circle',#1088,12.6) ;
#1094=CIRCLE('generated circle',#1093,12.6) ;
#1099=CIRCLE('generated circle',#1098,12.6) ;
#1121=CIRCLE('generated circle',#1120,12.6) ;
#1126=CIRCLE('generated circle',#1125,12.6) ;
#1131=CIRCLE('generated circle',#1130,12.6) ;
#1163=CIRCLE('generated circle',#1162,12.6) ;
#1177=CIRCLE('generated circle',#1176,12.6) ;
#1234=CIRCLE('generated circle',#1233,14.6) ;
#1254=CIRCLE('generated circle',#1253,14.6) ;
#1314=CIRCLE('generated circle',#1313,14.6) ;
#1386=CIRCLE('generated circle',#1385,14.6) ;
#1432=CIRCLE('generated circle',#1431,14.6) ;
#1538=CIRCLE('generated circle',#1537,14.6) ;
#1584=CIRCLE('generated circle',#1583,14.6) ;
#1679=CIRCLE('generated circle',#1678,9.2) ;
#1693=CIRCLE('generated circle',#1692,9.2) ;
#1741=CIRCLE('generated circle',#1740,11.9) ;
#1755=CIRCLE('generated circle',#1754,11.9) ;
#1803=CIRCLE('generated circle',#1802,9.8) ;
#1808=CIRCLE('generated circle',#1807,9.8) ;
#1860=CIRCLE('generated circle',#1859,9.2) ;
#1874=CIRCLE('generated circle',#1873,9.2) ;
#1917=CIRCLE('generated circle',#1916,11.9) ;
#1931=CIRCLE('generated circle',#1930,11.9) ;
#1979=CIRCLE('generated circle',#1978,9.8) ;
#1984=CIRCLE('generated circle',#1983,9.8) ;
#2001=CIRCLE('generated circle',#2000,0.9) ;
#2017=CIRCLE('generated circle',#2016,0.9) ;
#2036=CIRCLE('generated circle',#2035,0.9) ;
#2043=CIRCLE('generated circle',#2042,0.9) ;
#2062=CIRCLE('generated circle',#2061,9.2) ;
#2069=CIRCLE('generated circle',#2068,9.2) ;
#2114=CIRCLE('generated circle',#2113,9.8) ;
#2121=CIRCLE('generated circle',#2120,9.8) ;
#2166=CIRCLE('generated circle',#2165,11.9) ;
#2173=CIRCLE('generated circle',#2172,11.9) ;
#2223=CIRCLE('generated circle',#2222,9.2) ;
#2228=CIRCLE('generated circle',#2227,9.2) ;
#2275=CIRCLE('generated circle',#2274,9.8) ;
#2282=CIRCLE('generated circle',#2281,9.8) ;
#2327=CIRCLE('generated circle',#2326,11.9) ;
#2341=CIRCLE('generated circle',#2340,11.9) ;
#2384=CIRCLE('generated circle',#2383,9.2) ;
#2389=CIRCLE('generated circle',#2388,9.2) ;
#2472=CIRCLE('generated circle',#2471,11.9) ;
#2479=CIRCLE('generated circle',#2478,11.9) ;
#2582=CIRCLE('generated circle',#2581,14.6) ;
#2589=CIRCLE('generated circle',#2588,14.6) ;
#2661=CIRCLE('generated circle',#2660,4.75) ;
#2682=CIRCLE('generated circle',#2681,0.5) ;
#2696=CIRCLE('generated circle',#2695,0.5) ;
#2727=CIRCLE('generated circle',#2726,0.5) ;
#2734=CIRCLE('generated circle',#2733,1.) ;
#2741=CIRCLE('generated circle',#2740,0.5) ;
#2765=CIRCLE('generated circle',#2764,0.5) ;
#2782=CIRCLE('generated circle',#2781,1.) ;
#2789=CIRCLE('generated circle',#2788,0.5) ;
#2868=CIRCLE('generated circle',#2867,0.5) ;
#2882=CIRCLE('generated circle',#2881,0.5) ;
#2908=CIRCLE('generated circle',#2907,4.75) ;
#2970=CIRCLE('generated circle',#2969,1.) ;
#3018=CIRCLE('generated circle',#3017,1.) ;
#3059=CIRCLE('generated circle',#3058,0.5) ;
#3064=CIRCLE('generated circle',#3063,0.5) ;
#3081=CIRCLE('generated circle',#3080,0.5) ;
#3098=CIRCLE('generated circle',#3097,0.5) ;
#3163=CIRCLE('generated circle',#3162,3.6) ;
#3168=CIRCLE('generated circle',#3167,3.6) ;
#3182=CIRCLE('generated circle',#3181,3.6) ;
#3200=CIRCLE('generated circle',#3199,3.6) ;
#3205=CIRCLE('generated circle',#3204,3.6) ;
#3222=CIRCLE('generated circle',#3221,0.5) ;
#3229=CIRCLE('generated circle',#3228,3.1) ;
#3236=CIRCLE('generated circle',#3235,0.5) ;
#3253=CIRCLE('generated circle',#3252,3.1) ;
#3598=CIRCLE('generated circle',#3597,2.) ;
#3961=CIRCLE('generated circle',#3960,0.5) ;
#4105=CIRCLE('generated circle',#4104,0.5) ;
#4124=CIRCLE('generated circle',#4123,0.5) ;
#4129=CIRCLE('generated circle',#4128,0.5) ;
#4145=CIRCLE('generated circle',#4144,0.5) ;
#4162=CIRCLE('generated circle',#4161,0.5) ;
#4178=CIRCLE('generated circle',#4177,0.5) ;
#4195=CIRCLE('generated circle',#4194,0.5) ;
#4301=CIRCLE('generated circle',#4300,0.5) ;
#4315=CIRCLE('generated circle',#4314,0.5) ;
#4351=CIRCLE('generated circle',#4350,0.5) ;
#4358=CIRCLE('generated circle',#4357,0.5) ;
#4365=CIRCLE('generated circle',#4364,1.) ;
#4382=CIRCLE('generated circle',#4381,0.5) ;
#4406=CIRCLE('generated circle',#4405,0.5) ;
#4413=CIRCLE('generated circle',#4412,1.) ;
#4474=CIRCLE('generated circle',#4473,4.75) ;
#4502=CIRCLE('generated circle',#4501,0.5) ;
#4516=CIRCLE('generated circle',#4515,0.5) ;
#4585=CIRCLE('generated circle',#4584,1.) ;
#4628=CIRCLE('generated circle',#4627,1.) ;
#4670=CIRCLE('generated circle',#4669,0.5) ;
#4675=CIRCLE('generated circle',#4674,0.5) ;
#4692=CIRCLE('generated circle',#4691,0.5) ;
#4709=CIRCLE('generated circle',#4708,0.5) ;
#4819=CIRCLE('generated circle',#4818,9.1) ;
#4833=CIRCLE('generated circle',#4832,7.5) ;
#4840=CIRCLE('generated circle',#4839,7.5) ;
#4847=CIRCLE('generated circle',#4846,7.5) ;
#4854=CIRCLE('generated circle',#4853,7.5) ;
#4868=CIRCLE('generated circle',#4867,9.1) ;
#4882=CIRCLE('generated circle',#4881,7.5) ;
#4889=CIRCLE('generated circle',#4888,7.5) ;
#4896=CIRCLE('generated circle',#4895,7.5) ;
#4903=CIRCLE('generated circle',#4902,7.5) ;
#4930=CIRCLE('generated circle',#4929,7.5) ;
#4939=CIRCLE('generated circle',#4938,7.5) ;
#5334=CIRCLE('generated circle',#5333,7.5) ;
#5360=CIRCLE('generated circle',#5359,7.5) ;
#5369=CIRCLE('generated circle',#5368,7.5) ;
#5379=CIRCLE('generated circle',#5378,7.5) ;
#5398=CIRCLE('generated circle',#5397,7.5) ;
#5421=CIRCLE('generated circle',#5420,7.5) ;
#5442=CIRCLE('generated circle',#5441,7.5) ;
#5451=CIRCLE('generated circle',#5450,7.5) ;
#5456=CIRCLE('generated circle',#5455,7.5) ;
#5461=CIRCLE('generated circle',#5460,7.5) ;
#5537=CIRCLE('generated circle',#5536,9.1) ;
#5549=CIRCLE('generated circle',#5548,9.1) ;
#5566=CIRCLE('generated circle',#5565,9.1) ;
#5575=CIRCLE('generated circle',#5574,9.1) ;
#5580=CIRCLE('generated circle',#5579,9.1) ;
#5587=CIRCLE('generated circle',#5586,9.1) ;
#5605=CIRCLE('generated circle',#5604,9.1) ;
#5612=CIRCLE('generated circle',#5611,9.1) ;
#5619=CIRCLE('generated circle',#5618,9.1) ;
#5685=CIRCLE('generated circle',#5684,3.6) ;
#5701=CIRCLE('generated circle',#5700,3.6) ;
#5720=CIRCLE('generated circle',#5719,3.6) ;
#5725=CIRCLE('generated circle',#5724,3.6) ;
#5767=CIRCLE('generated circle',#5766,0.5) ;
#5786=CIRCLE('generated circle',#5785,0.5) ;
#5879=CIRCLE('generated circle',#5878,4.75) ;
#5930=CIRCLE('generated circle',#5929,4.25) ;
#5958=CIRCLE('generated circle',#5957,0.5) ;
#5963=CIRCLE('generated circle',#5962,0.5) ;
#6008=CIRCLE('generated circle',#6007,2.8) ;
#6017=CIRCLE('generated circle',#6016,2.8) ;
#6032=CIRCLE('generated circle',#6031,2.8) ;
#6058=CIRCLE('generated circle',#6057,2.8) ;
#6288=CIRCLE('generated circle',#6287,1.6) ;
#6302=CIRCLE('generated circle',#6301,1.6) ;
#6354=CIRCLE('generated circle',#6353,1.6) ;
#6372=CIRCLE('generated circle',#6371,1.6) ;
#6404=CIRCLE('generated circle',#6403,3.6) ;
#6420=CIRCLE('generated circle',#6419,3.6) ;
#6439=CIRCLE('generated circle',#6438,3.6) ;
#6444=CIRCLE('generated circle',#6443,3.6) ;
#6461=CIRCLE('generated circle',#6460,1.4) ;
#6477=CIRCLE('generated circle',#6476,1.4) ;
#6496=CIRCLE('generated circle',#6495,1.4) ;
#6501=CIRCLE('generated circle',#6500,1.4) ;
#6594=CIRCLE('generated circle',#6593,1.5) ;
#6608=CIRCLE('generated circle',#6607,1.5) ;
#6656=CIRCLE('generated circle',#6655,10.) ;
#6670=CIRCLE('generated circle',#6669,10.) ;
#6718=CIRCLE('generated circle',#6717,1.5) ;
#6732=CIRCLE('generated circle',#6731,1.5) ;
#6842=CIRCLE('generated circle',#6841,1.1) ;
#6849=CIRCLE('generated circle',#6848,1.1) ;
#6904=CIRCLE('generated circle',#6903,9.6) ;
#6911=CIRCLE('generated circle',#6910,9.6) ;
#6966=CIRCLE('generated circle',#6965,1.1) ;
#6973=CIRCLE('generated circle',#6972,1.1) ;
#7095=CIRCLE('generated circle',#7094,5.) ;
#7104=CIRCLE('generated circle',#7103,1.4) ;
#7111=CIRCLE('generated circle',#7110,5.) ;
#7118=CIRCLE('generated circle',#7117,1.4) ;
#7130=CIRCLE('generated circle',#7129,1.4) ;
#7135=CIRCLE('generated circle',#7134,1.4) ;
#7166=CIRCLE('generated circle',#7165,1.4) ;
#7178=CIRCLE('generated circle',#7177,1.4) ;
#7205=CIRCLE('generated circle',#7204,2.8) ;
#7214=CIRCLE('generated circle',#7213,2.8) ;
#7233=CIRCLE('generated circle',#7232,2.8) ;
#7242=CIRCLE('generated circle',#7241,2.8) ;
#7288=CIRCLE('generated circle',#7287,14.731142246) ;
#7297=CIRCLE('generated circle',#7296,1.5) ;
#7304=CIRCLE('generated circle',#7303,14.731142246) ;
#7311=CIRCLE('generated circle',#7310,1.5) ;
#7323=CIRCLE('generated circle',#7322,14.731142246) ;
#7328=CIRCLE('generated circle',#7327,14.731142246) ;
#7345=CIRCLE('generated circle',#7344,12.5) ;
#7361=CIRCLE('generated circle',#7360,12.5) ;
#7380=CIRCLE('generated circle',#7379,12.5) ;
#7385=CIRCLE('generated circle',#7384,12.5) ;
#1302=CONICAL_SURFACE('Cone',#1301,12.5,1.16590454051) ;
#6079=SHAPE_REPRESENTATION_RELATIONSHIP(' ',' ',#49,#6078) ;
#96=CYLINDRICAL_SURFACE('generated cylinder',#95,17.65) ;
#169=CYLINDRICAL_SURFACE('generated cylinder',#168,9.1) ;
#286=CYLINDRICAL_SURFACE('generated cylinder',#285,9.) ;
#934=CYLINDRICAL_SURFACE('generated cylinder',#933,12.6) ;
#1622=CYLINDRICAL_SURFACE('generated cylinder',#1621,14.6) ;
#1675=CYLINDRICAL_SURFACE('generated cylinder',#1674,9.2) ;
#1737=CYLINDRICAL_SURFACE('generated cylinder',#1736,11.9) ;
#1799=CYLINDRICAL_SURFACE('generated cylinder',#1798,9.8) ;
#1975=CYLINDRICAL_SURFACE('generated cylinder',#1974,9.8) ;
#1997=CYLINDRICAL_SURFACE('generated cylinder',#1996,0.9) ;
#2754=CYLINDRICAL_SURFACE('generated cylinder',#2753,0.5) ;
#2802=CYLINDRICAL_SURFACE('generated cylinder',#2801,0.5) ;
#2829=CYLINDRICAL_SURFACE('generated cylinder',#2828,0.5) ;
#2959=CYLINDRICAL_SURFACE('generated cylinder',#2958,1.) ;
#3007=CYLINDRICAL_SURFACE('generated cylinder',#3006,1.) ;
#3077=CYLINDRICAL_SURFACE('generated cylinder',#3076,0.5) ;
#3111=CYLINDRICAL_SURFACE('generated cylinder',#3110,0.5) ;
#3131=CYLINDRICAL_SURFACE('generated cylinder',#3130,0.5) ;
#3150=CYLINDRICAL_SURFACE('generated cylinder',#3149,3.6) ;
#3266=CYLINDRICAL_SURFACE('generated cylinder',#3265,2.) ;
#3561=CYLINDRICAL_SURFACE('generated cylinder',#3560,2.) ;
#3620=CYLINDRICAL_SURFACE('generated cylinder',#3619,2.) ;
#3930=CYLINDRICAL_SURFACE('generated cylinder',#3929,0.5) ;
#4081=CYLINDRICAL_SURFACE('generated cylinder',#4080,0.5) ;
#4141=CYLINDRICAL_SURFACE('generated cylinder',#4140,0.5) ;
#4174=CYLINDRICAL_SURFACE('generated cylinder',#4173,0.5) ;
#4191=CYLINDRICAL_SURFACE('generated cylinder',#4190,0.5) ;
#4378=CYLINDRICAL_SURFACE('generated cylinder',#4377,0.5) ;
#4426=CYLINDRICAL_SURFACE('generated cylinder',#4425,0.5) ;
#4444=CYLINDRICAL_SURFACE('generated cylinder',#4443,0.5) ;
#4574=CYLINDRICAL_SURFACE('generated cylinder',#4573,1.) ;
#4617=CYLINDRICAL_SURFACE('generated cylinder',#4616,1.) ;
#4688=CYLINDRICAL_SURFACE('generated cylinder',#4687,0.5) ;
#4722=CYLINDRICAL_SURFACE('generated cylinder',#4721,0.5) ;
#4742=CYLINDRICAL_SURFACE('generated cylinder',#4741,0.5) ;
#4950=CYLINDRICAL_SURFACE('generated cylinder',#4949,1.5) ;
#5036=CYLINDRICAL_SURFACE('generated cylinder',#5035,1.5) ;
#5103=CYLINDRICAL_SURFACE('generated cylinder',#5102,1.5) ;
#5180=CYLINDRICAL_SURFACE('generated cylinder',#5179,1.5) ;
#5225=CYLINDRICAL_SURFACE('generated cylinder',#5224,1.5) ;
#5293=CYLINDRICAL_SURFACE('generated cylinder',#5292,1.5) ;
#5330=CYLINDRICAL_SURFACE('generated cylinder',#5329,7.5) ;
#5637=CYLINDRICAL_SURFACE('generated cylinder',#5636,9.1) ;
#5681=CYLINDRICAL_SURFACE('generated cylinder',#5680,3.6) ;
#5875=CYLINDRICAL_SURFACE('generated cylinder',#5874,4.75) ;
#5976=CYLINDRICAL_SURFACE('generated cylinder',#5975,0.5) ;
#5988=CYLINDRICAL_SURFACE('generated cylinder',#5987,0.5) ;
#6028=CYLINDRICAL_SURFACE('generated cylinder',#6027,2.8) ;
#6284=CYLINDRICAL_SURFACE('generated cylinder',#6283,1.6) ;
#6386=CYLINDRICAL_SURFACE('generated cylinder',#6385,1.6) ;
#6400=CYLINDRICAL_SURFACE('generated cylinder',#6399,3.6) ;
#6457=CYLINDRICAL_SURFACE('generated cylinder',#6456,1.4) ;
#6590=CYLINDRICAL_SURFACE('generated cylinder',#6589,1.5) ;
#6652=CYLINDRICAL_SURFACE('generated cylinder',#6651,10.) ;
#6714=CYLINDRICAL_SURFACE('generated cylinder',#6713,1.5) ;
#6838=CYLINDRICAL_SURFACE('generated cylinder',#6837,1.1) ;
#6900=CYLINDRICAL_SURFACE('generated cylinder',#6899,9.6) ;
#6962=CYLINDRICAL_SURFACE('generated cylinder',#6961,1.1) ;
#7148=CYLINDRICAL_SURFACE('generated cylinder',#7147,1.4) ;
#7253=CYLINDRICAL_SURFACE('generated cylinder',#7252,2.8) ;
#7341=CYLINDRICAL_SURFACE('generated cylinder',#7340,12.5) ;
#594=TOROIDAL_SURFACE('homeo Torus',#593,8.5,0.6) ;
#720=TOROIDAL_SURFACE('homeo Torus',#719,8.4,0.6) ;
#2723=TOROIDAL_SURFACE('homeo Torus',#2722,0.5,0.5) ;
#2778=TOROIDAL_SURFACE('homeo Torus',#2777,0.5,0.5) ;
#3055=TOROIDAL_SURFACE('homeo Torus',#3054,0.5,0.5) ;
#3094=TOROIDAL_SURFACE('homeo Torus',#3093,0.5,0.5) ;
#3218=TOROIDAL_SURFACE('homeo Torus',#3217,3.1,0.5) ;
#3249=TOROIDAL_SURFACE('homeo Torus',#3248,3.1,0.5) ;
#4347=TOROIDAL_SURFACE('homeo Torus',#4346,0.5,0.5) ;
#4402=TOROIDAL_SURFACE('homeo Torus',#4401,0.5,0.5) ;
#4666=TOROIDAL_SURFACE('homeo Torus',#4665,0.5,0.5) ;
#4705=TOROIDAL_SURFACE('homeo Torus',#4704,0.5,0.5) ;
#5954=TOROIDAL_SURFACE('homeo Torus',#5953,4.25,0.5) ;
#7091=TOROIDAL_SURFACE('homeo Torus',#7090,5.,1.4) ;
#7284=TOROIDAL_SURFACE('homeo Torus',#7283,16.,1.5) ;
#3=DESIGN_CONTEXT(' ',#1,'design') ;
#65=EDGE_CURVE('',#62,#64,#60,.F.) ;
#72=EDGE_CURVE('',#71,#64,#69,.T.) ;
#79=EDGE_CURVE('',#78,#71,#76,.F.) ;
#84=EDGE_CURVE('',#78,#62,#83,.T.) ;
#105=EDGE_CURVE('',#102,#104,#100,.T.) ;
#112=EDGE_CURVE('',#102,#111,#109,.F.) ;
#119=EDGE_CURVE('',#111,#118,#116,.T.) ;
#126=EDGE_CURVE('',#118,#125,#123,.T.) ;
#133=EDGE_CURVE('',#125,#132,#130,.T.) ;
#138=EDGE_CURVE('',#104,#132,#137,.F.) ;
#152=EDGE_CURVE('',#104,#102,#151,.T.) ;
#157=EDGE_CURVE('',#132,#111,#156,.T.) ;
#178=EDGE_CURVE('',#175,#177,#173,.T.) ;
#185=EDGE_CURVE('',#175,#184,#182,.F.) ;
#192=EDGE_CURVE('',#184,#191,#189,.T.) ;
#197=EDGE_CURVE('',#177,#191,#196,.F.) ;
#216=EDGE_CURVE('',#215,#175,#213,.T.) ;
#223=EDGE_CURVE('',#222,#215,#220,.T.) ;
#245=EDGE_CURVE('',#222,#244,#224,.T.) ;
#252=EDGE_CURVE('',#244,#251,#249,.T.) ;
#272=EDGE_CURVE('',#184,#251,#253,.T.) ;
#293=EDGE_CURVE('',#292,#215,#290,.T.) ;
#300=EDGE_CURVE('',#299,#292,#297,.T.) ;
#305=EDGE_CURVE('',#299,#222,#304,.T.) ;
#319=EDGE_CURVE('',#318,#299,#316,.T.) ;
#326=EDGE_CURVE('',#325,#292,#323,.T.) ;
#331=EDGE_CURVE('',#318,#325,#330,.T.) ;
#347=EDGE_CURVE('',#344,#346,#342,.T.) ;
#354=EDGE_CURVE('',#344,#353,#351,.T.) ;
#361=EDGE_CURVE('',#353,#360,#358,.T.) ;
#366=EDGE_CURVE('',#346,#360,#365,.T.) ;
#382=EDGE_CURVE('',#379,#381,#377,.T.) ;
#389=EDGE_CURVE('',#381,#388,#386,.T.) ;
#396=EDGE_CURVE('',#395,#388,#393,.T.) ;
#401=EDGE_CURVE('',#379,#395,#400,.T.) ;
#417=EDGE_CURVE('',#414,#416,#412,.T.) ;
#424=EDGE_CURVE('',#423,#414,#421,.T.) ;
#431=EDGE_CURVE('',#423,#430,#428,.T.) ;
#436=EDGE_CURVE('',#430,#416,#435,.T.) ;
#452=EDGE_CURVE('',#449,#451,#447,.T.) ;
#459=EDGE_CURVE('',#451,#458,#456,.T.) ;
#466=EDGE_CURVE('',#465,#458,#463,.T.) ;
#471=EDGE_CURVE('',#465,#449,#470,.F.) ;
#492=EDGE_CURVE('',#489,#491,#487,.T.) ;
#499=EDGE_CURVE('',#491,#498,#496,.T.) ;
#506=EDGE_CURVE('',#505,#498,#503,.T.) ;
#511=EDGE_CURVE('',#489,#505,#510,.T.) ;
#530=EDGE_CURVE('',#489,#529,#527,.T.) ;
#537=EDGE_CURVE('',#536,#505,#534,.T.) ;
#544=EDGE_CURVE('',#543,#536,#541,.T.) ;
#551=EDGE_CURVE('',#543,#550,#548,.T.) ;
#558=EDGE_CURVE('',#557,#550,#555,.T.) ;
#565=EDGE_CURVE('',#564,#557,#562,.T.) ;
#572=EDGE_CURVE('',#564,#571,#569,.T.) ;
#577=EDGE_CURVE('',#529,#571,#576,.T.) ;
#601=EDGE_CURVE('',#381,#571,#595,.T.) ;
#608=EDGE_CURVE('',#379,#529,#602,.T.) ;
#624=EDGE_CURVE('',#621,#623,#619,.T.) ;
#631=EDGE_CURVE('',#630,#623,#628,.T.) ;
#636=EDGE_CURVE('',#630,#621,#635,.T.) ;
#650=EDGE_CURVE('',#423,#630,#643,.T.) ;
#658=EDGE_CURVE('',#430,#623,#651,.T.) ;
#683=EDGE_CURVE('',#680,#682,#678,.T.) ;
#688=EDGE_CURVE('',#682,#680,#687,.T.) ;
#700=EDGE_CURVE('',#251,#699,#697,.T.) ;
#708=EDGE_CURVE('',#191,#699,#701,.T.) ;
#727=EDGE_CURVE('',#726,#299,#724,.T.) ;
#734=EDGE_CURVE('',#726,#733,#731,.T.) ;
#739=EDGE_CURVE('',#733,#244,#738,.T.) ;
#754=EDGE_CURVE('',#753,#726,#751,.T.) ;
#762=EDGE_CURVE('',#318,#753,#755,.T.) ;
#776=EDGE_CURVE('',#344,#564,#770,.T.) ;
#784=EDGE_CURVE('',#353,#550,#777,.T.) ;
#801=EDGE_CURVE('',#798,#800,#796,.T.) ;
#808=EDGE_CURVE('',#807,#800,#805,.T.) ;
#813=EDGE_CURVE('',#798,#807,#812,.T.) ;
#827=EDGE_CURVE('',#451,#807,#820,.T.) ;
#834=EDGE_CURVE('',#449,#798,#828,.T.) ;
#855=EDGE_CURVE('',#852,#854,#850,.T.) ;
#862=EDGE_CURVE('',#854,#861,#859,.T.) ;
#869=EDGE_CURVE('',#868,#861,#866,.T.) ;
#874=EDGE_CURVE('',#852,#868,#873,.T.) ;
#891=EDGE_CURVE('',#868,#861,#890,.T.) ;
#917=EDGE_CURVE('',#498,#916,#902,.T.) ;
#922=EDGE_CURVE('',#916,#536,#921,.T.) ;
#944=EDGE_CURVE('',#941,#943,#935,.T.) ;
#951=EDGE_CURVE('',#950,#941,#948,.T.) ;
#956=EDGE_CURVE('',#680,#950,#955,.T.) ;
#963=EDGE_CURVE('',#682,#962,#960,.T.) ;
#970=EDGE_CURVE('',#969,#962,#967,.T.) ;
#977=EDGE_CURVE('',#976,#969,#974,.F.) ;
#984=EDGE_CURVE('',#983,#976,#981,.F.) ;
#991=EDGE_CURVE('',#983,#990,#988,.T.) ;
#998=EDGE_CURVE('',#997,#990,#995,.T.) ;
#1005=EDGE_CURVE('',#1004,#997,#1002,.T.) ;
#1012=EDGE_CURVE('',#1004,#1011,#1009,.T.) ;
#1017=EDGE_CURVE('',#1011,#943,#1016,.F.) ;
#1042=EDGE_CURVE('',#1039,#1041,#1033,.T.) ;
#1049=EDGE_CURVE('',#1048,#1039,#1046,.T.) ;
#1056=EDGE_CURVE('',#1055,#1048,#1053,.F.) ;
#1063=EDGE_CURVE('',#1055,#1062,#1060,.T.) ;
#1068=EDGE_CURVE('',#1062,#1041,#1067,.F.) ;
#1085=EDGE_CURVE('',#1082,#1084,#1080,.F.) ;
#1090=EDGE_CURVE('',#1004,#1082,#1089,.F.) ;
#1095=EDGE_CURVE('',#990,#997,#1094,.T.) ;
#1102=EDGE_CURVE('',#983,#1101,#1099,.T.) ;
#1109=EDGE_CURVE('',#1101,#1108,#1106,.F.) ;
#1117=EDGE_CURVE('',#1116,#1108,#1110,.T.) ;
#1122=EDGE_CURVE('',#962,#1116,#1121,.T.) ;
#1127=EDGE_CURVE('',#71,#950,#1126,.T.) ;
#1132=EDGE_CURVE('',#64,#1084,#1131,.F.) ;
#1159=EDGE_CURVE('',#1156,#1158,#1150,.T.) ;
#1166=EDGE_CURVE('',#1165,#1156,#1163,.T.) ;
#1173=EDGE_CURVE('',#1172,#1165,#1170,.F.) ;
#1180=EDGE_CURVE('',#1172,#1179,#1177,.T.) ;
#1185=EDGE_CURVE('',#1179,#1158,#1184,.F.) ;
#1208=EDGE_CURVE('',#1205,#1207,#1199,.T.) ;
#1213=EDGE_CURVE('',#941,#1207,#1212,.T.) ;
#1218=EDGE_CURVE('',#943,#1205,#1217,.T.) ;
#1235=EDGE_CURVE('',#78,#1207,#1234,.T.) ;
#1250=EDGE_CURVE('',#1116,#1249,#1247,.F.) ;
#1257=EDGE_CURVE('',#1256,#1249,#1254,.T.) ;
#1262=EDGE_CURVE('',#969,#1256,#1261,.T.) ;
#1282=EDGE_CURVE('',#1256,#1281,#1279,.T.) ;
#1290=EDGE_CURVE('',#976,#1281,#1283,.T.) ;
#1310=EDGE_CURVE('',#1101,#1309,#1303,.T.) ;
#1315=EDGE_CURVE('',#1281,#1309,#1314,.F.) ;
#1338=EDGE_CURVE('',#1011,#1337,#1329,.T.) ;
#1343=EDGE_CURVE('',#1205,#1337,#1342,.T.) ;
#1365=EDGE_CURVE('',#1362,#1364,#1356,.T.) ;
#1370=EDGE_CURVE('',#1039,#1364,#1369,.T.) ;
#1375=EDGE_CURVE('',#1041,#1362,#1374,.T.) ;
#1389=EDGE_CURVE('',#1388,#1364,#1386,.T.) ;
#1394=EDGE_CURVE('',#1048,#1388,#1393,.T.) ;
#1413=EDGE_CURVE('',#1388,#1412,#1410,.T.) ;
#1421=EDGE_CURVE('',#1055,#1412,#1414,.T.) ;
#1435=EDGE_CURVE('',#1412,#1434,#1432,.F.) ;
#1441=EDGE_CURVE('',#1062,#1434,#1436,.T.) ;
#1458=EDGE_CURVE('',#1362,#1434,#1457,.T.) ;
#1472=EDGE_CURVE('',#1108,#1471,#1469,.F.) ;
#1477=EDGE_CURVE('',#1471,#1309,#1476,.T.) ;
#1495=EDGE_CURVE('',#1471,#1249,#1490,.T.) ;
#1517=EDGE_CURVE('',#1514,#1516,#1508,.T.) ;
#1522=EDGE_CURVE('',#1156,#1516,#1521,.T.) ;
#1527=EDGE_CURVE('',#1158,#1514,#1526,.T.) ;
#1541=EDGE_CURVE('',#1540,#1516,#1538,.T.) ;
#1546=EDGE_CURVE('',#1165,#1540,#1545,.T.) ;
#1565=EDGE_CURVE('',#1540,#1564,#1562,.T.) ;
#1573=EDGE_CURVE('',#1172,#1564,#1566,.T.) ;
#1587=EDGE_CURVE('',#1564,#1586,#1584,.F.) ;
#1593=EDGE_CURVE('',#1179,#1586,#1588,.T.) ;
#1610=EDGE_CURVE('',#1514,#1586,#1609,.T.) ;
#1644=EDGE_CURVE('',#1641,#1643,#1639,.T.) ;
#1651=EDGE_CURVE('',#1650,#1641,#1648,.T.) ;
#1658=EDGE_CURVE('',#1650,#1657,#1655,.T.) ;
#1663=EDGE_CURVE('',#1657,#1643,#1662,.T.) ;
#1682=EDGE_CURVE('',#1657,#1681,#1679,.T.) ;
#1689=EDGE_CURVE('',#1681,#1688,#1686,.T.) ;
#1694=EDGE_CURVE('',#1643,#1688,#1693,.T.) ;
#1713=EDGE_CURVE('',#1681,#1712,#1710,.T.) ;
#1720=EDGE_CURVE('',#1712,#1719,#1717,.T.) ;
#1725=EDGE_CURVE('',#1688,#1719,#1724,.T.) ;
#1744=EDGE_CURVE('',#1743,#1712,#1741,.T.) ;
#1751=EDGE_CURVE('',#1743,#1750,#1748,.T.) ;
#1756=EDGE_CURVE('',#1750,#1719,#1755,.T.) ;
#1775=EDGE_CURVE('',#1750,#1774,#1772,.F.) ;
#1782=EDGE_CURVE('',#1743,#1781,#1779,.F.) ;
#1787=EDGE_CURVE('',#1781,#1774,#1786,.T.) ;
#1804=EDGE_CURVE('',#1781,#1650,#1803,.T.) ;
#1809=EDGE_CURVE('',#1774,#1641,#1808,.T.) ;
#1830=EDGE_CURVE('',#1827,#1829,#1825,.T.) ;
#1837=EDGE_CURVE('',#1836,#1829,#1834,.F.) ;
#1844=EDGE_CURVE('',#1843,#1836,#1841,.T.) ;
#1849=EDGE_CURVE('',#1843,#1827,#1848,.F.) ;
#1863=EDGE_CURVE('',#1827,#1862,#1860,.T.) ;
#1870=EDGE_CURVE('',#1862,#1869,#1867,.T.) ;
#1875=EDGE_CURVE('',#1829,#1869,#1874,.T.) ;
#1894=EDGE_CURVE('',#1862,#1893,#1891,.T.) ;
#1901=EDGE_CURVE('',#1893,#1900,#1898,.T.) ;
#1906=EDGE_CURVE('',#1869,#1900,#1905,.T.) ;
#1920=EDGE_CURVE('',#1919,#1893,#1917,.T.) ;
#1927=EDGE_CURVE('',#1919,#1926,#1924,.T.) ;
#1932=EDGE_CURVE('',#1926,#1900,#1931,.T.) ;
#1953=EDGE_CURVE('',#1950,#1952,#1948,.T.) ;
#1958=EDGE_CURVE('',#1926,#1952,#1957,.F.) ;
#1963=EDGE_CURVE('',#1919,#1950,#1962,.F.) ;
#1980=EDGE_CURVE('',#1950,#1843,#1979,.T.) ;
#1985=EDGE_CURVE('',#1952,#1836,#1984,.T.) ;
#2006=EDGE_CURVE('',#2003,#2005,#2001,.T.) ;
#2013=EDGE_CURVE('',#2005,#2012,#2010,.T.) ;
#2020=EDGE_CURVE('',#2019,#2012,#2017,.T.) ;
#2025=EDGE_CURVE('',#2003,#2019,#2024,.T.) ;
#2039=EDGE_CURVE('',#2012,#2038,#2036,.T.) ;
#2046=EDGE_CURVE('',#2005,#2045,#2043,.T.) ;
#2051=EDGE_CURVE('',#2045,#2038,#2050,.T.) ;
#2065=EDGE_CURVE('',#2038,#2064,#2062,.T.) ;
#2072=EDGE_CURVE('',#2045,#2071,#2069,.T.) ;
#2077=EDGE_CURVE('',#2071,#2064,#2076,.T.) ;
#2091=EDGE_CURVE('',#2071,#2090,#2088,.F.) ;
#2098=EDGE_CURVE('',#2090,#2097,#2095,.T.) ;
#2103=EDGE_CURVE('',#2064,#2097,#2102,.F.) ;
#2117=EDGE_CURVE('',#2097,#2116,#2114,.T.) ;
#2124=EDGE_CURVE('',#2090,#2123,#2121,.T.) ;
#2129=EDGE_CURVE('',#2123,#2116,#2128,.T.) ;
#2143=EDGE_CURVE('',#2123,#2142,#2140,.T.) ;
#2150=EDGE_CURVE('',#2142,#2149,#2147,.T.) ;
#2155=EDGE_CURVE('',#2116,#2149,#2154,.T.) ;
#2169=EDGE_CURVE('',#2168,#2149,#2166,.T.) ;
#2176=EDGE_CURVE('',#2175,#2142,#2173,.T.) ;
#2181=EDGE_CURVE('',#2175,#2168,#2180,.T.) ;
#2200=EDGE_CURVE('',#2175,#2199,#2197,.F.) ;
#2207=EDGE_CURVE('',#2199,#2206,#2204,.T.) ;
#2212=EDGE_CURVE('',#2168,#2206,#2211,.F.) ;
#2224=EDGE_CURVE('',#2199,#2003,#2223,.T.) ;
#2229=EDGE_CURVE('',#2206,#2019,#2228,.T.) ;
#2245=EDGE_CURVE('',#2242,#2244,#2240,.T.) ;
#2252=EDGE_CURVE('',#2244,#2251,#2249,.T.) ;
#2259=EDGE_CURVE('',#2258,#2251,#2256,.T.) ;
#2264=EDGE_CURVE('',#2242,#2258,#2263,.T.) ;
#2278=EDGE_CURVE('',#2251,#2277,#2275,.T.) ;
#2285=EDGE_CURVE('',#2244,#2284,#2282,.T.) ;
#2290=EDGE_CURVE('',#2284,#2277,#2289,.T.) ;
#2304=EDGE_CURVE('',#2284,#2303,#2301,.T.) ;
#2311=EDGE_CURVE('',#2303,#2310,#2308,.T.) ;
#2316=EDGE_CURVE('',#2277,#2310,#2315,.T.) ;
#2330=EDGE_CURVE('',#2329,#2303,#2327,.T.) ;
#2337=EDGE_CURVE('',#2329,#2336,#2334,.T.) ;
#2342=EDGE_CURVE('',#2336,#2310,#2341,.T.) ;
#2361=EDGE_CURVE('',#2329,#2360,#2358,.F.) ;
#2368=EDGE_CURVE('',#2360,#2367,#2365,.T.) ;
#2373=EDGE_CURVE('',#2336,#2367,#2372,.F.) ;
#2385=EDGE_CURVE('',#2367,#2258,#2384,.T.) ;
#2390=EDGE_CURVE('',#2360,#2242,#2389,.T.) ;
#2411=EDGE_CURVE('',#2408,#2410,#2406,.T.) ;
#2418=EDGE_CURVE('',#2408,#2417,#2415,.T.) ;
#2425=EDGE_CURVE('',#2417,#2424,#2422,.T.) ;
#2430=EDGE_CURVE('',#2410,#2424,#2429,.T.) ;
#2449=EDGE_CURVE('',#2417,#2448,#2446,.T.) ;
#2456=EDGE_CURVE('',#2448,#2455,#2453,.T.) ;
#2461=EDGE_CURVE('',#2424,#2455,#2460,.T.) ;
#2475=EDGE_CURVE('',#2474,#2455,#2472,.T.) ;
#2482=EDGE_CURVE('',#2481,#2448,#2479,.T.) ;
#2487=EDGE_CURVE('',#2481,#2474,#2486,.T.) ;
#2504=EDGE_CURVE('',#2481,#2408,#2503,.T.) ;
#2509=EDGE_CURVE('',#2474,#2410,#2508,.T.) ;
#2585=EDGE_CURVE('',#2584,#62,#2582,.T.) ;
#2592=EDGE_CURVE('',#2591,#1337,#2589,.T.) ;
#2597=EDGE_CURVE('',#2584,#2591,#2596,.T.) ;
#2617=EDGE_CURVE('',#1084,#2584,#2616,.T.) ;
#2625=EDGE_CURVE('',#1082,#2591,#2618,.T.) ;
#2664=EDGE_CURVE('',#491,#2663,#2661,.T.) ;
#2671=EDGE_CURVE('',#395,#2670,#2668,.T.) ;
#2678=EDGE_CURVE('',#2670,#2677,#2675,.T.) ;
#2685=EDGE_CURVE('',#2677,#2684,#2682,.T.) ;
#2692=EDGE_CURVE('',#2684,#2691,#2689,.T.) ;
#2699=EDGE_CURVE('',#2691,#2698,#2696,.T.) ;
#2704=EDGE_CURVE('',#2698,#2663,#2703,.T.) ;
#2730=EDGE_CURVE('',#2677,#2729,#2727,.F.) ;
#2737=EDGE_CURVE('',#2729,#2736,#2734,.T.) ;
#2742=EDGE_CURVE('',#2684,#2736,#2741,.F.) ;
#2761=EDGE_CURVE('',#2736,#2760,#2758,.T.) ;
#2766=EDGE_CURVE('',#2691,#2760,#2765,.T.) ;
#2785=EDGE_CURVE('',#2760,#2784,#2782,.T.) ;
#2790=EDGE_CURVE('',#2698,#2784,#2789,.F.) ;
#2809=EDGE_CURVE('',#2784,#2808,#2806,.T.) ;
#2817=EDGE_CURVE('',#2808,#2663,#2810,.T.) ;
#2836=EDGE_CURVE('',#2835,#2729,#2833,.T.) ;
#2843=EDGE_CURVE('',#2670,#2835,#2837,.T.) ;
#2864=EDGE_CURVE('',#2861,#2863,#2859,.F.) ;
#2871=EDGE_CURVE('',#2870,#2861,#2868,.T.) ;
#2878=EDGE_CURVE('',#2877,#2870,#2875,.F.) ;
#2885=EDGE_CURVE('',#2884,#2877,#2882,.T.) ;
#2892=EDGE_CURVE('',#2891,#2884,#2889,.T.) ;
#2897=EDGE_CURVE('',#416,#2891,#2896,.T.) ;
#2904=EDGE_CURVE('',#621,#2903,#2901,.T.) ;
#2909=EDGE_CURVE('',#2903,#2863,#2908,.T.) ;
#2937=EDGE_CURVE('',#2934,#2936,#2932,.T.) ;
#2942=EDGE_CURVE('',#2729,#2936,#2941,.T.) ;
#2947=EDGE_CURVE('',#2835,#2934,#2946,.T.) ;
#2966=EDGE_CURVE('',#2736,#2965,#2963,.F.) ;
#2971=EDGE_CURVE('',#2936,#2965,#2970,.T.) ;
#2990=EDGE_CURVE('',#2965,#2989,#2987,.F.) ;
#2995=EDGE_CURVE('',#2760,#2989,#2994,.T.) ;
#3014=EDGE_CURVE('',#2784,#3013,#3011,.F.) ;
#3019=EDGE_CURVE('',#2989,#3013,#3018,.T.) ;
#3038=EDGE_CURVE('',#3013,#3037,#3035,.F.) ;
#3043=EDGE_CURVE('',#2808,#3037,#3042,.T.) ;
#3060=EDGE_CURVE('',#2936,#2884,#3059,.F.) ;
#3065=EDGE_CURVE('',#2965,#2877,#3064,.F.) ;
#3082=EDGE_CURVE('',#2989,#2870,#3081,.F.) ;
#3099=EDGE_CURVE('',#3013,#2861,#3098,.F.) ;
#3119=EDGE_CURVE('',#2863,#3037,#3112,.F.) ;
#3138=EDGE_CURVE('',#2934,#2891,#3132,.F.) ;
#3159=EDGE_CURVE('',#3156,#3158,#3154,.T.) ;
#3164=EDGE_CURVE('',#388,#3158,#3163,.T.) ;
#3171=EDGE_CURVE('',#3170,#346,#3168,.T.) ;
#3178=EDGE_CURVE('',#3177,#3170,#3175,.T.) ;
#3183=EDGE_CURVE('',#3177,#3156,#3182,.T.) ;
#3201=EDGE_CURVE('',#3158,#3170,#3200,.T.) ;
#3206=EDGE_CURVE('',#3156,#3177,#3205,.T.) ;
#3225=EDGE_CURVE('',#3156,#3224,#3222,.F.) ;
#3232=EDGE_CURVE('',#3224,#3231,#3229,.T.) ;
#3237=EDGE_CURVE('',#3177,#3231,#3236,.F.) ;
#3254=EDGE_CURVE('',#3231,#3224,#3253,.T.) ;
#3276=EDGE_CURVE('',#3273,#3275,#3267,.T.) ;
#3284=EDGE_CURVE('',#3275,#3283,#3277,.F.) ;
#3289=EDGE_CURVE('',#3283,#543,#3288,.T.) ;
#3295=EDGE_CURVE('',#3273,#916,#3290,.T.) ;
#3351=EDGE_CURVE('',#3348,#3350,#3342,.F.) ;
#3359=EDGE_CURVE('',#3350,#3358,#3352,.F.) ;
#3369=EDGE_CURVE('',#3358,#3368,#3360,.F.) ;
#3375=EDGE_CURVE('',#3348,#3368,#3370,.F.) ;
#3429=EDGE_CURVE('',#3426,#3428,#3420,.F.) ;
#3435=EDGE_CURVE('',#3283,#3428,#3430,.F.) ;
#3441=EDGE_CURVE('',#3275,#3426,#3436,.F.) ;
#3495=EDGE_CURVE('',#3494,#3358,#3486,.T.) ;
#3501=EDGE_CURVE('',#3350,#3494,#3496,.F.) ;
#3550=EDGE_CURVE('',#3273,#3426,#3545,.F.) ;
#3571=EDGE_CURVE('',#3568,#3570,#3562,.F.) ;
#3579=EDGE_CURVE('',#3578,#3568,#3572,.T.) ;
#3587=EDGE_CURVE('',#3578,#3586,#3580,.T.) ;
#3594=EDGE_CURVE('',#3586,#3593,#3591,.F.) ;
#3601=EDGE_CURVE('',#3593,#3600,#3598,.F.) ;
#3606=EDGE_CURVE('',#3570,#3600,#3605,.F.) ;
#3627=EDGE_CURVE('',#3626,#3358,#3624,.F.) ;
#3633=EDGE_CURVE('',#854,#3494,#3628,.T.) ;
#3641=EDGE_CURVE('',#852,#3640,#3634,.T.) ;
#3647=EDGE_CURVE('',#3640,#3626,#3642,.T.) ;
#3703=EDGE_CURVE('',#3700,#3702,#3694,.T.) ;
#3709=EDGE_CURVE('',#3702,#3568,#3704,.F.) ;
#3715=EDGE_CURVE('',#3700,#3570,#3710,.F.) ;
#3769=EDGE_CURVE('',#3766,#3768,#3760,.T.) ;
#3777=EDGE_CURVE('',#3776,#3768,#3770,.F.) ;
#3785=EDGE_CURVE('',#3626,#3776,#3778,.F.) ;
#3791=EDGE_CURVE('',#3626,#3766,#3786,.F.) ;
#3841=EDGE_CURVE('',#3702,#3578,#3836,.T.) ;
#3890=EDGE_CURVE('',#3640,#3766,#3885,.T.) ;
#3905=EDGE_CURVE('',#3902,#3904,#3900,.F.) ;
#3910=EDGE_CURVE('',#3902,#360,#3909,.T.) ;
#3915=EDGE_CURVE('',#3283,#3904,#3914,.T.) ;
#3950=EDGE_CURVE('',#3428,#3348,#3931,.F.) ;
#3957=EDGE_CURVE('',#3368,#3956,#3954,.T.) ;
#3962=EDGE_CURVE('',#3904,#3956,#3961,.T.) ;
#3983=EDGE_CURVE('',#3570,#3982,#3980,.F.) ;
#3988=EDGE_CURVE('',#3600,#753,#3987,.T.) ;
#3995=EDGE_CURVE('',#3994,#325,#3992,.T.) ;
#4000=EDGE_CURVE('',#3982,#3994,#3999,.F.) ;
#4024=EDGE_CURVE('',#4021,#4023,#4019,.T.) ;
#4031=EDGE_CURVE('',#4021,#4030,#4028,.F.) ;
#4038=EDGE_CURVE('',#4030,#4037,#4035,.T.) ;
#4043=EDGE_CURVE('',#4037,#4023,#4042,.F.) ;
#4062=EDGE_CURVE('',#3956,#4061,#4059,.T.) ;
#4067=EDGE_CURVE('',#3776,#4061,#4066,.F.) ;
#4101=EDGE_CURVE('',#3768,#3700,#4082,.T.) ;
#4106=EDGE_CURVE('',#4061,#3982,#4105,.F.) ;
#4125=EDGE_CURVE('',#4030,#3904,#4124,.F.) ;
#4130=EDGE_CURVE('',#4030,#3956,#4129,.F.) ;
#4146=EDGE_CURVE('',#4037,#4061,#4145,.T.) ;
#4163=EDGE_CURVE('',#4037,#3982,#4162,.F.) ;
#4179=EDGE_CURVE('',#3994,#4023,#4178,.T.) ;
#4196=EDGE_CURVE('',#4021,#3902,#4195,.F.) ;
#4210=EDGE_CURVE('',#699,#4209,#4207,.T.) ;
#4217=EDGE_CURVE('',#4216,#3593,#4214,.F.) ;
#4225=EDGE_CURVE('',#4209,#4216,#4218,.F.) ;
#4259=EDGE_CURVE('',#4216,#4258,#4244,.F.) ;
#4272=EDGE_CURVE('',#4271,#3586,#4260,.T.) ;
#4277=EDGE_CURVE('',#4258,#4271,#4276,.T.) ;
#4297=EDGE_CURVE('',#4296,#4209,#4294,.T.) ;
#4304=EDGE_CURVE('',#4303,#4296,#4301,.T.) ;
#4311=EDGE_CURVE('',#4310,#4303,#4308,.F.) ;
#4318=EDGE_CURVE('',#4317,#4310,#4315,.T.) ;
#4325=EDGE_CURVE('',#4324,#4317,#4322,.F.) ;
#4330=EDGE_CURVE('',#177,#4324,#4329,.T.) ;
#4354=EDGE_CURVE('',#4353,#4317,#4351,.F.) ;
#4361=EDGE_CURVE('',#4360,#4310,#4358,.F.) ;
#4366=EDGE_CURVE('',#4353,#4360,#4365,.T.) ;
#4385=EDGE_CURVE('',#4384,#4303,#4382,.F.) ;
#4390=EDGE_CURVE('',#4360,#4384,#4389,.F.) ;
#4409=EDGE_CURVE('',#4408,#4296,#4406,.F.) ;
#4414=EDGE_CURVE('',#4384,#4408,#4413,.T.) ;
#4431=EDGE_CURVE('',#4408,#4258,#4430,.T.) ;
#4451=EDGE_CURVE('',#4450,#4353,#4448,.F.) ;
#4458=EDGE_CURVE('',#4450,#4324,#4452,.F.) ;
#4479=EDGE_CURVE('',#4476,#4478,#4474,.T.) ;
#4484=EDGE_CURVE('',#800,#4476,#4483,.T.) ;
#4491=EDGE_CURVE('',#465,#4490,#4488,.T.) ;
#4498=EDGE_CURVE('',#4490,#4497,#4495,.T.) ;
#4505=EDGE_CURVE('',#4497,#4504,#4502,.T.) ;
#4512=EDGE_CURVE('',#4504,#4511,#4509,.T.) ;
#4519=EDGE_CURVE('',#4511,#4518,#4516,.T.) ;
#4524=EDGE_CURVE('',#4518,#4478,#4523,.T.) ;
#4552=EDGE_CURVE('',#4549,#4551,#4547,.T.) ;
#4557=EDGE_CURVE('',#4549,#4450,#4556,.T.) ;
#4562=EDGE_CURVE('',#4551,#4353,#4561,.T.) ;
#4581=EDGE_CURVE('',#4580,#4360,#4578,.F.) ;
#4586=EDGE_CURVE('',#4551,#4580,#4585,.T.) ;
#4600=EDGE_CURVE('',#4580,#4599,#4597,.T.) ;
#4605=EDGE_CURVE('',#4599,#4384,#4604,.T.) ;
#4624=EDGE_CURVE('',#4623,#4408,#4621,.F.) ;
#4629=EDGE_CURVE('',#4599,#4623,#4628,.T.) ;
#4648=EDGE_CURVE('',#4623,#4647,#4645,.T.) ;
#4653=EDGE_CURVE('',#4647,#4271,#4652,.T.) ;
#4671=EDGE_CURVE('',#4497,#4551,#4670,.F.) ;
#4676=EDGE_CURVE('',#4504,#4580,#4675,.F.) ;
#4693=EDGE_CURVE('',#4511,#4599,#4692,.T.) ;
#4710=EDGE_CURVE('',#4518,#4623,#4709,.F.) ;
#4730=EDGE_CURVE('',#4647,#4478,#4723,.T.) ;
#4749=EDGE_CURVE('',#4490,#4549,#4743,.T.) ;
#4815=EDGE_CURVE('',#4812,#4814,#4810,.T.) ;
#4822=EDGE_CURVE('',#4821,#4812,#4819,.T.) ;
#4829=EDGE_CURVE('',#4828,#4821,#4826,.F.) ;
#4836=EDGE_CURVE('',#4828,#4835,#4833,.F.) ;
#4843=EDGE_CURVE('',#4835,#4842,#4840,.F.) ;
#4850=EDGE_CURVE('',#4849,#4842,#4847,.T.) ;
#4857=EDGE_CURVE('',#4856,#4849,#4854,.T.) ;
#4864=EDGE_CURVE('',#4863,#4856,#4861,.F.) ;
#4871=EDGE_CURVE('',#4870,#4863,#4868,.T.) ;
#4878=EDGE_CURVE('',#4877,#4870,#4875,.F.) ;
#4885=EDGE_CURVE('',#4884,#4877,#4882,.T.) ;
#4892=EDGE_CURVE('',#4891,#4884,#4889,.T.) ;
#4899=EDGE_CURVE('',#4898,#4891,#4896,.T.) ;
#4904=EDGE_CURVE('',#4898,#4814,#4903,.F.) ;
#4935=EDGE_CURVE('',#4932,#4934,#4930,.T.) ;
#4940=EDGE_CURVE('',#4934,#4932,#4939,.T.) ;
#4959=EDGE_CURVE('',#4956,#4958,#4954,.T.) ;
#4969=EDGE_CURVE('',#4968,#4958,#4960,.T.) ;
#4976=EDGE_CURVE('',#4968,#4975,#4973,.F.) ;
#4984=EDGE_CURVE('',#4956,#4975,#4977,.T.) ;
#5005=EDGE_CURVE('',#5002,#5004,#5000,.T.) ;
#5012=EDGE_CURVE('',#5011,#5002,#5009,.F.) ;
#5019=EDGE_CURVE('',#5011,#5018,#5016,.T.) ;
#5024=EDGE_CURVE('',#5004,#5018,#5023,.T.) ;
#5044=EDGE_CURVE('',#5004,#4956,#5037,.T.) ;
#5053=EDGE_CURVE('',#5052,#5018,#5045,.T.) ;
#5059=EDGE_CURVE('',#4958,#5052,#5054,.T.) ;
#5081=EDGE_CURVE('',#5078,#5080,#5076,.T.) ;
#5086=EDGE_CURVE('',#4863,#5080,#5085,.T.) ;
#5091=EDGE_CURVE('',#4856,#5078,#5090,.T.) ;
#5113=EDGE_CURVE('',#5112,#5078,#5104,.T.) ;
#5120=EDGE_CURVE('',#5112,#5119,#5117,.T.) ;
#5128=EDGE_CURVE('',#5080,#5119,#5121,.T.) ;
#5149=EDGE_CURVE('',#5146,#5148,#5144,.T.) ;
#5156=EDGE_CURVE('',#5155,#5146,#5153,.F.) ;
#5163=EDGE_CURVE('',#5155,#5162,#5160,.T.) ;
#5168=EDGE_CURVE('',#5148,#5162,#5167,.T.) ;
#5189=EDGE_CURVE('',#5186,#5188,#5184,.F.) ;
#5197=EDGE_CURVE('',#5148,#5188,#5190,.T.) ;
#5206=EDGE_CURVE('',#5205,#5162,#5198,.T.) ;
#5212=EDGE_CURVE('',#5186,#5205,#5207,.T.) ;
#5235=EDGE_CURVE('',#5234,#5186,#5226,.T.) ;
#5242=EDGE_CURVE('',#5234,#5241,#5239,.T.) ;
#5250=EDGE_CURVE('',#5188,#5241,#5243,.T.) ;
#5269=EDGE_CURVE('',#4812,#5268,#5266,.T.) ;
#5276=EDGE_CURVE('',#4814,#5275,#5273,.T.) ;
#5281=EDGE_CURVE('',#5275,#5268,#5280,.F.) ;
#5303=EDGE_CURVE('',#5302,#5275,#5294,.T.) ;
#5310=EDGE_CURVE('',#5302,#5309,#5307,.F.) ;
#5318=EDGE_CURVE('',#5268,#5309,#5311,.T.) ;
#5337=EDGE_CURVE('',#5234,#5336,#5334,.T.) ;
#5342=EDGE_CURVE('',#4835,#5205,#5341,.F.) ;
#5347=EDGE_CURVE('',#4828,#5336,#5346,.F.) ;
#5365=EDGE_CURVE('',#5362,#5364,#5360,.T.) ;
#5370=EDGE_CURVE('',#5364,#5302,#5369,.T.) ;
#5375=EDGE_CURVE('',#5052,#4884,#5374,.T.) ;
#5382=EDGE_CURVE('',#5011,#5381,#5379,.T.) ;
#5387=EDGE_CURVE('',#4934,#5381,#5386,.T.) ;
#5394=EDGE_CURVE('',#5393,#4932,#5391,.F.) ;
#5399=EDGE_CURVE('',#5393,#5362,#5398,.T.) ;
#5424=EDGE_CURVE('',#4968,#5423,#5421,.T.) ;
#5429=EDGE_CURVE('',#4877,#5423,#5428,.F.) ;
#5447=EDGE_CURVE('',#5444,#5446,#5442,.T.) ;
#5452=EDGE_CURVE('',#5446,#5112,#5451,.T.) ;
#5457=EDGE_CURVE('',#5155,#5393,#5456,.T.) ;
#5462=EDGE_CURVE('',#5381,#5444,#5461,.T.) ;
#5492=EDGE_CURVE('',#5491,#5423,#5489,.T.) ;
#5497=EDGE_CURVE('',#4870,#5491,#5496,.T.) ;
#5516=EDGE_CURVE('',#5515,#5336,#5513,.T.) ;
#5521=EDGE_CURVE('',#4821,#5515,#5520,.T.) ;
#5538=EDGE_CURVE('',#5241,#5515,#5537,.T.) ;
#5550=EDGE_CURVE('',#4975,#5491,#5549,.T.) ;
#5571=EDGE_CURVE('',#5568,#5570,#5566,.T.) ;
#5576=EDGE_CURVE('',#5570,#5119,#5575,.T.) ;
#5583=EDGE_CURVE('',#5002,#5582,#5580,.T.) ;
#5588=EDGE_CURVE('',#5582,#5568,#5587,.T.) ;
#5608=EDGE_CURVE('',#5146,#5607,#5605,.T.) ;
#5615=EDGE_CURVE('',#5607,#5614,#5612,.T.) ;
#5620=EDGE_CURVE('',#5614,#5309,#5619,.T.) ;
#5642=EDGE_CURVE('',#5568,#4975,#5641,.T.) ;
#5690=EDGE_CURVE('',#5687,#5689,#5685,.T.) ;
#5697=EDGE_CURVE('',#5696,#5689,#5694,.T.) ;
#5704=EDGE_CURVE('',#5703,#5696,#5701,.T.) ;
#5709=EDGE_CURVE('',#5703,#5687,#5708,.T.) ;
#5721=EDGE_CURVE('',#5689,#5687,#5720,.T.) ;
#5726=EDGE_CURVE('',#5696,#5703,#5725,.T.) ;
#5763=EDGE_CURVE('',#5760,#5762,#5758,.T.) ;
#5770=EDGE_CURVE('',#5769,#5760,#5767,.F.) ;
#5775=EDGE_CURVE('',#414,#5769,#5774,.T.) ;
#5782=EDGE_CURVE('',#458,#5781,#5779,.T.) ;
#5787=EDGE_CURVE('',#5762,#5781,#5786,.F.) ;
#5828=EDGE_CURVE('',#5769,#5827,#5825,.F.) ;
#5833=EDGE_CURVE('',#5827,#2903,#5832,.T.) ;
#5855=EDGE_CURVE('',#5854,#5781,#5852,.F.) ;
#5860=EDGE_CURVE('',#5854,#4476,#5859,.T.) ;
#5880=EDGE_CURVE('',#5827,#5854,#5879,.T.) ;
#5926=EDGE_CURVE('',#5925,#5762,#5923,.F.) ;
#5933=EDGE_CURVE('',#5932,#5925,#5930,.T.) ;
#5938=EDGE_CURVE('',#5760,#5932,#5937,.F.) ;
#5959=EDGE_CURVE('',#5827,#5932,#5958,.F.) ;
#5964=EDGE_CURVE('',#5854,#5925,#5963,.F.) ;
#6013=EDGE_CURVE('',#6010,#6012,#6008,.T.) ;
#6018=EDGE_CURVE('',#6012,#6010,#6017,.T.) ;
#6037=EDGE_CURVE('',#6034,#6036,#6032,.T.) ;
#6042=EDGE_CURVE('',#6010,#6036,#6041,.T.) ;
#6047=EDGE_CURVE('',#6012,#6034,#6046,.T.) ;
#6059=EDGE_CURVE('',#6036,#6034,#6058,.T.) ;
#6094=EDGE_CURVE('',#6091,#6093,#6089,.T.) ;
#6101=EDGE_CURVE('',#6091,#6100,#6098,.F.) ;
#6108=EDGE_CURVE('',#6100,#6107,#6105,.T.) ;
#6113=EDGE_CURVE('',#6093,#6107,#6112,.F.) ;
#6132=EDGE_CURVE('',#6100,#6131,#6129,.T.) ;
#6139=EDGE_CURVE('',#6131,#6138,#6136,.T.) ;
#6144=EDGE_CURVE('',#6107,#6138,#6143,.T.) ;
#6163=EDGE_CURVE('',#6131,#6162,#6160,.T.) ;
#6170=EDGE_CURVE('',#6162,#6169,#6167,.T.) ;
#6175=EDGE_CURVE('',#6138,#6169,#6174,.T.) ;
#6196=EDGE_CURVE('',#6193,#6195,#6191,.T.) ;
#6203=EDGE_CURVE('',#6193,#6202,#6200,.F.) ;
#6210=EDGE_CURVE('',#6202,#6209,#6207,.T.) ;
#6215=EDGE_CURVE('',#6195,#6209,#6214,.F.) ;
#6232=EDGE_CURVE('',#6202,#6091,#6231,.F.) ;
#6237=EDGE_CURVE('',#6209,#6093,#6236,.F.) ;
#6258=EDGE_CURVE('',#6255,#6257,#6253,.T.) ;
#6263=EDGE_CURVE('',#6162,#6255,#6262,.T.) ;
#6268=EDGE_CURVE('',#6257,#6193,#6267,.F.) ;
#6291=EDGE_CURVE('',#6257,#6290,#6288,.F.) ;
#6298=EDGE_CURVE('',#6297,#6290,#6295,.T.) ;
#6303=EDGE_CURVE('',#6297,#6255,#6302,.T.) ;
#6322=EDGE_CURVE('',#6321,#6195,#6319,.F.) ;
#6329=EDGE_CURVE('',#6169,#6328,#6326,.T.) ;
#6334=EDGE_CURVE('',#6328,#6321,#6333,.T.) ;
#6355=EDGE_CURVE('',#6328,#6297,#6354,.F.) ;
#6373=EDGE_CURVE('',#6290,#6321,#6372,.T.) ;
#6409=EDGE_CURVE('',#6406,#6408,#6404,.T.) ;
#6416=EDGE_CURVE('',#6406,#6415,#6413,.F.) ;
#6423=EDGE_CURVE('',#6415,#6422,#6420,.T.) ;
#6428=EDGE_CURVE('',#6408,#6422,#6427,.F.) ;
#6440=EDGE_CURVE('',#6408,#6406,#6439,.T.) ;
#6445=EDGE_CURVE('',#6422,#6415,#6444,.T.) ;
#6466=EDGE_CURVE('',#6463,#6465,#6461,.T.) ;
#6473=EDGE_CURVE('',#6463,#6472,#6470,.F.) ;
#6480=EDGE_CURVE('',#6472,#6479,#6477,.T.) ;
#6485=EDGE_CURVE('',#6465,#6479,#6484,.F.) ;
#6497=EDGE_CURVE('',#6465,#6463,#6496,.T.) ;
#6502=EDGE_CURVE('',#6479,#6472,#6501,.T.) ;
#6559=EDGE_CURVE('',#6556,#6558,#6554,.T.) ;
#6566=EDGE_CURVE('',#6565,#6558,#6563,.T.) ;
#6573=EDGE_CURVE('',#6572,#6565,#6570,.T.) ;
#6578=EDGE_CURVE('',#6572,#6556,#6577,.T.) ;
#6597=EDGE_CURVE('',#6572,#6596,#6594,.T.) ;
#6604=EDGE_CURVE('',#6596,#6603,#6601,.T.) ;
#6609=EDGE_CURVE('',#6556,#6603,#6608,.T.) ;
#6628=EDGE_CURVE('',#6627,#6603,#6625,.T.) ;
#6635=EDGE_CURVE('',#6634,#6596,#6632,.T.) ;
#6640=EDGE_CURVE('',#6634,#6627,#6639,.T.) ;
#6659=EDGE_CURVE('',#6634,#6658,#6656,.T.) ;
#6666=EDGE_CURVE('',#6658,#6665,#6663,.T.) ;
#6671=EDGE_CURVE('',#6627,#6665,#6670,.T.) ;
#6690=EDGE_CURVE('',#6689,#6665,#6687,.T.) ;
#6697=EDGE_CURVE('',#6696,#6658,#6694,.T.) ;
#6702=EDGE_CURVE('',#6696,#6689,#6701,.T.) ;
#6721=EDGE_CURVE('',#6696,#6720,#6718,.T.) ;
#6728=EDGE_CURVE('',#6720,#6727,#6725,.T.) ;
#6733=EDGE_CURVE('',#6689,#6727,#6732,.T.) ;
#6752=EDGE_CURVE('',#6751,#6727,#6749,.T.) ;
#6759=EDGE_CURVE('',#6758,#6720,#6756,.T.) ;
#6764=EDGE_CURVE('',#6758,#6751,#6763,.T.) ;
#6783=EDGE_CURVE('',#6758,#6782,#6780,.T.) ;
#6790=EDGE_CURVE('',#6782,#6789,#6787,.T.) ;
#6795=EDGE_CURVE('',#6751,#6789,#6794,.T.) ;
#6814=EDGE_CURVE('',#6782,#6813,#6811,.T.) ;
#6821=EDGE_CURVE('',#6813,#6820,#6818,.T.) ;
#6826=EDGE_CURVE('',#6789,#6820,#6825,.T.) ;
#6845=EDGE_CURVE('',#6844,#6820,#6842,.T.) ;
#6852=EDGE_CURVE('',#6851,#6813,#6849,.T.) ;
#6857=EDGE_CURVE('',#6851,#6844,#6856,.T.) ;
#6876=EDGE_CURVE('',#6851,#6875,#6873,.T.) ;
#6883=EDGE_CURVE('',#6875,#6882,#6880,.T.) ;
#6888=EDGE_CURVE('',#6844,#6882,#6887,.T.) ;
#6907=EDGE_CURVE('',#6906,#6882,#6904,.T.) ;
#6914=EDGE_CURVE('',#6913,#6875,#6911,.T.) ;
#6919=EDGE_CURVE('',#6913,#6906,#6918,.T.) ;
#6938=EDGE_CURVE('',#6913,#6937,#6935,.T.) ;
#6945=EDGE_CURVE('',#6937,#6944,#6942,.T.) ;
#6950=EDGE_CURVE('',#6906,#6944,#6949,.T.) ;
#6969=EDGE_CURVE('',#6968,#6944,#6966,.T.) ;
#6976=EDGE_CURVE('',#6975,#6937,#6973,.T.) ;
#6981=EDGE_CURVE('',#6975,#6968,#6980,.T.) ;
#7000=EDGE_CURVE('',#6975,#6999,#6997,.T.) ;
#7007=EDGE_CURVE('',#6999,#7006,#7004,.T.) ;
#7012=EDGE_CURVE('',#6968,#7006,#7011,.T.) ;
#7024=EDGE_CURVE('',#6999,#6565,#7023,.T.) ;
#7029=EDGE_CURVE('',#7006,#6558,#7028,.T.) ;
#7100=EDGE_CURVE('',#7097,#7099,#7095,.T.) ;
#7107=EDGE_CURVE('',#7097,#7106,#7104,.F.) ;
#7114=EDGE_CURVE('',#7106,#7113,#7111,.T.) ;
#7119=EDGE_CURVE('',#7099,#7113,#7118,.F.) ;
#7131=EDGE_CURVE('',#7106,#7097,#7130,.F.) ;
#7136=EDGE_CURVE('',#7113,#7099,#7135,.F.) ;
#7155=EDGE_CURVE('',#7099,#7154,#7152,.T.) ;
#7162=EDGE_CURVE('',#7113,#7161,#7159,.T.) ;
#7167=EDGE_CURVE('',#7154,#7161,#7166,.T.) ;
#7179=EDGE_CURVE('',#7161,#7154,#7178,.T.) ;
#7210=EDGE_CURVE('',#7207,#7209,#7205,.T.) ;
#7215=EDGE_CURVE('',#7209,#7207,#7214,.T.) ;
#7238=EDGE_CURVE('',#7235,#7237,#7233,.T.) ;
#7243=EDGE_CURVE('',#7237,#7235,#7242,.T.) ;
#7258=EDGE_CURVE('',#7235,#7209,#7257,.F.) ;
#7263=EDGE_CURVE('',#7237,#7207,#7262,.F.) ;
#7293=EDGE_CURVE('',#7290,#7292,#7288,.T.) ;
#7300=EDGE_CURVE('',#7290,#7299,#7297,.F.) ;
#7307=EDGE_CURVE('',#7299,#7306,#7304,.T.) ;
#7312=EDGE_CURVE('',#7292,#7306,#7311,.F.) ;
#7324=EDGE_CURVE('',#7292,#7290,#7323,.T.) ;
#7329=EDGE_CURVE('',#7306,#7299,#7328,.T.) ;
#7350=EDGE_CURVE('',#7347,#7349,#7345,.T.) ;
#7357=EDGE_CURVE('',#7347,#7356,#7354,.T.) ;
#7364=EDGE_CURVE('',#7356,#7363,#7361,.T.) ;
#7369=EDGE_CURVE('',#7349,#7363,#7368,.T.) ;
#7381=EDGE_CURVE('',#7349,#7347,#7380,.T.) ;
#7386=EDGE_CURVE('',#7363,#7356,#7385,.T.) ;
#85=EDGE_LOOP('',(#86,#87,#88,#89)) ;
#139=EDGE_LOOP('',(#140,#141,#142,#143,#144,#145)) ;
#158=EDGE_LOOP('',(#159,#160,#161,#162)) ;
#198=EDGE_LOOP('',(#199,#200,#201,#202)) ;
#273=EDGE_LOOP('',(#274,#275,#276,#277,#278,#279)) ;
#306=EDGE_LOOP('',(#307,#308,#309,#310)) ;
#332=EDGE_LOOP('',(#333,#334,#335,#336)) ;
#367=EDGE_LOOP('',(#368,#369,#370,#371)) ;
#402=EDGE_LOOP('',(#403,#404,#405,#406)) ;
#437=EDGE_LOOP('',(#438,#439,#440,#441)) ;
#472=EDGE_LOOP('',(#473,#474,#475,#476)) ;
#512=EDGE_LOOP('',(#513,#514,#515,#516)) ;
#578=EDGE_LOOP('',(#579,#580,#581,#582,#583,#584,#585,#586,#587)) ;
#609=EDGE_LOOP('',(#610,#611,#612,#613)) ;
#637=EDGE_LOOP('',(#638,#639,#640)) ;
#659=EDGE_LOOP('',(#660,#661,#662,#663)) ;
#671=EDGE_LOOP('',(#672,#673)) ;
#689=EDGE_LOOP('',(#690,#691)) ;
#709=EDGE_LOOP('',(#710,#711,#712,#713)) ;
#740=EDGE_LOOP('',(#741,#742,#743,#744,#745)) ;
#763=EDGE_LOOP('',(#764,#765,#766,#767)) ;
#785=EDGE_LOOP('',(#786,#787,#788,#789,#790)) ;
#814=EDGE_LOOP('',(#815,#816,#817)) ;
#835=EDGE_LOOP('',(#836,#837,#838,#839)) ;
#875=EDGE_LOOP('',(#876,#877,#878,#879)) ;
#892=EDGE_LOOP('',(#893,#894)) ;
#923=EDGE_LOOP('',(#924,#925,#926,#927)) ;
#1018=EDGE_LOOP('',(#1019,#1020,#1021,#1022,#1023,#1024,#1025,#1026,#1027,#1028,#1029,#1030,#1031)) ;
#1069=EDGE_LOOP('',(#1070,#1071,#1072,#1073,#1074)) ;
#1133=EDGE_LOOP('',(#1134,#1135,#1136,#1137,#1138,#1139,#1140,#1141,#1142,#1143,#1144,#1145,#1146,#1147,#1148)) ;
#1186=EDGE_LOOP('',(#1187,#1188,#1189,#1190,#1191)) ;
#1219=EDGE_LOOP('',(#1220,#1221,#1222,#1223)) ;
#1236=EDGE_LOOP('',(#1237,#1238,#1239,#1240,#1241)) ;
#1263=EDGE_LOOP('',(#1264,#1265,#1266,#1267,#1268)) ;
#1291=EDGE_LOOP('',(#1292,#1293,#1294,#1295)) ;
#1316=EDGE_LOOP('',(#1317,#1318,#1319,#1320,#1321)) ;
#1344=EDGE_LOOP('',(#1345,#1346,#1347,#1348)) ;
#1376=EDGE_LOOP('',(#1377,#1378,#1379,#1380)) ;
#1395=EDGE_LOOP('',(#1396,#1397,#1398,#1399)) ;
#1422=EDGE_LOOP('',(#1423,#1424,#1425,#1426)) ;
#1442=EDGE_LOOP('',(#1443,#1444,#1445,#1446)) ;
#1459=EDGE_LOOP('',(#1460,#1461,#1462,#1463)) ;
#1478=EDGE_LOOP('',(#1479,#1480,#1481,#1482)) ;
#1496=EDGE_LOOP('',(#1497,#1498,#1499,#1500)) ;
#1528=EDGE_LOOP('',(#1529,#1530,#1531,#1532)) ;
#1547=EDGE_LOOP('',(#1548,#1549,#1550,#1551)) ;
#1574=EDGE_LOOP('',(#1575,#1576,#1577,#1578)) ;
#1594=EDGE_LOOP('',(#1595,#1596,#1597,#1598)) ;
#1611=EDGE_LOOP('',(#1612,#1613,#1614,#1615)) ;
#1623=EDGE_LOOP('',(#1624,#1625,#1626,#1627,#1628)) ;
#1664=EDGE_LOOP('',(#1665,#1666,#1667,#1668)) ;
#1695=EDGE_LOOP('',(#1696,#1697,#1698,#1699)) ;
#1726=EDGE_LOOP('',(#1727,#1728,#1729,#1730)) ;
#1757=EDGE_LOOP('',(#1758,#1759,#1760,#1761)) ;
#1788=EDGE_LOOP('',(#1789,#1790,#1791,#1792)) ;
#1810=EDGE_LOOP('',(#1811,#1812,#1813,#1814)) ;
#1850=EDGE_LOOP('',(#1851,#1852,#1853,#1854)) ;
#1876=EDGE_LOOP('',(#1877,#1878,#1879,#1880)) ;
#1907=EDGE_LOOP('',(#1908,#1909,#1910,#1911)) ;
#1933=EDGE_LOOP('',(#1934,#1935,#1936,#1937)) ;
#1964=EDGE_LOOP('',(#1965,#1966,#1967,#1968)) ;
#1986=EDGE_LOOP('',(#1987,#1988,#1989,#1990)) ;
#2026=EDGE_LOOP('',(#2027,#2028,#2029,#2030)) ;
#2052=EDGE_LOOP('',(#2053,#2054,#2055,#2056)) ;
#2078=EDGE_LOOP('',(#2079,#2080,#2081,#2082)) ;
#2104=EDGE_LOOP('',(#2105,#2106,#2107,#2108)) ;
#2130=EDGE_LOOP('',(#2131,#2132,#2133,#2134)) ;
#2156=EDGE_LOOP('',(#2157,#2158,#2159,#2160)) ;
#2182=EDGE_LOOP('',(#2183,#2184,#2185,#2186)) ;
#2213=EDGE_LOOP('',(#2214,#2215,#2216,#2217)) ;
#2230=EDGE_LOOP('',(#2231,#2232,#2233,#2234)) ;
#2265=EDGE_LOOP('',(#2266,#2267,#2268,#2269)) ;
#2291=EDGE_LOOP('',(#2292,#2293,#2294,#2295)) ;
#2317=EDGE_LOOP('',(#2318,#2319,#2320,#2321)) ;
#2343=EDGE_LOOP('',(#2344,#2345,#2346,#2347)) ;
#2374=EDGE_LOOP('',(#2375,#2376,#2377,#2378)) ;
#2391=EDGE_LOOP('',(#2392,#2393,#2394,#2395)) ;
#2431=EDGE_LOOP('',(#2432,#2433,#2434,#2435)) ;
#2462=EDGE_LOOP('',(#2463,#2464,#2465,#2466)) ;
#2488=EDGE_LOOP('',(#2489,#2490,#2491,#2492)) ;
#2510=EDGE_LOOP('',(#2511,#2512,#2513,#2514)) ;
#2517=EDGE_LOOP('',(#2518,#2519,#2520,#2521,#2522)) ;
#2525=EDGE_LOOP('',(#2526,#2527,#2528,#2529,#2530)) ;
#2533=EDGE_LOOP('',(#2534,#2535,#2536,#2537,#2538,#2539)) ;
#2542=EDGE_LOOP('',(#2543,#2544,#2545,#2546,#2547,#2548)) ;
#2551=EDGE_LOOP('',(#2552,#2553,#2554,#2555,#2556,#2557,#2558,#2559,#2560)) ;
#2563=EDGE_LOOP('',(#2564,#2565,#2566,#2567,#2568,#2569)) ;
#2572=EDGE_LOOP('',(#2573,#2574,#2575,#2576)) ;
#2598=EDGE_LOOP('',(#2599,#2600,#2601,#2602,#2603,#2604,#2605)) ;
#2626=EDGE_LOOP('',(#2627,#2628,#2629,#2630)) ;
#2638=EDGE_LOOP('',(#2639,#2640,#2641,#2642)) ;
#2645=EDGE_LOOP('',(#2646,#2647,#2648,#2649,#2650)) ;
#2705=EDGE_LOOP('',(#2706,#2707,#2708,#2709,#2710,#2711,#2712,#2713,#2714,#2715,#2716)) ;
#2743=EDGE_LOOP('',(#2744,#2745,#2746,#2747)) ;
#2767=EDGE_LOOP('',(#2768,#2769,#2770,#2771)) ;
#2791=EDGE_LOOP('',(#2792,#2793,#2794,#2795)) ;
#2818=EDGE_LOOP('',(#2819,#2820,#2821,#2822)) ;
#2844=EDGE_LOOP('',(#2845,#2846,#2847,#2848)) ;
#2910=EDGE_LOOP('',(#2911,#2912,#2913,#2914,#2915,#2916,#2917,#2918,#2919,#2920,#2921)) ;
#2948=EDGE_LOOP('',(#2949,#2950,#2951,#2952)) ;
#2972=EDGE_LOOP('',(#2973,#2974,#2975,#2976)) ;
#2996=EDGE_LOOP('',(#2997,#2998,#2999,#3000)) ;
#3020=EDGE_LOOP('',(#3021,#3022,#3023,#3024)) ;
#3044=EDGE_LOOP('',(#3045,#3046,#3047,#3048)) ;
#3066=EDGE_LOOP('',(#3067,#3068,#3069,#3070)) ;
#3083=EDGE_LOOP('',(#3084,#3085,#3086,#3087)) ;
#3100=EDGE_LOOP('',(#3101,#3102,#3103,#3104)) ;
#3120=EDGE_LOOP('',(#3121,#3122,#3123,#3124)) ;
#3139=EDGE_LOOP('',(#3140,#3141,#3142,#3143)) ;
#3184=EDGE_LOOP('',(#3185,#3186,#3187,#3188,#3189,#3190,#3191,#3192,#3193,#3194)) ;
#3207=EDGE_LOOP('',(#3208,#3209,#3210,#3211)) ;
#3238=EDGE_LOOP('',(#3239,#3240,#3241,#3242)) ;
#3255=EDGE_LOOP('',(#3256,#3257,#3258,#3259)) ;
#3296=EDGE_LOOP('',(#3297,#3298,#3299,#3300,#3301,#3302)) ;
#3376=EDGE_LOOP('',(#3377,#3378,#3379,#3380)) ;
#3442=EDGE_LOOP('',(#3443,#3444,#3445,#3446)) ;
#3502=EDGE_LOOP('',(#3503,#3504,#3505)) ;
#3551=EDGE_LOOP('',(#3552,#3553,#3554)) ;
#3607=EDGE_LOOP('',(#3608,#3609,#3610,#3611,#3612,#3613)) ;
#3648=EDGE_LOOP('',(#3649,#3650,#3651,#3652,#3653,#3654)) ;
#3716=EDGE_LOOP('',(#3717,#3718,#3719,#3720)) ;
#3792=EDGE_LOOP('',(#3793,#3794,#3795,#3796)) ;
#3842=EDGE_LOOP('',(#3843,#3844,#3845)) ;
#3891=EDGE_LOOP('',(#3892,#3893,#3894)) ;
#3916=EDGE_LOOP('',(#3917,#3918,#3919,#3920,#3921,#3922,#3923)) ;
#3963=EDGE_LOOP('',(#3964,#3965,#3966,#3967,#3968,#3969)) ;
#4001=EDGE_LOOP('',(#4002,#4003,#4004,#4005,#4006,#4007,#4008)) ;
#4044=EDGE_LOOP('',(#4045,#4046,#4047,#4048)) ;
#4068=EDGE_LOOP('',(#4069,#4070,#4071,#4072,#4073,#4074)) ;
#4107=EDGE_LOOP('',(#4108,#4109,#4110,#4111,#4112,#4113)) ;
#4131=EDGE_LOOP('',(#4132,#4133,#4134)) ;
#4147=EDGE_LOOP('',(#4148,#4149,#4150,#4151)) ;
#4164=EDGE_LOOP('',(#4165,#4166,#4167)) ;
#4180=EDGE_LOOP('',(#4181,#4182,#4183,#4184)) ;
#4197=EDGE_LOOP('',(#4198,#4199,#4200,#4201)) ;
#4226=EDGE_LOOP('',(#4227,#4228,#4229,#4230,#4231,#4232,#4233,#4234,#4235,#4236)) ;
#4278=EDGE_LOOP('',(#4279,#4280,#4281,#4282,#4283)) ;
#4331=EDGE_LOOP('',(#4332,#4333,#4334,#4335,#4336,#4337,#4338,#4339,#4340)) ;
#4367=EDGE_LOOP('',(#4368,#4369,#4370,#4371)) ;
#4391=EDGE_LOOP('',(#4392,#4393,#4394,#4395)) ;
#4415=EDGE_LOOP('',(#4416,#4417,#4418,#4419)) ;
#4432=EDGE_LOOP('',(#4433,#4434,#4435,#4436,#4437)) ;
#4459=EDGE_LOOP('',(#4460,#4461,#4462,#4463)) ;
#4525=EDGE_LOOP('',(#4526,#4527,#4528,#4529,#4530,#4531,#4532,#4533,#4534,#4535,#4536)) ;
#4563=EDGE_LOOP('',(#4564,#4565,#4566,#4567)) ;
#4587=EDGE_LOOP('',(#4588,#4589,#4590,#4591)) ;
#4606=EDGE_LOOP('',(#4607,#4608,#4609,#4610)) ;
#4630=EDGE_LOOP('',(#4631,#4632,#4633,#4634)) ;
#4654=EDGE_LOOP('',(#4655,#4656,#4657,#4658,#4659)) ;
#4677=EDGE_LOOP('',(#4678,#4679,#4680,#4681)) ;
#4694=EDGE_LOOP('',(#4695,#4696,#4697,#4698)) ;
#4711=EDGE_LOOP('',(#4712,#4713,#4714,#4715)) ;
#4731=EDGE_LOOP('',(#4732,#4733,#4734,#4735)) ;
#4750=EDGE_LOOP('',(#4751,#4752,#4753,#4754)) ;
#4762=EDGE_LOOP('',(#4763,#4764)) ;
#4766=EDGE_LOOP('',(#4767,#4768,#4769,#4770,#4771,#4772)) ;
#4774=EDGE_LOOP('',(#4775,#4776,#4777,#4778,#4779,#4780)) ;
#4782=EDGE_LOOP('',(#4783,#4784,#4785,#4786,#4787,#4788,#4789,#4790,#4791)) ;
#4793=EDGE_LOOP('',(#4794,#4795,#4796,#4797,#4798,#4799)) ;
#4801=EDGE_LOOP('',(#4802,#4803,#4804,#4805)) ;
#4905=EDGE_LOOP('',(#4906,#4907,#4908,#4909,#4910,#4911,#4912,#4913,#4914,#4915,#4916,#4917,#4918,#4919)) ;
#4941=EDGE_LOOP('',(#4942,#4943)) ;
#4985=EDGE_LOOP('',(#4986,#4987,#4988,#4989)) ;
#5025=EDGE_LOOP('',(#5026,#5027,#5028,#5029)) ;
#5060=EDGE_LOOP('',(#5061,#5062,#5063,#5064,#5065)) ;
#5092=EDGE_LOOP('',(#5093,#5094,#5095,#5096)) ;
#5129=EDGE_LOOP('',(#5130,#5131,#5132,#5133)) ;
#5169=EDGE_LOOP('',(#5170,#5171,#5172,#5173)) ;
#5213=EDGE_LOOP('',(#5214,#5215,#5216,#5217,#5218)) ;
#5251=EDGE_LOOP('',(#5252,#5253,#5254,#5255)) ;
#5282=EDGE_LOOP('',(#5283,#5284,#5285,#5286)) ;
#5319=EDGE_LOOP('',(#5320,#5321,#5322,#5323)) ;
#5348=EDGE_LOOP('',(#5349,#5350,#5351,#5352,#5353,#5354)) ;
#5400=EDGE_LOOP('',(#5401,#5402,#5403,#5404,#5405,#5406,#5407,#5408,#5409,#5410,#5411,#5412,#5413,#5414,#5415)) ;
#5430=EDGE_LOOP('',(#5431,#5432,#5433,#5434,#5435,#5436)) ;
#5463=EDGE_LOOP('',(#5464,#5465,#5466,#5467,#5468,#5469,#5470,#5471,#5472,#5473,#5474,#5475,#5476,#5477,#5478)) ;
#5498=EDGE_LOOP('',(#5499,#5500,#5501,#5502)) ;
#5522=EDGE_LOOP('',(#5523,#5524,#5525,#5526)) ;
#5539=EDGE_LOOP('',(#5540,#5541,#5542,#5543)) ;
#5551=EDGE_LOOP('',(#5552,#5553,#5554,#5555)) ;
#5589=EDGE_LOOP('',(#5590,#5591,#5592,#5593,#5594,#5595,#5596,#5597,#5598,#5599)) ;
#5621=EDGE_LOOP('',(#5622,#5623,#5624,#5625,#5626,#5627,#5628,#5629,#5630)) ;
#5643=EDGE_LOOP('',(#5644,#5645,#5646,#5647,#5648,#5649,#5650,#5651)) ;
#5654=EDGE_LOOP('',(#5655,#5656,#5657,#5658,#5659,#5660)) ;
#5663=EDGE_LOOP('',(#5664,#5665,#5666,#5667,#5668,#5669,#5670,#5671,#5672,#5673,#5674)) ;
#5710=EDGE_LOOP('',(#5711,#5712,#5713,#5714)) ;
#5727=EDGE_LOOP('',(#5728,#5729,#5730,#5731)) ;
#5739=EDGE_LOOP('',(#5740,#5741)) ;
#5749=EDGE_LOOP('',(#5750,#5751,#5752,#5753)) ;
#5788=EDGE_LOOP('',(#5789,#5790,#5791,#5792,#5793,#5794,#5795,#5796,#5797,#5798,#5799,#5800,#5801,#5802,#5803,#5804,#5805,#5806,#5807,#5808,#5809,#5810,#5811,#5812,#5813,#5814,#5815,#5816,#5817,#5818,#5819)) ;
#5834=EDGE_LOOP('',(#5835,#5836,#5837,#5838,#5839,#5840,#5841)) ;
#5861=EDGE_LOOP('',(#5862,#5863,#5864,#5865,#5866,#5867,#5868)) ;
#5881=EDGE_LOOP('',(#5882,#5883,#5884,#5885,#5886,#5887,#5888,#5889,#5890,#5891,#5892,#5893,#5894,#5895,#5896,#5897,#5898,#5899,#5900,#5901,#5902,#5903,#5904,#5905,#5906,#5907,#5908,#5909,#5910,#5911,#5912)) ;
#5939=EDGE_LOOP('',(#5940,#5941,#5942,#5943)) ;
#5945=EDGE_LOOP('',(#5946,#5947)) ;
#5965=EDGE_LOOP('',(#5966,#5967,#5968,#5969)) ;
#5977=EDGE_LOOP('',(#5978,#5979,#5980,#5981)) ;
#5989=EDGE_LOOP('',(#5990,#5991,#5992,#5993)) ;
#6001=EDGE_LOOP('',(#6002,#6003)) ;
#6019=EDGE_LOOP('',(#6020,#6021)) ;
#6048=EDGE_LOOP('',(#6049,#6050,#6051,#6052)) ;
#6060=EDGE_LOOP('',(#6061,#6062,#6063,#6064)) ;
#6072=EDGE_LOOP('',(#6073,#6074)) ;
#6114=EDGE_LOOP('',(#6115,#6116,#6117,#6118)) ;
#6145=EDGE_LOOP('',(#6146,#6147,#6148,#6149)) ;
#6176=EDGE_LOOP('',(#6177,#6178,#6179,#6180)) ;
#6216=EDGE_LOOP('',(#6217,#6218,#6219,#6220)) ;
#6238=EDGE_LOOP('',(#6239,#6240,#6241,#6242)) ;
#6269=EDGE_LOOP('',(#6270,#6271,#6272,#6273,#6274,#6275,#6276,#6277)) ;
#6304=EDGE_LOOP('',(#6305,#6306,#6307,#6308)) ;
#6335=EDGE_LOOP('',(#6336,#6337,#6338,#6339,#6340,#6341,#6342,#6343)) ;
#6356=EDGE_LOOP('',(#6357,#6358,#6359,#6360,#6361)) ;
#6374=EDGE_LOOP('',(#6375,#6376,#6377,#6378,#6379)) ;
#6387=EDGE_LOOP('',(#6388,#6389,#6390,#6391)) ;
#6429=EDGE_LOOP('',(#6430,#6431,#6432,#6433)) ;
#6446=EDGE_LOOP('',(#6447,#6448,#6449,#6450)) ;
#6486=EDGE_LOOP('',(#6487,#6488,#6489,#6490)) ;
#6503=EDGE_LOOP('',(#6504,#6505,#6506,#6507)) ;
#6515=EDGE_LOOP('',(#6516,#6517)) ;
#6525=EDGE_LOOP('',(#6526,#6527)) ;
#6529=EDGE_LOOP('',(#6530,#6531)) ;
#6539=EDGE_LOOP('',(#6540,#6541)) ;
#6579=EDGE_LOOP('',(#6580,#6581,#6582,#6583)) ;
#6610=EDGE_LOOP('',(#6611,#6612,#6613,#6614)) ;
#6641=EDGE_LOOP('',(#6642,#6643,#6644,#6645)) ;
#6672=EDGE_LOOP('',(#6673,#6674,#6675,#6676)) ;
#6703=EDGE_LOOP('',(#6704,#6705,#6706,#6707)) ;
#6734=EDGE_LOOP('',(#6735,#6736,#6737,#6738)) ;
#6765=EDGE_LOOP('',(#6766,#6767,#6768,#6769)) ;
#6796=EDGE_LOOP('',(#6797,#6798,#6799,#6800)) ;
#6827=EDGE_LOOP('',(#6828,#6829,#6830,#6831)) ;
#6858=EDGE_LOOP('',(#6859,#6860,#6861,#6862)) ;
#6889=EDGE_LOOP('',(#6890,#6891,#6892,#6893)) ;
#6920=EDGE_LOOP('',(#6921,#6922,#6923,#6924)) ;
#6951=EDGE_LOOP('',(#6952,#6953,#6954,#6955)) ;
#6982=EDGE_LOOP('',(#6983,#6984,#6985,#6986)) ;
#7013=EDGE_LOOP('',(#7014,#7015,#7016,#7017)) ;
#7030=EDGE_LOOP('',(#7031,#7032,#7033,#7034)) ;
#7042=EDGE_LOOP('',(#7043,#7044,#7045,#7046,#7047,#7048,#7049,#7050,#7051,#7052,#7053,#7054,#7055,#7056,#7057,#7058)) ;
#7066=EDGE_LOOP('',(#7067,#7068,#7069,#7070,#7071,#7072,#7073,#7074,#7075,#7076,#7077,#7078,#7079,#7080,#7081,#7082)) ;
#7120=EDGE_LOOP('',(#7121,#7122,#7123,#7124)) ;
#7137=EDGE_LOOP('',(#7138,#7139,#7140,#7141)) ;
#7168=EDGE_LOOP('',(#7169,#7170,#7171,#7172)) ;
#7180=EDGE_LOOP('',(#7181,#7182,#7183,#7184)) ;
#7192=EDGE_LOOP('',(#7193,#7194)) ;
#7216=EDGE_LOOP('',(#7217,#7218)) ;
#7220=EDGE_LOOP('',(#7221,#7222)) ;
#7244=EDGE_LOOP('',(#7245,#7246)) ;
#7264=EDGE_LOOP('',(#7265,#7266,#7267,#7268)) ;
#7271=EDGE_LOOP('',(#7272,#7273,#7274,#7275)) ;
#7313=EDGE_LOOP('',(#7314,#7315,#7316,#7317)) ;
#7330=EDGE_LOOP('',(#7331,#7332,#7333,#7334)) ;
#7370=EDGE_LOOP('',(#7371,#7372,#7373,#7374)) ;
#7387=EDGE_LOOP('',(#7388,#7389,#7390,#7391)) ;
#7399=EDGE_LOOP('',(#7400,#7401)) ;
#7403=EDGE_LOOP('',(#7404,#7405)) ;
#7413=EDGE_LOOP('',(#7414,#7415)) ;
#7417=EDGE_LOOP('',(#7418,#7419)) ;
#90=FACE_OUTER_BOUND('',#85,.T.) ;
#146=FACE_OUTER_BOUND('',#139,.T.) ;
#163=FACE_OUTER_BOUND('',#158,.T.) ;
#203=FACE_OUTER_BOUND('',#198,.T.) ;
#280=FACE_OUTER_BOUND('',#273,.T.) ;
#311=FACE_OUTER_BOUND('',#306,.T.) ;
#337=FACE_OUTER_BOUND('',#332,.T.) ;
#372=FACE_OUTER_BOUND('',#367,.T.) ;
#407=FACE_OUTER_BOUND('',#402,.T.) ;
#442=FACE_OUTER_BOUND('',#437,.T.) ;
#477=FACE_OUTER_BOUND('',#472,.T.) ;
#517=FACE_OUTER_BOUND('',#512,.T.) ;
#588=FACE_OUTER_BOUND('',#578,.T.) ;
#614=FACE_OUTER_BOUND('',#609,.T.) ;
#641=FACE_OUTER_BOUND('',#637,.T.) ;
#664=FACE_OUTER_BOUND('',#659,.T.) ;
#674=FACE_OUTER_BOUND('',#671,.T.) ;
#714=FACE_OUTER_BOUND('',#709,.T.) ;
#746=FACE_OUTER_BOUND('',#740,.T.) ;
#768=FACE_OUTER_BOUND('',#763,.T.) ;
#791=FACE_OUTER_BOUND('',#785,.T.) ;
#818=FACE_OUTER_BOUND('',#814,.T.) ;
#840=FACE_OUTER_BOUND('',#835,.T.) ;
#880=FACE_OUTER_BOUND('',#875,.T.) ;
#895=FACE_OUTER_BOUND('',#892,.T.) ;
#928=FACE_OUTER_BOUND('',#923,.T.) ;
#1032=FACE_OUTER_BOUND('',#1018,.T.) ;
#1149=FACE_OUTER_BOUND('',#1133,.T.) ;
#1224=FACE_OUTER_BOUND('',#1219,.T.) ;
#1242=FACE_OUTER_BOUND('',#1236,.T.) ;
#1269=FACE_OUTER_BOUND('',#1263,.T.) ;
#1296=FACE_OUTER_BOUND('',#1291,.T.) ;
#1322=FACE_OUTER_BOUND('',#1316,.T.) ;
#1349=FACE_OUTER_BOUND('',#1344,.T.) ;
#1381=FACE_OUTER_BOUND('',#1376,.T.) ;
#1400=FACE_OUTER_BOUND('',#1395,.T.) ;
#1427=FACE_OUTER_BOUND('',#1422,.T.) ;
#1447=FACE_OUTER_BOUND('',#1442,.T.) ;
#1464=FACE_OUTER_BOUND('',#1459,.T.) ;
#1483=FACE_OUTER_BOUND('',#1478,.T.) ;
#1501=FACE_OUTER_BOUND('',#1496,.T.) ;
#1533=FACE_OUTER_BOUND('',#1528,.T.) ;
#1552=FACE_OUTER_BOUND('',#1547,.T.) ;
#1579=FACE_OUTER_BOUND('',#1574,.T.) ;
#1599=FACE_OUTER_BOUND('',#1594,.T.) ;
#1616=FACE_OUTER_BOUND('',#1611,.T.) ;
#1629=FACE_OUTER_BOUND('',#1623,.T.) ;
#1669=FACE_OUTER_BOUND('',#1664,.T.) ;
#1700=FACE_OUTER_BOUND('',#1695,.T.) ;
#1731=FACE_OUTER_BOUND('',#1726,.T.) ;
#1762=FACE_OUTER_BOUND('',#1757,.T.) ;
#1793=FACE_OUTER_BOUND('',#1788,.T.) ;
#1815=FACE_OUTER_BOUND('',#1810,.T.) ;
#1855=FACE_OUTER_BOUND('',#1850,.T.) ;
#1881=FACE_OUTER_BOUND('',#1876,.T.) ;
#1912=FACE_OUTER_BOUND('',#1907,.T.) ;
#1938=FACE_OUTER_BOUND('',#1933,.T.) ;
#1969=FACE_OUTER_BOUND('',#1964,.T.) ;
#1991=FACE_OUTER_BOUND('',#1986,.T.) ;
#2031=FACE_OUTER_BOUND('',#2026,.T.) ;
#2057=FACE_OUTER_BOUND('',#2052,.T.) ;
#2083=FACE_OUTER_BOUND('',#2078,.T.) ;
#2109=FACE_OUTER_BOUND('',#2104,.T.) ;
#2135=FACE_OUTER_BOUND('',#2130,.T.) ;
#2161=FACE_OUTER_BOUND('',#2156,.T.) ;
#2187=FACE_OUTER_BOUND('',#2182,.T.) ;
#2218=FACE_OUTER_BOUND('',#2213,.T.) ;
#2235=FACE_OUTER_BOUND('',#2230,.T.) ;
#2270=FACE_OUTER_BOUND('',#2265,.T.) ;
#2296=FACE_OUTER_BOUND('',#2291,.T.) ;
#2322=FACE_OUTER_BOUND('',#2317,.T.) ;
#2348=FACE_OUTER_BOUND('',#2343,.T.) ;
#2379=FACE_OUTER_BOUND('',#2374,.T.) ;
#2396=FACE_OUTER_BOUND('',#2391,.T.) ;
#2436=FACE_OUTER_BOUND('',#2431,.T.) ;
#2467=FACE_OUTER_BOUND('',#2462,.T.) ;
#2493=FACE_OUTER_BOUND('',#2488,.T.) ;
#2515=FACE_OUTER_BOUND('',#2510,.T.) ;
#2523=FACE_OUTER_BOUND('',#2517,.T.) ;
#2531=FACE_OUTER_BOUND('',#2525,.T.) ;
#2540=FACE_OUTER_BOUND('',#2533,.T.) ;
#2549=FACE_OUTER_BOUND('',#2542,.T.) ;
#2561=FACE_OUTER_BOUND('',#2551,.T.) ;
#2570=FACE_OUTER_BOUND('',#2563,.T.) ;
#2577=FACE_OUTER_BOUND('',#2572,.T.) ;
#2606=FACE_OUTER_BOUND('',#2598,.T.) ;
#2631=FACE_OUTER_BOUND('',#2626,.T.) ;
#2643=FACE_OUTER_BOUND('',#2638,.T.) ;
#2651=FACE_OUTER_BOUND('',#2645,.T.) ;
#2717=FACE_OUTER_BOUND('',#2705,.T.) ;
#2748=FACE_OUTER_BOUND('',#2743,.T.) ;
#2772=FACE_OUTER_BOUND('',#2767,.T.) ;
#2796=FACE_OUTER_BOUND('',#2791,.T.) ;
#2823=FACE_OUTER_BOUND('',#2818,.T.) ;
#2849=FACE_OUTER_BOUND('',#2844,.T.) ;
#2922=FACE_OUTER_BOUND('',#2910,.T.) ;
#2953=FACE_OUTER_BOUND('',#2948,.T.) ;
#2977=FACE_OUTER_BOUND('',#2972,.T.) ;
#3001=FACE_OUTER_BOUND('',#2996,.T.) ;
#3025=FACE_OUTER_BOUND('',#3020,.T.) ;
#3049=FACE_OUTER_BOUND('',#3044,.T.) ;
#3071=FACE_OUTER_BOUND('',#3066,.T.) ;
#3088=FACE_OUTER_BOUND('',#3083,.T.) ;
#3105=FACE_OUTER_BOUND('',#3100,.T.) ;
#3125=FACE_OUTER_BOUND('',#3120,.T.) ;
#3144=FACE_OUTER_BOUND('',#3139,.T.) ;
#3195=FACE_OUTER_BOUND('',#3184,.T.) ;
#3212=FACE_OUTER_BOUND('',#3207,.T.) ;
#3243=FACE_OUTER_BOUND('',#3238,.T.) ;
#3260=FACE_OUTER_BOUND('',#3255,.T.) ;
#3303=FACE_OUTER_BOUND('',#3296,.T.) ;
#3381=FACE_OUTER_BOUND('',#3376,.T.) ;
#3447=FACE_OUTER_BOUND('',#3442,.T.) ;
#3506=FACE_OUTER_BOUND('',#3502,.T.) ;
#3555=FACE_OUTER_BOUND('',#3551,.T.) ;
#3614=FACE_OUTER_BOUND('',#3607,.T.) ;
#3655=FACE_OUTER_BOUND('',#3648,.T.) ;
#3721=FACE_OUTER_BOUND('',#3716,.T.) ;
#3797=FACE_OUTER_BOUND('',#3792,.T.) ;
#3846=FACE_OUTER_BOUND('',#3842,.T.) ;
#3895=FACE_OUTER_BOUND('',#3891,.T.) ;
#3924=FACE_OUTER_BOUND('',#3916,.T.) ;
#3970=FACE_OUTER_BOUND('',#3963,.T.) ;
#4009=FACE_OUTER_BOUND('',#4001,.T.) ;
#4049=FACE_OUTER_BOUND('',#4044,.T.) ;
#4075=FACE_OUTER_BOUND('',#4068,.T.) ;
#4114=FACE_OUTER_BOUND('',#4107,.T.) ;
#4135=FACE_OUTER_BOUND('',#4131,.T.) ;
#4152=FACE_OUTER_BOUND('',#4147,.T.) ;
#4168=FACE_OUTER_BOUND('',#4164,.T.) ;
#4185=FACE_OUTER_BOUND('',#4180,.T.) ;
#4202=FACE_OUTER_BOUND('',#4197,.T.) ;
#4237=FACE_OUTER_BOUND('',#4226,.T.) ;
#4284=FACE_OUTER_BOUND('',#4278,.T.) ;
#4341=FACE_OUTER_BOUND('',#4331,.T.) ;
#4372=FACE_OUTER_BOUND('',#4367,.T.) ;
#4396=FACE_OUTER_BOUND('',#4391,.T.) ;
#4420=FACE_OUTER_BOUND('',#4415,.T.) ;
#4438=FACE_OUTER_BOUND('',#4432,.T.) ;
#4464=FACE_OUTER_BOUND('',#4459,.T.) ;
#4537=FACE_OUTER_BOUND('',#4525,.T.) ;
#4568=FACE_OUTER_BOUND('',#4563,.T.) ;
#4592=FACE_OUTER_BOUND('',#4587,.T.) ;
#4611=FACE_OUTER_BOUND('',#4606,.T.) ;
#4635=FACE_OUTER_BOUND('',#4630,.T.) ;
#4660=FACE_OUTER_BOUND('',#4654,.T.) ;
#4682=FACE_OUTER_BOUND('',#4677,.T.) ;
#4699=FACE_OUTER_BOUND('',#4694,.T.) ;
#4716=FACE_OUTER_BOUND('',#4711,.T.) ;
#4736=FACE_OUTER_BOUND('',#4731,.T.) ;
#4755=FACE_OUTER_BOUND('',#4750,.T.) ;
#4765=FACE_OUTER_BOUND('',#4762,.T.) ;
#4944=FACE_OUTER_BOUND('',#4941,.T.) ;
#4990=FACE_OUTER_BOUND('',#4985,.T.) ;
#5030=FACE_OUTER_BOUND('',#5025,.T.) ;
#5066=FACE_OUTER_BOUND('',#5060,.T.) ;
#5097=FACE_OUTER_BOUND('',#5092,.T.) ;
#5134=FACE_OUTER_BOUND('',#5129,.T.) ;
#5174=FACE_OUTER_BOUND('',#5169,.T.) ;
#5219=FACE_OUTER_BOUND('',#5213,.T.) ;
#5256=FACE_OUTER_BOUND('',#5251,.T.) ;
#5287=FACE_OUTER_BOUND('',#5282,.T.) ;
#5324=FACE_OUTER_BOUND('',#5319,.T.) ;
#5355=FACE_OUTER_BOUND('',#5348,.T.) ;
#5416=FACE_OUTER_BOUND('',#5400,.T.) ;
#5437=FACE_OUTER_BOUND('',#5430,.T.) ;
#5479=FACE_OUTER_BOUND('',#5463,.T.) ;
#5503=FACE_OUTER_BOUND('',#5498,.T.) ;
#5527=FACE_OUTER_BOUND('',#5522,.T.) ;
#5544=FACE_OUTER_BOUND('',#5539,.T.) ;
#5556=FACE_OUTER_BOUND('',#5551,.T.) ;
#5600=FACE_OUTER_BOUND('',#5589,.T.) ;
#5631=FACE_OUTER_BOUND('',#5621,.T.) ;
#5652=FACE_OUTER_BOUND('',#5643,.T.) ;
#5661=FACE_OUTER_BOUND('',#5654,.T.) ;
#5675=FACE_OUTER_BOUND('',#5663,.T.) ;
#5715=FACE_OUTER_BOUND('',#5710,.T.) ;
#5732=FACE_OUTER_BOUND('',#5727,.T.) ;
#5742=FACE_OUTER_BOUND('',#5739,.T.) ;
#5754=FACE_OUTER_BOUND('',#5749,.T.) ;
#5842=FACE_OUTER_BOUND('',#5834,.T.) ;
#5869=FACE_OUTER_BOUND('',#5861,.T.) ;
#5913=FACE_OUTER_BOUND('',#5881,.T.) ;
#5944=FACE_OUTER_BOUND('',#5939,.T.) ;
#5970=FACE_OUTER_BOUND('',#5965,.T.) ;
#5982=FACE_OUTER_BOUND('',#5977,.T.) ;
#5994=FACE_OUTER_BOUND('',#5989,.T.) ;
#6004=FACE_OUTER_BOUND('',#6001,.T.) ;
#6053=FACE_OUTER_BOUND('',#6048,.T.) ;
#6065=FACE_OUTER_BOUND('',#6060,.T.) ;
#6075=FACE_OUTER_BOUND('',#6072,.T.) ;
#6119=FACE_OUTER_BOUND('',#6114,.T.) ;
#6150=FACE_OUTER_BOUND('',#6145,.T.) ;
#6181=FACE_OUTER_BOUND('',#6176,.T.) ;
#6221=FACE_OUTER_BOUND('',#6216,.T.) ;
#6243=FACE_OUTER_BOUND('',#6238,.T.) ;
#6278=FACE_OUTER_BOUND('',#6269,.T.) ;
#6309=FACE_OUTER_BOUND('',#6304,.T.) ;
#6344=FACE_OUTER_BOUND('',#6335,.T.) ;
#6362=FACE_OUTER_BOUND('',#6356,.T.) ;
#6380=FACE_OUTER_BOUND('',#6374,.T.) ;
#6392=FACE_OUTER_BOUND('',#6387,.T.) ;
#6434=FACE_OUTER_BOUND('',#6429,.T.) ;
#6451=FACE_OUTER_BOUND('',#6446,.T.) ;
#6491=FACE_OUTER_BOUND('',#6486,.T.) ;
#6508=FACE_OUTER_BOUND('',#6503,.T.) ;
#6518=FACE_OUTER_BOUND('',#6515,.T.) ;
#6528=FACE_OUTER_BOUND('',#6525,.T.) ;
#6542=FACE_OUTER_BOUND('',#6539,.T.) ;
#6584=FACE_OUTER_BOUND('',#6579,.T.) ;
#6615=FACE_OUTER_BOUND('',#6610,.T.) ;
#6646=FACE_OUTER_BOUND('',#6641,.T.) ;
#6677=FACE_OUTER_BOUND('',#6672,.T.) ;
#6708=FACE_OUTER_BOUND('',#6703,.T.) ;
#6739=FACE_OUTER_BOUND('',#6734,.T.) ;
#6770=FACE_OUTER_BOUND('',#6765,.T.) ;
#6801=FACE_OUTER_BOUND('',#6796,.T.) ;
#6832=FACE_OUTER_BOUND('',#6827,.T.) ;
#6863=FACE_OUTER_BOUND('',#6858,.T.) ;
#6894=FACE_OUTER_BOUND('',#6889,.T.) ;
#6925=FACE_OUTER_BOUND('',#6920,.T.) ;
#6956=FACE_OUTER_BOUND('',#6951,.T.) ;
#6987=FACE_OUTER_BOUND('',#6982,.T.) ;
#7018=FACE_OUTER_BOUND('',#7013,.T.) ;
#7035=FACE_OUTER_BOUND('',#7030,.T.) ;
#7059=FACE_OUTER_BOUND('',#7042,.T.) ;
#7083=FACE_OUTER_BOUND('',#7066,.T.) ;
#7125=FACE_OUTER_BOUND('',#7120,.T.) ;
#7142=FACE_OUTER_BOUND('',#7137,.T.) ;
#7173=FACE_OUTER_BOUND('',#7168,.T.) ;
#7185=FACE_OUTER_BOUND('',#7180,.T.) ;
#7195=FACE_OUTER_BOUND('',#7192,.T.) ;
#7219=FACE_OUTER_BOUND('',#7216,.T.) ;
#7247=FACE_OUTER_BOUND('',#7244,.T.) ;
#7269=FACE_OUTER_BOUND('',#7264,.T.) ;
#7276=FACE_OUTER_BOUND('',#7271,.T.) ;
#7318=FACE_OUTER_BOUND('',#7313,.T.) ;
#7335=FACE_OUTER_BOUND('',#7330,.T.) ;
#7375=FACE_OUTER_BOUND('',#7370,.T.) ;
#7392=FACE_OUTER_BOUND('',#7387,.T.) ;
#7402=FACE_OUTER_BOUND('',#7399,.T.) ;
#7416=FACE_OUTER_BOUND('',#7413,.T.) ;
#45=UNCERTAINTY_MEASURE_WITH_UNIT(LENGTH_MEASURE(0.005),#41,'distance_accuracy_value','CONFUSED CURVE UNCERTAINTY') ;
#60=LINE('Line',#57,#59) ;
#69=LINE('Line',#66,#68) ;
#76=LINE('Line',#73,#75) ;
#83=LINE('Line',#80,#82) ;
#109=LINE('Line',#106,#108) ;
#137=LINE('Line',#134,#136) ;
#182=LINE('Line',#179,#181) ;
#196=LINE('Line',#193,#195) ;
#213=LINE('Line',#210,#212) ;
#220=LINE('Line',#217,#219) ;
#249=LINE('Line',#246,#248) ;
#297=LINE('Line',#294,#296) ;
#330=LINE('Line',#327,#329) ;
#342=LINE('Line',#339,#341) ;
#358=LINE('Line',#355,#357) ;
#386=LINE('Line',#383,#385) ;
#400=LINE('Line',#397,#399) ;
#421=LINE('Line',#418,#420) ;
#435=LINE('Line',#432,#434) ;
#456=LINE('Line',#453,#455) ;
#470=LINE('Line',#467,#469) ;
#487=LINE('Line',#484,#486) ;
#496=LINE('Line',#493,#495) ;
#503=LINE('Line',#500,#502) ;
#510=LINE('Line',#507,#509) ;
#527=LINE('Line',#524,#526) ;
#534=LINE('Line',#531,#533) ;
#548=LINE('Line',#545,#547) ;
#619=LINE('Line',#616,#618) ;
#635=LINE('Line',#632,#634) ;
#796=LINE('Line',#793,#795) ;
#805=LINE('Line',#802,#804) ;
#850=LINE('Line',#847,#849) ;
#859=LINE('Line',#856,#858) ;
#866=LINE('Line',#863,#865) ;
#873=LINE('Line',#870,#872) ;
#921=LINE('Line',#918,#920) ;
#955=LINE('Line',#952,#954) ;
#960=LINE('Line',#957,#959) ;
#974=LINE('Line',#971,#973) ;
#988=LINE('Line',#985,#987) ;
#1002=LINE('Line',#999,#1001) ;
#1016=LINE('Line',#1013,#1015) ;
#1053=LINE('Line',#1050,#1052) ;
#1067=LINE('Line',#1064,#1066) ;
#1080=LINE('Line',#1077,#1079) ;
#1106=LINE('Line',#1103,#1105) ;
#1170=LINE('Line',#1167,#1169) ;
#1184=LINE('Line',#1181,#1183) ;
#1212=LINE('Line',#1209,#1211) ;
#1217=LINE('Line',#1214,#1216) ;
#1247=LINE('Line',#1244,#1246) ;
#1261=LINE('Line',#1258,#1260) ;
#1279=LINE('Line',#1276,#1278) ;
#1342=LINE('Line',#1339,#1341) ;
#1369=LINE('Line',#1366,#1368) ;
#1374=LINE('Line',#1371,#1373) ;
#1393=LINE('Line',#1390,#1392) ;
#1410=LINE('Line',#1407,#1409) ;
#1457=LINE('Line',#1454,#1456) ;
#1469=LINE('Line',#1466,#1468) ;
#1476=LINE('Line',#1473,#1475) ;
#1521=LINE('Line',#1518,#1520) ;
#1526=LINE('Line',#1523,#1525) ;
#1545=LINE('Line',#1542,#1544) ;
#1562=LINE('Line',#1559,#1561) ;
#1609=LINE('Line',#1606,#1608) ;
#1639=LINE('Line',#1636,#1638) ;
#1648=LINE('Line',#1645,#1647) ;
#1655=LINE('Line',#1652,#1654) ;
#1662=LINE('Line',#1659,#1661) ;
#1686=LINE('Line',#1683,#1685) ;
#1710=LINE('Line',#1707,#1709) ;
#1717=LINE('Line',#1714,#1716) ;
#1724=LINE('Line',#1721,#1723) ;
#1748=LINE('Line',#1745,#1747) ;
#1772=LINE('Line',#1769,#1771) ;
#1779=LINE('Line',#1776,#1778) ;
#1786=LINE('Line',#1783,#1785) ;
#1825=LINE('Line',#1822,#1824) ;
#1834=LINE('Line',#1831,#1833) ;
#1841=LINE('Line',#1838,#1840) ;
#1848=LINE('Line',#1845,#1847) ;
#1867=LINE('Line',#1864,#1866) ;
#1891=LINE('Line',#1888,#1890) ;
#1898=LINE('Line',#1895,#1897) ;
#1905=LINE('Line',#1902,#1904) ;
#1924=LINE('Line',#1921,#1923) ;
#1948=LINE('Line',#1945,#1947) ;
#1957=LINE('Line',#1954,#1956) ;
#1962=LINE('Line',#1959,#1961) ;
#2010=LINE('Line',#2007,#2009) ;
#2024=LINE('Line',#2021,#2023) ;
#2050=LINE('Line',#2047,#2049) ;
#2076=LINE('Line',#2073,#2075) ;
#2088=LINE('Line',#2085,#2087) ;
#2095=LINE('Line',#2092,#2094) ;
#2102=LINE('Line',#2099,#2101) ;
#2128=LINE('Line',#2125,#2127) ;
#2140=LINE('Line',#2137,#2139) ;
#2147=LINE('Line',#2144,#2146) ;
#2154=LINE('Line',#2151,#2153) ;
#2180=LINE('Line',#2177,#2179) ;
#2197=LINE('Line',#2194,#2196) ;
#2204=LINE('Line',#2201,#2203) ;
#2211=LINE('Line',#2208,#2210) ;
#2240=LINE('Line',#2237,#2239) ;
#2249=LINE('Line',#2246,#2248) ;
#2256=LINE('Line',#2253,#2255) ;
#2263=LINE('Line',#2260,#2262) ;
#2289=LINE('Line',#2286,#2288) ;
#2301=LINE('Line',#2298,#2300) ;
#2308=LINE('Line',#2305,#2307) ;
#2315=LINE('Line',#2312,#2314) ;
#2334=LINE('Line',#2331,#2333) ;
#2358=LINE('Line',#2355,#2357) ;
#2365=LINE('Line',#2362,#2364) ;
#2372=LINE('Line',#2369,#2371) ;
#2406=LINE('Line',#2403,#2405) ;
#2415=LINE('Line',#2412,#2414) ;
#2422=LINE('Line',#2419,#2421) ;
#2429=LINE('Line',#2426,#2428) ;
#2446=LINE('Line',#2443,#2445) ;
#2453=LINE('Line',#2450,#2452) ;
#2460=LINE('Line',#2457,#2459) ;
#2486=LINE('Line',#2483,#2485) ;
#2503=LINE('Line',#2500,#2502) ;
#2508=LINE('Line',#2505,#2507) ;
#2596=LINE('Line',#2593,#2595) ;
#2616=LINE('Line',#2613,#2615) ;
#2668=LINE('Line',#2665,#2667) ;
#2675=LINE('Line',#2672,#2674) ;
#2689=LINE('Line',#2686,#2688) ;
#2703=LINE('Line',#2700,#2702) ;
#2758=LINE('Line',#2755,#2757) ;
#2806=LINE('Line',#2803,#2805) ;
#2833=LINE('Line',#2830,#2832) ;
#2859=LINE('Line',#2856,#2858) ;
#2875=LINE('Line',#2872,#2874) ;
#2889=LINE('Line',#2886,#2888) ;
#2896=LINE('Line',#2893,#2895) ;
#2901=LINE('Line',#2898,#2900) ;
#2932=LINE('Line',#2929,#2931) ;
#2941=LINE('Line',#2938,#2940) ;
#2946=LINE('Line',#2943,#2945) ;
#2963=LINE('Line',#2960,#2962) ;
#2987=LINE('Line',#2984,#2986) ;
#2994=LINE('Line',#2991,#2993) ;
#3011=LINE('Line',#3008,#3010) ;
#3035=LINE('Line',#3032,#3034) ;
#3042=LINE('Line',#3039,#3041) ;
#3154=LINE('Line',#3151,#3153) ;
#3175=LINE('Line',#3172,#3174) ;
#3288=LINE('Line',#3285,#3287) ;
#3591=LINE('Line',#3588,#3590) ;
#3605=LINE('Line',#3602,#3604) ;
#3624=LINE('Line',#3621,#3623) ;
#3900=LINE('Line',#3897,#3899) ;
#3909=LINE('Line',#3906,#3908) ;
#3914=LINE('Line',#3911,#3913) ;
#3954=LINE('Line',#3951,#3953) ;
#3980=LINE('Line',#3977,#3979) ;
#3987=LINE('Line',#3984,#3986) ;
#3992=LINE('Line',#3989,#3991) ;
#3999=LINE('Line',#3996,#3998) ;
#4019=LINE('Line',#4016,#4018) ;
#4028=LINE('Line',#4025,#4027) ;
#4035=LINE('Line',#4032,#4034) ;
#4042=LINE('Line',#4039,#4041) ;
#4059=LINE('Line',#4056,#4058) ;
#4066=LINE('Line',#4063,#4065) ;
#4207=LINE('Line',#4204,#4206) ;
#4214=LINE('Line',#4211,#4213) ;
#4276=LINE('Line',#4273,#4275) ;
#4294=LINE('Line',#4291,#4293) ;
#4308=LINE('Line',#4305,#4307) ;
#4322=LINE('Line',#4319,#4321) ;
#4329=LINE('Line',#4326,#4328) ;
#4389=LINE('Line',#4386,#4388) ;
#4430=LINE('Line',#4427,#4429) ;
#4448=LINE('Line',#4445,#4447) ;
#4483=LINE('Line',#4480,#4482) ;
#4488=LINE('Line',#4485,#4487) ;
#4495=LINE('Line',#4492,#4494) ;
#4509=LINE('Line',#4506,#4508) ;
#4523=LINE('Line',#4520,#4522) ;
#4547=LINE('Line',#4544,#4546) ;
#4556=LINE('Line',#4553,#4555) ;
#4561=LINE('Line',#4558,#4560) ;
#4578=LINE('Line',#4575,#4577) ;
#4597=LINE('Line',#4594,#4596) ;
#4604=LINE('Line',#4601,#4603) ;
#4621=LINE('Line',#4618,#4620) ;
#4645=LINE('Line',#4642,#4644) ;
#4652=LINE('Line',#4649,#4651) ;
#4810=LINE('Line',#4807,#4809) ;
#4826=LINE('Line',#4823,#4825) ;
#4861=LINE('Line',#4858,#4860) ;
#4875=LINE('Line',#4872,#4874) ;
#4954=LINE('Line',#4951,#4953) ;
#4973=LINE('Line',#4970,#4972) ;
#5000=LINE('Line',#4997,#4999) ;
#5009=LINE('Line',#5006,#5008) ;
#5016=LINE('Line',#5013,#5015) ;
#5023=LINE('Line',#5020,#5022) ;
#5076=LINE('Line',#5073,#5075) ;
#5085=LINE('Line',#5082,#5084) ;
#5090=LINE('Line',#5087,#5089) ;
#5117=LINE('Line',#5114,#5116) ;
#5144=LINE('Line',#5141,#5143) ;
#5153=LINE('Line',#5150,#5152) ;
#5160=LINE('Line',#5157,#5159) ;
#5167=LINE('Line',#5164,#5166) ;
#5184=LINE('Line',#5181,#5183) ;
#5239=LINE('Line',#5236,#5238) ;
#5266=LINE('Line',#5263,#5265) ;
#5273=LINE('Line',#5270,#5272) ;
#5280=LINE('Line',#5277,#5279) ;
#5307=LINE('Line',#5304,#5306) ;
#5341=LINE('Line',#5338,#5340) ;
#5346=LINE('Line',#5343,#5345) ;
#5374=LINE('Line',#5371,#5373) ;
#5386=LINE('Line',#5383,#5385) ;
#5391=LINE('Line',#5388,#5390) ;
#5428=LINE('Line',#5425,#5427) ;
#5489=LINE('Line',#5486,#5488) ;
#5496=LINE('Line',#5493,#5495) ;
#5513=LINE('Line',#5510,#5512) ;
#5520=LINE('Line',#5517,#5519) ;
#5641=LINE('Line',#5638,#5640) ;
#5694=LINE('Line',#5691,#5693) ;
#5708=LINE('Line',#5705,#5707) ;
#5758=LINE('Line',#5755,#5757) ;
#5774=LINE('Line',#5771,#5773) ;
#5779=LINE('Line',#5776,#5778) ;
#5825=LINE('Line',#5822,#5824) ;
#5832=LINE('Line',#5829,#5831) ;
#5852=LINE('Line',#5849,#5851) ;
#5859=LINE('Line',#5856,#5858) ;
#5923=LINE('Line',#5920,#5922) ;
#5937=LINE('Line',#5934,#5936) ;
#6041=LINE('Line',#6038,#6040) ;
#6046=LINE('Line',#6043,#6045) ;
#6089=LINE('Line',#6086,#6088) ;
#6098=LINE('Line',#6095,#6097) ;
#6105=LINE('Line',#6102,#6104) ;
#6112=LINE('Line',#6109,#6111) ;
#6129=LINE('Line',#6126,#6128) ;
#6136=LINE('Line',#6133,#6135) ;
#6143=LINE('Line',#6140,#6142) ;
#6160=LINE('Line',#6157,#6159) ;
#6167=LINE('Line',#6164,#6166) ;
#6174=LINE('Line',#6171,#6173) ;
#6191=LINE('Line',#6188,#6190) ;
#6200=LINE('Line',#6197,#6199) ;
#6207=LINE('Line',#6204,#6206) ;
#6214=LINE('Line',#6211,#6213) ;
#6231=LINE('Line',#6228,#6230) ;
#6236=LINE('Line',#6233,#6235) ;
#6253=LINE('Line',#6250,#6252) ;
#6262=LINE('Line',#6259,#6261) ;
#6267=LINE('Line',#6264,#6266) ;
#6295=LINE('Line',#6292,#6294) ;
#6319=LINE('Line',#6316,#6318) ;
#6326=LINE('Line',#6323,#6325) ;
#6333=LINE('Line',#6330,#6332) ;
#6413=LINE('Line',#6410,#6412) ;
#6427=LINE('Line',#6424,#6426) ;
#6470=LINE('Line',#6467,#6469) ;
#6484=LINE('Line',#6481,#6483) ;
#6554=LINE('Line',#6551,#6553) ;
#6563=LINE('Line',#6560,#6562) ;
#6570=LINE('Line',#6567,#6569) ;
#6577=LINE('Line',#6574,#6576) ;
#6601=LINE('Line',#6598,#6600) ;
#6625=LINE('Line',#6622,#6624) ;
#6632=LINE('Line',#6629,#6631) ;
#6639=LINE('Line',#6636,#6638) ;
#6663=LINE('Line',#6660,#6662) ;
#6687=LINE('Line',#6684,#6686) ;
#6694=LINE('Line',#6691,#6693) ;
#6701=LINE('Line',#6698,#6700) ;
#6725=LINE('Line',#6722,#6724) ;
#6749=LINE('Line',#6746,#6748) ;
#6756=LINE('Line',#6753,#6755) ;
#6763=LINE('Line',#6760,#6762) ;
#6780=LINE('Line',#6777,#6779) ;
#6787=LINE('Line',#6784,#6786) ;
#6794=LINE('Line',#6791,#6793) ;
#6811=LINE('Line',#6808,#6810) ;
#6818=LINE('Line',#6815,#6817) ;
#6825=LINE('Line',#6822,#6824) ;
#6856=LINE('Line',#6853,#6855) ;
#6873=LINE('Line',#6870,#6872) ;
#6880=LINE('Line',#6877,#6879) ;
#6887=LINE('Line',#6884,#6886) ;
#6918=LINE('Line',#6915,#6917) ;
#6935=LINE('Line',#6932,#6934) ;
#6942=LINE('Line',#6939,#6941) ;
#6949=LINE('Line',#6946,#6948) ;
#6980=LINE('Line',#6977,#6979) ;
#6997=LINE('Line',#6994,#6996) ;
#7004=LINE('Line',#7001,#7003) ;
#7011=LINE('Line',#7008,#7010) ;
#7023=LINE('Line',#7020,#7022) ;
#7028=LINE('Line',#7025,#7027) ;
#7152=LINE('Line',#7149,#7151) ;
#7159=LINE('Line',#7156,#7158) ;
#7257=LINE('Line',#7254,#7256) ;
#7262=LINE('Line',#7259,#7261) ;
#7354=LINE('Line',#7351,#7353) ;
#7368=LINE('Line',#7365,#7367) ;
#2=MECHANICAL_CONTEXT(' ',#1,'mechanical') ;
#24=PERSONAL_ADDRESS(' ',' ',' ',' ',' ',' ',' ',' ',' ',' ',' ',' ',(#22),' ') ;
#56=PLANE('Plane',#55) ;
#209=PLANE('Plane',#208) ;
#483=PLANE('Plane',#482) ;
#523=PLANE('Plane',#522) ;
#670=PLANE('Plane',#669) ;
#846=PLANE('Plane',#845) ;
#886=PLANE('Plane',#885) ;
#901=PLANE('Plane',#900) ;
#1198=PLANE('Plane',#1197) ;
#1230=PLANE('Plane',#1229) ;
#1275=PLANE('Plane',#1274) ;
#1328=PLANE('Plane',#1327) ;
#1355=PLANE('Plane',#1354) ;
#1406=PLANE('Plane',#1405) ;
#1453=PLANE('Plane',#1452) ;
#1489=PLANE('Plane',#1488) ;
#1507=PLANE('Plane',#1506) ;
#1558=PLANE('Plane',#1557) ;
#1605=PLANE('Plane',#1604) ;
#1635=PLANE('Plane',#1634) ;
#1706=PLANE('Plane',#1705) ;
#1768=PLANE('Plane',#1767) ;
#1821=PLANE('Plane',#1820) ;
#1887=PLANE('Plane',#1886) ;
#1944=PLANE('Plane',#1943) ;
#2193=PLANE('Plane',#2192) ;
#2354=PLANE('Plane',#2353) ;
#2402=PLANE('Plane',#2401) ;
#2442=PLANE('Plane',#2441) ;
#2499=PLANE('Plane',#2498) ;
#2612=PLANE('Plane',#2611) ;
#2637=PLANE('Plane',#2636) ;
#2657=PLANE('Plane',#2656) ;
#2855=PLANE('Plane',#2854) ;
#2928=PLANE('Plane',#2927) ;
#2983=PLANE('Plane',#2982) ;
#3031=PLANE('Plane',#3030) ;
#3976=PLANE('Plane',#3975) ;
#4015=PLANE('Plane',#4014) ;
#4055=PLANE('Plane',#4054) ;
#4243=PLANE('Plane',#4242) ;
#4290=PLANE('Plane',#4289) ;
#4470=PLANE('Plane',#4469) ;
#4543=PLANE('Plane',#4542) ;
#4641=PLANE('Plane',#4640) ;
#4761=PLANE('Plane',#4760) ;
#4926=PLANE('Plane',#4925) ;
#4996=PLANE('Plane',#4995) ;
#5072=PLANE('Plane',#5071) ;
#5140=PLANE('Plane',#5139) ;
#5262=PLANE('Plane',#5261) ;
#5485=PLANE('Plane',#5484) ;
#5509=PLANE('Plane',#5508) ;
#5533=PLANE('Plane',#5532) ;
#5562=PLANE('Plane',#5561) ;
#5738=PLANE('Plane',#5737) ;
#5748=PLANE('Plane',#5747) ;
#5848=PLANE('Plane',#5847) ;
#5919=PLANE('Plane',#5918) ;
#6000=PLANE('Plane',#5999) ;
#6071=PLANE('Plane',#6070) ;
#6085=PLANE('Plane',#6084) ;
#6125=PLANE('Plane',#6124) ;
#6156=PLANE('Plane',#6155) ;
#6187=PLANE('Plane',#6186) ;
#6227=PLANE('Plane',#6226) ;
#6249=PLANE('Plane',#6248) ;
#6315=PLANE('Plane',#6314) ;
#6350=PLANE('Plane',#6349) ;
#6368=PLANE('Plane',#6367) ;
#6514=PLANE('Plane',#6513) ;
#6524=PLANE('Plane',#6523) ;
#6538=PLANE('Plane',#6537) ;
#6550=PLANE('Plane',#6549) ;
#6621=PLANE('Plane',#6620) ;
#6683=PLANE('Plane',#6682) ;
#6745=PLANE('Plane',#6744) ;
#6776=PLANE('Plane',#6775) ;
#6807=PLANE('Plane',#6806) ;
#6869=PLANE('Plane',#6868) ;
#6931=PLANE('Plane',#6930) ;
#6993=PLANE('Plane',#6992) ;
#7041=PLANE('Plane',#7040) ;
#7065=PLANE('Plane',#7064) ;
#7191=PLANE('Plane',#7190) ;
#7201=PLANE('Plane',#7200) ;
#7229=PLANE('Plane',#7228) ;
#7398=PLANE('Plane',#7397) ;
#7412=PLANE('Plane',#7411) ;
#43=PLANE_ANGLE_MEASURE_WITH_UNIT(PLANE_ANGLE_MEASURE(0.0174532925199),#42) ;
#7=PRODUCT_CATEGORY('part',$) ;
#9=PRODUCT_CATEGORY_RELATIONSHIP(' ',' ',#7,#8) ;
#6=PRODUCT_DEFINITION_FORMATION_WITH_SPECIFIED_SOURCE('',' ',#5,.NOT_KNOWN.) ;
#8=PRODUCT_RELATED_PRODUCT_CATEGORY('detail',$,(#5)) ;
#50=SHAPE_DEFINITION_REPRESENTATION(#40,#49) ;
#4120=SPHERICAL_SURFACE('',#4119,0.5) ;
#4158=SPHERICAL_SURFACE('',#4157,0.5) ;
#62=VERTEX_POINT('',#61) ;
#64=VERTEX_POINT('',#63) ;
#71=VERTEX_POINT('',#70) ;
#78=VERTEX_POINT('',#77) ;
#102=VERTEX_POINT('',#101) ;
#104=VERTEX_POINT('',#103) ;
#111=VERTEX_POINT('',#110) ;
#118=VERTEX_POINT('',#117) ;
#125=VERTEX_POINT('',#124) ;
#132=VERTEX_POINT('',#131) ;
#175=VERTEX_POINT('',#174) ;
#177=VERTEX_POINT('',#176) ;
#184=VERTEX_POINT('',#183) ;
#191=VERTEX_POINT('',#190) ;
#215=VERTEX_POINT('',#214) ;
#222=VERTEX_POINT('',#221) ;
#244=VERTEX_POINT('',#243) ;
#251=VERTEX_POINT('',#250) ;
#292=VERTEX_POINT('',#291) ;
#299=VERTEX_POINT('',#298) ;
#318=VERTEX_POINT('',#317) ;
#325=VERTEX_POINT('',#324) ;
#344=VERTEX_POINT('',#343) ;
#346=VERTEX_POINT('',#345) ;
#353=VERTEX_POINT('',#352) ;
#360=VERTEX_POINT('',#359) ;
#379=VERTEX_POINT('',#378) ;
#381=VERTEX_POINT('',#380) ;
#388=VERTEX_POINT('',#387) ;
#395=VERTEX_POINT('',#394) ;
#414=VERTEX_POINT('',#413) ;
#416=VERTEX_POINT('',#415) ;
#423=VERTEX_POINT('',#422) ;
#430=VERTEX_POINT('',#429) ;
#449=VERTEX_POINT('',#448) ;
#451=VERTEX_POINT('',#450) ;
#458=VERTEX_POINT('',#457) ;
#465=VERTEX_POINT('',#464) ;
#489=VERTEX_POINT('',#488) ;
#491=VERTEX_POINT('',#490) ;
#498=VERTEX_POINT('',#497) ;
#505=VERTEX_POINT('',#504) ;
#529=VERTEX_POINT('',#528) ;
#536=VERTEX_POINT('',#535) ;
#543=VERTEX_POINT('',#542) ;
#550=VERTEX_POINT('',#549) ;
#557=VERTEX_POINT('',#556) ;
#564=VERTEX_POINT('',#563) ;
#571=VERTEX_POINT('',#570) ;
#621=VERTEX_POINT('',#620) ;
#623=VERTEX_POINT('',#622) ;
#630=VERTEX_POINT('',#629) ;
#680=VERTEX_POINT('',#679) ;
#682=VERTEX_POINT('',#681) ;
#699=VERTEX_POINT('',#698) ;
#726=VERTEX_POINT('',#725) ;
#733=VERTEX_POINT('',#732) ;
#753=VERTEX_POINT('',#752) ;
#798=VERTEX_POINT('',#797) ;
#800=VERTEX_POINT('',#799) ;
#807=VERTEX_POINT('',#806) ;
#852=VERTEX_POINT('',#851) ;
#854=VERTEX_POINT('',#853) ;
#861=VERTEX_POINT('',#860) ;
#868=VERTEX_POINT('',#867) ;
#916=VERTEX_POINT('',#915) ;
#941=VERTEX_POINT('',#940) ;
#943=VERTEX_POINT('',#942) ;
#950=VERTEX_POINT('',#949) ;
#962=VERTEX_POINT('',#961) ;
#969=VERTEX_POINT('',#968) ;
#976=VERTEX_POINT('',#975) ;
#983=VERTEX_POINT('',#982) ;
#990=VERTEX_POINT('',#989) ;
#997=VERTEX_POINT('',#996) ;
#1004=VERTEX_POINT('',#1003) ;
#1011=VERTEX_POINT('',#1010) ;
#1039=VERTEX_POINT('',#1038) ;
#1041=VERTEX_POINT('',#1040) ;
#1048=VERTEX_POINT('',#1047) ;
#1055=VERTEX_POINT('',#1054) ;
#1062=VERTEX_POINT('',#1061) ;
#1082=VERTEX_POINT('',#1081) ;
#1084=VERTEX_POINT('',#1083) ;
#1101=VERTEX_POINT('',#1100) ;
#1108=VERTEX_POINT('',#1107) ;
#1116=VERTEX_POINT('',#1115) ;
#1156=VERTEX_POINT('',#1155) ;
#1158=VERTEX_POINT('',#1157) ;
#1165=VERTEX_POINT('',#1164) ;
#1172=VERTEX_POINT('',#1171) ;
#1179=VERTEX_POINT('',#1178) ;
#1205=VERTEX_POINT('',#1204) ;
#1207=VERTEX_POINT('',#1206) ;
#1249=VERTEX_POINT('',#1248) ;
#1256=VERTEX_POINT('',#1255) ;
#1281=VERTEX_POINT('',#1280) ;
#1309=VERTEX_POINT('',#1308) ;
#1337=VERTEX_POINT('',#1336) ;
#1362=VERTEX_POINT('',#1361) ;
#1364=VERTEX_POINT('',#1363) ;
#1388=VERTEX_POINT('',#1387) ;
#1412=VERTEX_POINT('',#1411) ;
#1434=VERTEX_POINT('',#1433) ;
#1471=VERTEX_POINT('',#1470) ;
#1514=VERTEX_POINT('',#1513) ;
#1516=VERTEX_POINT('',#1515) ;
#1540=VERTEX_POINT('',#1539) ;
#1564=VERTEX_POINT('',#1563) ;
#1586=VERTEX_POINT('',#1585) ;
#1641=VERTEX_POINT('',#1640) ;
#1643=VERTEX_POINT('',#1642) ;
#1650=VERTEX_POINT('',#1649) ;
#1657=VERTEX_POINT('',#1656) ;
#1681=VERTEX_POINT('',#1680) ;
#1688=VERTEX_POINT('',#1687) ;
#1712=VERTEX_POINT('',#1711) ;
#1719=VERTEX_POINT('',#1718) ;
#1743=VERTEX_POINT('',#1742) ;
#1750=VERTEX_POINT('',#1749) ;
#1774=VERTEX_POINT('',#1773) ;
#1781=VERTEX_POINT('',#1780) ;
#1827=VERTEX_POINT('',#1826) ;
#1829=VERTEX_POINT('',#1828) ;
#1836=VERTEX_POINT('',#1835) ;
#1843=VERTEX_POINT('',#1842) ;
#1862=VERTEX_POINT('',#1861) ;
#1869=VERTEX_POINT('',#1868) ;
#1893=VERTEX_POINT('',#1892) ;
#1900=VERTEX_POINT('',#1899) ;
#1919=VERTEX_POINT('',#1918) ;
#1926=VERTEX_POINT('',#1925) ;
#1950=VERTEX_POINT('',#1949) ;
#1952=VERTEX_POINT('',#1951) ;
#2003=VERTEX_POINT('',#2002) ;
#2005=VERTEX_POINT('',#2004) ;
#2012=VERTEX_POINT('',#2011) ;
#2019=VERTEX_POINT('',#2018) ;
#2038=VERTEX_POINT('',#2037) ;
#2045=VERTEX_POINT('',#2044) ;
#2064=VERTEX_POINT('',#2063) ;
#2071=VERTEX_POINT('',#2070) ;
#2090=VERTEX_POINT('',#2089) ;
#2097=VERTEX_POINT('',#2096) ;
#2116=VERTEX_POINT('',#2115) ;
#2123=VERTEX_POINT('',#2122) ;
#2142=VERTEX_POINT('',#2141) ;
#2149=VERTEX_POINT('',#2148) ;
#2168=VERTEX_POINT('',#2167) ;
#2175=VERTEX_POINT('',#2174) ;
#2199=VERTEX_POINT('',#2198) ;
#2206=VERTEX_POINT('',#2205) ;
#2242=VERTEX_POINT('',#2241) ;
#2244=VERTEX_POINT('',#2243) ;
#2251=VERTEX_POINT('',#2250) ;
#2258=VERTEX_POINT('',#2257) ;
#2277=VERTEX_POINT('',#2276) ;
#2284=VERTEX_POINT('',#2283) ;
#2303=VERTEX_POINT('',#2302) ;
#2310=VERTEX_POINT('',#2309) ;
#2329=VERTEX_POINT('',#2328) ;
#2336=VERTEX_POINT('',#2335) ;
#2360=VERTEX_POINT('',#2359) ;
#2367=VERTEX_POINT('',#2366) ;
#2408=VERTEX_POINT('',#2407) ;
#2410=VERTEX_POINT('',#2409) ;
#2417=VERTEX_POINT('',#2416) ;
#2424=VERTEX_POINT('',#2423) ;
#2448=VERTEX_POINT('',#2447) ;
#2455=VERTEX_POINT('',#2454) ;
#2474=VERTEX_POINT('',#2473) ;
#2481=VERTEX_POINT('',#2480) ;
#2584=VERTEX_POINT('',#2583) ;
#2591=VERTEX_POINT('',#2590) ;
#2663=VERTEX_POINT('',#2662) ;
#2670=VERTEX_POINT('',#2669) ;
#2677=VERTEX_POINT('',#2676) ;
#2684=VERTEX_POINT('',#2683) ;
#2691=VERTEX_POINT('',#2690) ;
#2698=VERTEX_POINT('',#2697) ;
#2729=VERTEX_POINT('',#2728) ;
#2736=VERTEX_POINT('',#2735) ;
#2760=VERTEX_POINT('',#2759) ;
#2784=VERTEX_POINT('',#2783) ;
#2808=VERTEX_POINT('',#2807) ;
#2835=VERTEX_POINT('',#2834) ;
#2861=VERTEX_POINT('',#2860) ;
#2863=VERTEX_POINT('',#2862) ;
#2870=VERTEX_POINT('',#2869) ;
#2877=VERTEX_POINT('',#2876) ;
#2884=VERTEX_POINT('',#2883) ;
#2891=VERTEX_POINT('',#2890) ;
#2903=VERTEX_POINT('',#2902) ;
#2934=VERTEX_POINT('',#2933) ;
#2936=VERTEX_POINT('',#2935) ;
#2965=VERTEX_POINT('',#2964) ;
#2989=VERTEX_POINT('',#2988) ;
#3013=VERTEX_POINT('',#3012) ;
#3037=VERTEX_POINT('',#3036) ;
#3156=VERTEX_POINT('',#3155) ;
#3158=VERTEX_POINT('',#3157) ;
#3170=VERTEX_POINT('',#3169) ;
#3177=VERTEX_POINT('',#3176) ;
#3224=VERTEX_POINT('',#3223) ;
#3231=VERTEX_POINT('',#3230) ;
#3273=VERTEX_POINT('',#3272) ;
#3275=VERTEX_POINT('',#3274) ;
#3283=VERTEX_POINT('',#3282) ;
#3348=VERTEX_POINT('',#3347) ;
#3350=VERTEX_POINT('',#3349) ;
#3358=VERTEX_POINT('',#3357) ;
#3368=VERTEX_POINT('',#3367) ;
#3426=VERTEX_POINT('',#3425) ;
#3428=VERTEX_POINT('',#3427) ;
#3494=VERTEX_POINT('',#3493) ;
#3568=VERTEX_POINT('',#3567) ;
#3570=VERTEX_POINT('',#3569) ;
#3578=VERTEX_POINT('',#3577) ;
#3586=VERTEX_POINT('',#3585) ;
#3593=VERTEX_POINT('',#3592) ;
#3600=VERTEX_POINT('',#3599) ;
#3626=VERTEX_POINT('',#3625) ;
#3640=VERTEX_POINT('',#3639) ;
#3700=VERTEX_POINT('',#3699) ;
#3702=VERTEX_POINT('',#3701) ;
#3766=VERTEX_POINT('',#3765) ;
#3768=VERTEX_POINT('',#3767) ;
#3776=VERTEX_POINT('',#3775) ;
#3902=VERTEX_POINT('',#3901) ;
#3904=VERTEX_POINT('',#3903) ;
#3956=VERTEX_POINT('',#3955) ;
#3982=VERTEX_POINT('',#3981) ;
#3994=VERTEX_POINT('',#3993) ;
#4021=VERTEX_POINT('',#4020) ;
#4023=VERTEX_POINT('',#4022) ;
#4030=VERTEX_POINT('',#4029) ;
#4037=VERTEX_POINT('',#4036) ;
#4061=VERTEX_POINT('',#4060) ;
#4209=VERTEX_POINT('',#4208) ;
#4216=VERTEX_POINT('',#4215) ;
#4258=VERTEX_POINT('',#4257) ;
#4271=VERTEX_POINT('',#4270) ;
#4296=VERTEX_POINT('',#4295) ;
#4303=VERTEX_POINT('',#4302) ;
#4310=VERTEX_POINT('',#4309) ;
#4317=VERTEX_POINT('',#4316) ;
#4324=VERTEX_POINT('',#4323) ;
#4353=VERTEX_POINT('',#4352) ;
#4360=VERTEX_POINT('',#4359) ;
#4384=VERTEX_POINT('',#4383) ;
#4408=VERTEX_POINT('',#4407) ;
#4450=VERTEX_POINT('',#4449) ;
#4476=VERTEX_POINT('',#4475) ;
#4478=VERTEX_POINT('',#4477) ;
#4490=VERTEX_POINT('',#4489) ;
#4497=VERTEX_POINT('',#4496) ;
#4504=VERTEX_POINT('',#4503) ;
#4511=VERTEX_POINT('',#4510) ;
#4518=VERTEX_POINT('',#4517) ;
#4549=VERTEX_POINT('',#4548) ;
#4551=VERTEX_POINT('',#4550) ;
#4580=VERTEX_POINT('',#4579) ;
#4599=VERTEX_POINT('',#4598) ;
#4623=VERTEX_POINT('',#4622) ;
#4647=VERTEX_POINT('',#4646) ;
#4812=VERTEX_POINT('',#4811) ;
#4814=VERTEX_POINT('',#4813) ;
#4821=VERTEX_POINT('',#4820) ;
#4828=VERTEX_POINT('',#4827) ;
#4835=VERTEX_POINT('',#4834) ;
#4842=VERTEX_POINT('',#4841) ;
#4849=VERTEX_POINT('',#4848) ;
#4856=VERTEX_POINT('',#4855) ;
#4863=VERTEX_POINT('',#4862) ;
#4870=VERTEX_POINT('',#4869) ;
#4877=VERTEX_POINT('',#4876) ;
#4884=VERTEX_POINT('',#4883) ;
#4891=VERTEX_POINT('',#4890) ;
#4898=VERTEX_POINT('',#4897) ;
#4932=VERTEX_POINT('',#4931) ;
#4934=VERTEX_POINT('',#4933) ;
#4956=VERTEX_POINT('',#4955) ;
#4958=VERTEX_POINT('',#4957) ;
#4968=VERTEX_POINT('',#4967) ;
#4975=VERTEX_POINT('',#4974) ;
#5002=VERTEX_POINT('',#5001) ;
#5004=VERTEX_POINT('',#5003) ;
#5011=VERTEX_POINT('',#5010) ;
#5018=VERTEX_POINT('',#5017) ;
#5052=VERTEX_POINT('',#5051) ;
#5078=VERTEX_POINT('',#5077) ;
#5080=VERTEX_POINT('',#5079) ;
#5112=VERTEX_POINT('',#5111) ;
#5119=VERTEX_POINT('',#5118) ;
#5146=VERTEX_POINT('',#5145) ;
#5148=VERTEX_POINT('',#5147) ;
#5155=VERTEX_POINT('',#5154) ;
#5162=VERTEX_POINT('',#5161) ;
#5186=VERTEX_POINT('',#5185) ;
#5188=VERTEX_POINT('',#5187) ;
#5205=VERTEX_POINT('',#5204) ;
#5234=VERTEX_POINT('',#5233) ;
#5241=VERTEX_POINT('',#5240) ;
#5268=VERTEX_POINT('',#5267) ;
#5275=VERTEX_POINT('',#5274) ;
#5302=VERTEX_POINT('',#5301) ;
#5309=VERTEX_POINT('',#5308) ;
#5336=VERTEX_POINT('',#5335) ;
#5362=VERTEX_POINT('',#5361) ;
#5364=VERTEX_POINT('',#5363) ;
#5381=VERTEX_POINT('',#5380) ;
#5393=VERTEX_POINT('',#5392) ;
#5423=VERTEX_POINT('',#5422) ;
#5444=VERTEX_POINT('',#5443) ;
#5446=VERTEX_POINT('',#5445) ;
#5491=VERTEX_POINT('',#5490) ;
#5515=VERTEX_POINT('',#5514) ;
#5568=VERTEX_POINT('',#5567) ;
#5570=VERTEX_POINT('',#5569) ;
#5582=VERTEX_POINT('',#5581) ;
#5607=VERTEX_POINT('',#5606) ;
#5614=VERTEX_POINT('',#5613) ;
#5687=VERTEX_POINT('',#5686) ;
#5689=VERTEX_POINT('',#5688) ;
#5696=VERTEX_POINT('',#5695) ;
#5703=VERTEX_POINT('',#5702) ;
#5760=VERTEX_POINT('',#5759) ;
#5762=VERTEX_POINT('',#5761) ;
#5769=VERTEX_POINT('',#5768) ;
#5781=VERTEX_POINT('',#5780) ;
#5827=VERTEX_POINT('',#5826) ;
#5854=VERTEX_POINT('',#5853) ;
#5925=VERTEX_POINT('',#5924) ;
#5932=VERTEX_POINT('',#5931) ;
#6010=VERTEX_POINT('',#6009) ;
#6012=VERTEX_POINT('',#6011) ;
#6034=VERTEX_POINT('',#6033) ;
#6036=VERTEX_POINT('',#6035) ;
#6091=VERTEX_POINT('',#6090) ;
#6093=VERTEX_POINT('',#6092) ;
#6100=VERTEX_POINT('',#6099) ;
#6107=VERTEX_POINT('',#6106) ;
#6131=VERTEX_POINT('',#6130) ;
#6138=VERTEX_POINT('',#6137) ;
#6162=VERTEX_POINT('',#6161) ;
#6169=VERTEX_POINT('',#6168) ;
#6193=VERTEX_POINT('',#6192) ;
#6195=VERTEX_POINT('',#6194) ;
#6202=VERTEX_POINT('',#6201) ;
#6209=VERTEX_POINT('',#6208) ;
#6255=VERTEX_POINT('',#6254) ;
#6257=VERTEX_POINT('',#6256) ;
#6290=VERTEX_POINT('',#6289) ;
#6297=VERTEX_POINT('',#6296) ;
#6321=VERTEX_POINT('',#6320) ;
#6328=VERTEX_POINT('',#6327) ;
#6406=VERTEX_POINT('',#6405) ;
#6408=VERTEX_POINT('',#6407) ;
#6415=VERTEX_POINT('',#6414) ;
#6422=VERTEX_POINT('',#6421) ;
#6463=VERTEX_POINT('',#6462) ;
#6465=VERTEX_POINT('',#6464) ;
#6472=VERTEX_POINT('',#6471) ;
#6479=VERTEX_POINT('',#6478) ;
#6556=VERTEX_POINT('',#6555) ;
#6558=VERTEX_POINT('',#6557) ;
#6565=VERTEX_POINT('',#6564) ;
#6572=VERTEX_POINT('',#6571) ;
#6596=VERTEX_POINT('',#6595) ;
#6603=VERTEX_POINT('',#6602) ;
#6627=VERTEX_POINT('',#6626) ;
#6634=VERTEX_POINT('',#6633) ;
#6658=VERTEX_POINT('',#6657) ;
#6665=VERTEX_POINT('',#6664) ;
#6689=VERTEX_POINT('',#6688) ;
#6696=VERTEX_POINT('',#6695) ;
#6720=VERTEX_POINT('',#6719) ;
#6727=VERTEX_POINT('',#6726) ;
#6751=VERTEX_POINT('',#6750) ;
#6758=VERTEX_POINT('',#6757) ;
#6782=VERTEX_POINT('',#6781) ;
#6789=VERTEX_POINT('',#6788) ;
#6813=VERTEX_POINT('',#6812) ;
#6820=VERTEX_POINT('',#6819) ;
#6844=VERTEX_POINT('',#6843) ;
#6851=VERTEX_POINT('',#6850) ;
#6875=VERTEX_POINT('',#6874) ;
#6882=VERTEX_POINT('',#6881) ;
#6906=VERTEX_POINT('',#6905) ;
#6913=VERTEX_POINT('',#6912) ;
#6937=VERTEX_POINT('',#6936) ;
#6944=VERTEX_POINT('',#6943) ;
#6968=VERTEX_POINT('',#6967) ;
#6975=VERTEX_POINT('',#6974) ;
#6999=VERTEX_POINT('',#6998) ;
#7006=VERTEX_POINT('',#7005) ;
#7097=VERTEX_POINT('',#7096) ;
#7099=VERTEX_POINT('',#7098) ;
#7106=VERTEX_POINT('',#7105) ;
#7113=VERTEX_POINT('',#7112) ;
#7154=VERTEX_POINT('',#7153) ;
#7161=VERTEX_POINT('',#7160) ;
#7207=VERTEX_POINT('',#7206) ;
#7209=VERTEX_POINT('',#7208) ;
#7235=VERTEX_POINT('',#7234) ;
#7237=VERTEX_POINT('',#7236) ;
#7290=VERTEX_POINT('',#7289) ;
#7292=VERTEX_POINT('',#7291) ;
#7299=VERTEX_POINT('',#7298) ;
#7306=VERTEX_POINT('',#7305) ;
#7347=VERTEX_POINT('',#7346) ;
#7349=VERTEX_POINT('',#7348) ;
#7356=VERTEX_POINT('',#7355) ;
#7363=VERTEX_POINT('',#7362) ;
#41=(LENGTH_UNIT()NAMED_UNIT(*)SI_UNIT(.MILLI.,.METRE.)) ;
#42=(NAMED_UNIT(*)PLANE_ANGLE_UNIT()SI_UNIT($,.RADIAN.)) ;
#44=(NAMED_UNIT(*)SI_UNIT($,.STERADIAN.)SOLID_ANGLE_UNIT()) ;
#46=(GEOMETRIC_REPRESENTATION_CONTEXT(3)GLOBAL_UNCERTAINTY_ASSIGNED_CONTEXT((#45))GLOBAL_UNIT_ASSIGNED_CONTEXT((#41,#42,#44))REPRESENTATION_CONTEXT(' ',' ')) ;
ENDSEC;
END-ISO-10303-21;
