START RECORD GO HERE.                                                   S      1
1H,,1H;,20HCNEXT - IGES PRODUCT,16HBA15s_Socket.igs,44HIBM CATIA IGES - G      1
CATIA Version 5 Release 19 ,27HCATIA Version 5 Release 19 ,32,75,6,75,  G      2
15,12HBA15s_Socket,1.0,2,2HMM,1000,1.0,15H20251004.105440,0.001,10000.0,G      3
5Hjirka,15HDESKTOP-63MAHHD,11,0,15H20251004.105440,;                    G      4
     108       1       0       0       0       0       0       001010001D      1
     108       0       0       1       0                               0D      2
     110       2       0       0       0       0       0       001010001D      3
     110       0       0       1       0                               0D      4
     110       3       0       0       0       0       0       001010001D      5
     110       0       0       1       0                               0D      6
     110       4       0       0       0       0       0       001010001D      7
     110       0       0       1       0                               0D      8
     110       5       0       0       0       0       0       001010001D      9
     110       0       0       1       0                               0D     10
     102       6       0       0       0       0       0       001010001D     11
     102       0       0       1       0                               0D     12
     142       7       0       0       0       0       0       001010001D     13
     142       0       0       1       0                               0D     14
     144       8       0       0   10000       0       0       000000000D     15
     144       0       0       1       0                PartBody       0D     16
     110       9       0       0       0       0       0       001010001D     17
     110       0       0       1       0                               0D     18
     110      10       0       0       0       0       0       001010001D     19
     110       0       0       2       0                               0D     20
     120      12       0       0       0       0       0       001010001D     21
     120       0       0       1       0                               0D     22
     110      13       0       0       0       0       0       001010001D     23
     110       0       0       2       0                               0D     24
     124      15       0       0       0       0       0       001020201D     25
     124       0       0       2       0                               0D     26
     100      17       0       0       0       0      25       001010001D     27
     100       0       0       1       0                               0D     28
     124      18       0       0       0       0       0       001020201D     29
     124       0       0       2       0                               0D     30
     100      20       0       0       0       0      29       001010001D     31
     100       0       0       1       0                               0D     32
     124      21       0       0       0       0       0       001020201D     33
     124       0       0       2       0                               0D     34
     100      23       0       0       0       0      33       001010001D     35
     100       0       0       1       0                               0D     36
     110      24       0       0       0       0       0       001010001D     37
     110       0       0       2       0                               0D     38
     124      26       0       0       0       0       0       001020201D     39
     124       0       0       2       0                               0D     40
     100      28       0       0       0       0      39       001010001D     41
     100       0       0       1       0                               0D     42
     102      29       0       0       0       0       0       001010001D     43
     102       0       0       1       0                               0D     44
     142      30       0       0       0       0       0       001010001D     45
     142       0       0       1       0                               0D     46
     144      31       0       0   10000       0       0       000000000D     47
     144       0       0       1       0                PartBody       0D     48
     110      32       0       0       0       0       0       001010001D     49
     110       0       0       1       0                               0D     50
     110      33       0       0       0       0       0       001010001D     51
     110       0       0       2       0                               0D     52
     120      35       0       0       0       0       0       001010001D     53
     120       0       0       1       0                               0D     54
     110      36       0       0       0       0       0       001010001D     55
     110       0       0       2       0                               0D     56
     124      38       0       0       0       0       0       001020201D     57
     124       0       0       2       0                               0D     58
     100      40       0       0       0       0      57       001010001D     59
     100       0       0       1       0                               0D     60
     110      41       0       0       0       0       0       001010001D     61
     110       0       0       2       0                               0D     62
     124      43       0       0       0       0       0       001020201D     63
     124       0       0       2       0                               0D     64
     100      45       0       0       0       0      63       001010001D     65
     100       0       0       1       0                               0D     66
     102      46       0       0       0       0       0       001010001D     67
     102       0       0       1       0                               0D     68
     142      47       0       0       0       0       0       001010001D     69
     142       0       0       1       0                               0D     70
     144      48       0       0   10000       0       0       000000000D     71
     144       0       0       1       0                PartBody       0D     72
     110      49       0       0       0       0       0       001010001D     73
     110       0       0       1       0                               0D     74
     110      50       0       0       0       0       0       001010001D     75
     110       0       0       1       0                               0D     76
     120      51       0       0       0       0       0       001010001D     77
     120       0       0       1       0                               0D     78
     110      52       0       0       0       0       0       001010001D     79
     110       0       0       1       0                               0D     80
     124      53       0       0       0       0       0       001020201D     81
     124       0       0       2       0                               0D     82
     100      55       0       0       0       0      81       001010001D     83
     100       0       0       1       0                               0D     84
     110      56       0       0       0       0       0       001010001D     85
     110       0       0       1       0                               0D     86
     124      57       0       0       0       0       0       001020201D     87
     124       0       0       2       0                               0D     88
     100      59       0       0       0       0      87       001010001D     89
     100       0       0       1       0                               0D     90
     102      60       0       0       0       0       0       001010001D     91
     102       0       0       1       0                               0D     92
     142      61       0       0       0       0       0       001010001D     93
     142       0       0       1       0                               0D     94
     144      62       0       0   10000       0       0       000000000D     95
     144       0       0       1       0                PartBody       0D     96
     108      63       0       0       0       0       0       001010001D     97
     108       0       0       2       0                               0D     98
     110      65       0       0       0       0       0       001010001D     99
     110       0       0       1       0                               0D    100
     126      66       0       0       0       0       0       001010001D    101
     126       0       0      17       0                               0D    102
     110      83       0       0       0       0       0       001010001D    103
     110       0       0       2       0                               0D    104
     126      85       0       0       0       0       0       001010001D    105
     126       0       0      17       0                               0D    106
     110     102       0       0       0       0       0       001010001D    107
     110       0       0       1       0                               0D    108
     110     103       0       0       0       0       0       001010001D    109
     110       0       0       1       0                               0D    110
     102     104       0       0       0       0       0       001010001D    111
     102       0       0       1       0                               0D    112
     142     105       0       0       0       0       0       001010001D    113
     142       0       0       1       0                               0D    114
     144     106       0       0   10000       0       0       000000000D    115
     144       0       0       1       0                PartBody       0D    116
     110     107       0       0       0       0       0       001010001D    117
     110       0       0       1       0                               0D    118
     110     108       0       0       0       0       0       001010001D    119
     110       0       0       2       0                               0D    120
     120     110       0       0       0       0       0       001010001D    121
     120       0       0       1       0                               0D    122
     110     111       0       0       0       0       0       001010001D    123
     110       0       0       1       0                               0D    124
     124     112       0       0       0       0       0       001020201D    125
     124       0       0       2       0                               0D    126
     100     114       0       0       0       0     125       001010001D    127
     100       0       0       1       0                               0D    128
     110     115       0       0       0       0       0       001010001D    129
     110       0       0       2       0                               0D    130
     124     117       0       0       0       0       0       001020201D    131
     124       0       0       2       0                               0D    132
     100     119       0       0       0       0     131       001010001D    133
     100       0       0       1       0                               0D    134
     102     120       0       0       0       0       0       001010001D    135
     102       0       0       1       0                               0D    136
     142     121       0       0       0       0       0       001010001D    137
     142       0       0       1       0                               0D    138
     144     122       0       0   10000       0       0       000000000D    139
     144       0       0       1       0                PartBody       0D    140
     110     123       0       0       0       0       0       001010001D    141
     110       0       0       1       0                               0D    142
     110     124       0       0       0       0       0       001010001D    143
     110       0       0       1       0                               0D    144
     120     125       0       0       0       0       0       001010001D    145
     120       0       0       1       0                               0D    146
     110     126       0       0       0       0       0       001010001D    147
     110       0       0       1       0                               0D    148
     124     127       0       0       0       0       0       001020201D    149
     124       0       0       2       0                               0D    150
     100     129       0       0       0       0     149       001010001D    151
     100       0       0       1       0                               0D    152
     110     130       0       0       0       0       0       001010001D    153
     110       0       0       2       0                               0D    154
     124     132       0       0       0       0       0       001020201D    155
     124       0       0       2       0                               0D    156
     100     134       0       0       0       0     155       001010001D    157
     100       0       0       1       0                               0D    158
     102     135       0       0       0       0       0       001010001D    159
     102       0       0       1       0                               0D    160
     142     136       0       0       0       0       0       001010001D    161
     142       0       0       1       0                               0D    162
     144     137       0       0   10000       0       0       000000000D    163
     144       0       0       1       0                PartBody       0D    164
     110     138       0       0       0       0       0       001010001D    165
     110       0       0       1       0                               0D    166
     110     139       0       0       0       0       0       001010001D    167
     110       0       0       2       0                               0D    168
     120     141       0       0       0       0       0       001010001D    169
     120       0       0       1       0                               0D    170
     124     142       0       0       0       0       0       001020201D    171
     124       0       0       2       0                               0D    172
     100     144       0       0       0       0     171       001010001D    173
     100       0       0       1       0                               0D    174
     110     145       0       0       0       0       0       001010001D    175
     110       0       0       1       0                               0D    176
     124     146       0       0       0       0       0       001020201D    177
     124       0       0       2       0                               0D    178
     100     148       0       0       0       0     177       001010001D    179
     100       0       0       1       0                               0D    180
     110     149       0       0       0       0       0       001010001D    181
     110       0       0       2       0                               0D    182
     102     151       0       0       0       0       0       001010001D    183
     102       0       0       1       0                               0D    184
     142     152       0       0       0       0       0       001010001D    185
     142       0       0       1       0                               0D    186
     144     153       0       0   10000       0       0       000000000D    187
     144       0       0       1       0                PartBody       0D    188
     110     154       0       0       0       0       0       001010001D    189
     110       0       0       1       0                               0D    190
     110     155       0       0       0       0       0       001010001D    191
     110       0       0       1       0                               0D    192
     120     156       0       0       0       0       0       001010001D    193
     120       0       0       1       0                               0D    194
     110     157       0       0       0       0       0       001010001D    195
     110       0       0       1       0                               0D    196
     124     158       0       0       0       0       0       001020201D    197
     124       0       0       2       0                               0D    198
     100     160       0       0       0       0     197       001010001D    199
     100       0       0       1       0                               0D    200
     110     161       0       0       0       0       0       001010001D    201
     110       0       0       2       0                               0D    202
     124     163       0       0       0       0       0       001020201D    203
     124       0       0       2       0                               0D    204
     100     165       0       0       0       0     203       001010001D    205
     100       0       0       1       0                               0D    206
     102     166       0       0       0       0       0       001010001D    207
     102       0       0       1       0                               0D    208
     142     167       0       0       0       0       0       001010001D    209
     142       0       0       1       0                               0D    210
     144     168       0       0   10000       0       0       000000000D    211
     144       0       0       1       0                PartBody       0D    212
     110     169       0       0       0       0       0       001010001D    213
     110       0       0       1       0                               0D    214
     110     170       0       0       0       0       0       001010001D    215
     110       0       0       1       0                               0D    216
     120     171       0       0       0       0       0       001010001D    217
     120       0       0       1       0                               0D    218
     110     172       0       0       0       0       0       001010001D    219
     110       0       0       1       0                               0D    220
     124     173       0       0       0       0       0       001020201D    221
     124       0       0       2       0                               0D    222
     100     175       0       0       0       0     221       001010001D    223
     100       0       0       1       0                               0D    224
     110     176       0       0       0       0       0       001010001D    225
     110       0       0       1       0                               0D    226
     124     177       0       0       0       0       0       001020201D    227
     124       0       0       2       0                               0D    228
     100     179       0       0       0       0     227       001010001D    229
     100       0       0       1       0                               0D    230
     102     180       0       0       0       0       0       001010001D    231
     102       0       0       1       0                               0D    232
     142     181       0       0       0       0       0       001010001D    233
     142       0       0       1       0                               0D    234
     144     182       0       0   10000       0       0       000000000D    235
     144       0       0       1       0                PartBody       0D    236
     110     183       0       0       0       0       0       001010001D    237
     110       0       0       1       0                               0D    238
     110     184       0       0       0       0       0       001010001D    239
     110       0       0       1       0                               0D    240
     120     185       0       0       0       0       0       001010001D    241
     120       0       0       1       0                               0D    242
     110     186       0       0       0       0       0       001010001D    243
     110       0       0       1       0                               0D    244
     124     187       0       0       0       0       0       001020201D    245
     124       0       0       2       0                               0D    246
     100     189       0       0       0       0     245       001010001D    247
     100       0       0       1       0                               0D    248
     110     190       0       0       0       0       0       001010001D    249
     110       0       0       1       0                               0D    250
     124     191       0       0       0       0       0       001020201D    251
     124       0       0       2       0                               0D    252
     100     193       0       0       0       0     251       001010001D    253
     100       0       0       1       0                               0D    254
     102     194       0       0       0       0       0       001010001D    255
     102       0       0       1       0                               0D    256
     142     195       0       0       0       0       0       001010001D    257
     142       0       0       1       0                               0D    258
     144     196       0       0   10000       0       0       000000000D    259
     144       0       0       1       0                PartBody       0D    260
     108     197       0       0       0       0       0       001010001D    261
     108       0       0       1       0                               0D    262
     110     198       0       0       0       0       0       001010001D    263
     110       0       0       1       0                               0D    264
     110     199       0       0       0       0       0       001010001D    265
     110       0       0       1       0                               0D    266
     110     200       0       0       0       0       0       001010001D    267
     110       0       0       1       0                               0D    268
     110     201       0       0       0       0       0       001010001D    269
     110       0       0       1       0                               0D    270
     102     202       0       0       0       0       0       001010001D    271
     102       0       0       1       0                               0D    272
     142     203       0       0       0       0       0       001010001D    273
     142       0       0       1       0                               0D    274
     144     204       0       0   10000       0       0       000000000D    275
     144       0       0       1       0                PartBody       0D    276
     108     205       0       0       0       0       0       001010001D    277
     108       0       0       1       0                               0D    278
     124     206       0       0       0       0       0       001020201D    279
     124       0       0       2       0                               0D    280
     100     208       0       0       0       0     279       001010001D    281
     100       0       0       1       0                               0D    282
     124     209       0       0       0       0       0       001020201D    283
     124       0       0       2       0                               0D    284
     100     211       0       0       0       0     283       001010001D    285
     100       0       0       1       0                               0D    286
     124     212       0       0       0       0       0       001020201D    287
     124       0       0       2       0                               0D    288
     100     214       0       0       0       0     287       001010001D    289
     100       0       0       1       0                               0D    290
     124     215       0       0       0       0       0       001020201D    291
     124       0       0       2       0                               0D    292
     100     217       0       0       0       0     291       001010001D    293
     100       0       0       1       0                               0D    294
     110     218       0       0       0       0       0       001010001D    295
     110       0       0       1       0                               0D    296
     124     219       0       0       0       0       0       001020201D    297
     124       0       0       2       0                               0D    298
     100     221       0       0       0       0     297       001010001D    299
     100       0       0       1       0                               0D    300
     110     222       0       0       0       0       0       001010001D    301
     110       0       0       1       0                               0D    302
     110     223       0       0       0       0       0       001010001D    303
     110       0       0       1       0                               0D    304
     110     224       0       0       0       0       0       001010001D    305
     110       0       0       1       0                               0D    306
     102     225       0       0       0       0       0       001010001D    307
     102       0       0       1       0                               0D    308
     142     226       0       0       0       0       0       001010001D    309
     142       0       0       1       0                               0D    310
     144     227       0       0   10000       0       0       000000000D    311
     144       0       0       1       0                PartBody       0D    312
     110     228       0       0       0       0       0       001010001D    313
     110       0       0       1       0                               0D    314
     124     229       0       0       0       0       0       001020201D    315
     124       0       0       3       0                               0D    316
     100     232       0       0       0       0     315       001010001D    317
     100       0       0       1       0                               0D    318
     120     233       0       0       0       0       0       001010001D    319
     120       0       0       1       0                               0D    320
     126     234       0       0       0       0       0       001010001D    321
     126       0       0       5       0                               0D    322
     124     239       0       0       0       0       0       001020201D    323
     124       0       0       2       0                               0D    324
     100     241       0       0       0       0     323       001010001D    325
     100       0       0       1       0                               0D    326
     126     242       0       0       0       0       0       001010001D    327
     126       0       0       6       0                               0D    328
     124     248       0       0       0       0       0       001020201D    329
     124       0       0       2       0                               0D    330
     100     250       0       0       0       0     329       001010001D    331
     100       0       0       1       0                               0D    332
     102     251       0       0       0       0       0       001010001D    333
     102       0       0       1       0                               0D    334
     142     252       0       0       0       0       0       001010001D    335
     142       0       0       1       0                               0D    336
     144     253       0       0   10000       0       0       000000000D    337
     144       0       0       1       0                PartBody       0D    338
     110     254       0       0       0       0       0       001010001D    339
     110       0       0       1       0                               0D    340
     124     255       0       0       0       0       0       001020201D    341
     124       0       0       2       0                               0D    342
     100     257       0       0       0       0     341       001010001D    343
     100       0       0       1       0                               0D    344
     110     258       0       0       0       0       0       001010001D    345
     110       0       0       1       0                               0D    346
     102     259       0       0       0       0       0       001010001D    347
     102       0       0       1       0                               0D    348
     142     260       0       0       0       0       0       001010001D    349
     142       0       0       1       0                               0D    350
     144     261       0       0   10000       0       0       000000000D    351
     144       0       0       1       0                PartBody       0D    352
     110     262       0       0       0       0       0       001010001D    353
     110       0       0       1       0                               0D    354
     124     263       0       0       0       0       0       001020201D    355
     124       0       0       3       0                               0D    356
     100     266       0       0       0       0     355       001010001D    357
     100       0       0       1       0                               0D    358
     120     267       0       0       0       0       0       001010001D    359
     120       0       0       1       0                               0D    360
     126     268       0       0       0       0       0       001010001D    361
     126       0       0       6       0                               0D    362
     124     274       0       0       0       0       0       001020201D    363
     124       0       0       2       0                               0D    364
     100     276       0       0       0       0     363       001010001D    365
     100       0       0       1       0                               0D    366
     126     277       0       0       0       0       0       001010001D    367
     126       0       0       6       0                               0D    368
     124     283       0       0       0       0       0       001020201D    369
     124       0       0       2       0                               0D    370
     100     285       0       0       0       0     369       001010001D    371
     100       0       0       1       0                               0D    372
     102     286       0       0       0       0       0       001010001D    373
     102       0       0       1       0                               0D    374
     142     287       0       0       0       0       0       001010001D    375
     142       0       0       1       0                               0D    376
     144     288       0       0   10000       0       0       000000000D    377
     144       0       0       1       0                PartBody       0D    378
     108     289       0       0       0       0       0       001010001D    379
     108       0       0       1       0                               0D    380
     124     290       0       0       0       0       0       001020201D    381
     124       0       0       2       0                               0D    382
     100     292       0       0       0       0     381       001010001D    383
     100       0       0       1       0                               0D    384
     124     293       0       0       0       0       0       001020201D    385
     124       0       0       2       0                               0D    386
     100     295       0       0       0       0     385       001010001D    387
     100       0       0       1       0                               0D    388
     102     296       0       0       0       0       0       001010001D    389
     102       0       0       1       0                               0D    390
     142     297       0       0       0       0       0       001010001D    391
     142       0       0       1       0                               0D    392
     124     298       0       0       0       0       0       001020201D    393
     124       0       0       2       0                               0D    394
     100     300       0       0       0       0     393       001010001D    395
     100       0       0       1       0                               0D    396
     124     301       0       0       0       0       0       001020201D    397
     124       0       0       2       0                               0D    398
     100     303       0       0       0       0     397       001010001D    399
     100       0       0       1       0                               0D    400
     102     304       0       0       0       0       0       001010001D    401
     102       0       0       1       0                               0D    402
     142     305       0       0       0       0       0       001010001D    403
     142       0       0       1       0                               0D    404
     144     306       0       0   10000       0       0       000000000D    405
     144       0       0       1       0                PartBody       0D    406
     110     307       0       0       0       0       0       001010001D    407
     110       0       0       1       0                               0D    408
     124     308       0       0       0       0       0       001020201D    409
     124       0       0       3       0                               0D    410
     100     311       0       0       0       0     409       001010001D    411
     100       0       0       1       0                               0D    412
     120     312       0       0       0       0       0       001010001D    413
     120       0       0       1       0                               0D    414
     126     313       0       0       0       0       0       001010001D    415
     126       0       0       6       0                               0D    416
     124     319       0       0       0       0       0       001020201D    417
     124       0       0       2       0                               0D    418
     100     321       0       0       0       0     417       001010001D    419
     100       0       0       1       0                               0D    420
     126     322       0       0       0       0       0       001010001D    421
     126       0       0      12       0                               0D    422
     124     334       0       0       0       0       0       001020201D    423
     124       0       0       2       0                               0D    424
     100     336       0       0       0       0     423       001010001D    425
     100       0       0       1       0                               0D    426
     102     337       0       0       0       0       0       001010001D    427
     102       0       0       1       0                               0D    428
     142     338       0       0       0       0       0       001010001D    429
     142       0       0       1       0                               0D    430
     144     339       0       0   10000       0       0       000000000D    431
     144       0       0       1       0                PartBody       0D    432
     110     340       0       0       0       0       0       001010001D    433
     110       0       0       1       0                               0D    434
     124     341       0       0       0       0       0       001020201D    435
     124       0       0       3       0                               0D    436
     100     344       0       0       0       0     435       001010001D    437
     100       0       0       1       0                               0D    438
     120     345       0       0       0       0       0       001010001D    439
     120       0       0       1       0                               0D    440
     126     346       0       0       0       0       0       001010001D    441
     126       0       0      11       0                               0D    442
     124     357       0       0       0       0       0       001020201D    443
     124       0       0       2       0                               0D    444
     100     359       0       0       0       0     443       001010001D    445
     100       0       0       1       0                               0D    446
     124     360       0       0       0       0       0       001020201D    447
     124       0       0       2       0                               0D    448
     100     362       0       0       0       0     447       001010001D    449
     100       0       0       1       0                               0D    450
     124     363       0       0       0       0       0       001020201D    451
     124       0       0       2       0                               0D    452
     100     365       0       0       0       0     451       001010001D    453
     100       0       0       1       0                               0D    454
     124     366       0       0       0       0       0       001020201D    455
     124       0       0       2       0                               0D    456
     100     368       0       0       0       0     455       001010001D    457
     100       0       0       1       0                               0D    458
     102     369       0       0       0       0       0       001010001D    459
     102       0       0       1       0                               0D    460
     142     370       0       0       0       0       0       001010001D    461
     142       0       0       1       0                               0D    462
     144     371       0       0   10000       0       0       000000000D    463
     144       0       0       1       0                PartBody       0D    464
     110     372       0       0       0       0       0       001010001D    465
     110       0       0       1       0                               0D    466
     124     373       0       0       0       0       0       001020201D    467
     124       0       0       3       0                               0D    468
     100     376       0       0       0       0     467       001010001D    469
     100       0       0       1       0                               0D    470
     120     377       0       0       0       0       0       001010001D    471
     120       0       0       1       0                               0D    472
     126     378       0       0       0       0       0       001010001D    473
     126       0       0       6       0                               0D    474
     124     384       0       0       0       0       0       001020201D    475
     124       0       0       2       0                               0D    476
     100     386       0       0       0       0     475       001010001D    477
     100       0       0       1       0                               0D    478
     124     387       0       0       0       0       0       001020201D    479
     124       0       0       2       0                               0D    480
     100     389       0       0       0       0     479       001010001D    481
     100       0       0       1       0                               0D    482
     124     390       0       0       0       0       0       001020201D    483
     124       0       0       2       0                               0D    484
     100     392       0       0       0       0     483       001010001D    485
     100       0       0       1       0                               0D    486
     102     393       0       0       0       0       0       001010001D    487
     102       0       0       1       0                               0D    488
     142     394       0       0       0       0       0       001010001D    489
     142       0       0       1       0                               0D    490
     144     395       0       0   10000       0       0       000000000D    491
     144       0       0       1       0                PartBody       0D    492
     110     396       0       0       0       0       0       001010001D    493
     110       0       0       1       0                               0D    494
     124     397       0       0       0       0       0       001020201D    495
     124       0       0       3       0                               0D    496
     100     400       0       0       0       0     495       001010001D    497
     100       0       0       1       0                               0D    498
     120     401       0       0       0       0       0       001010001D    499
     120       0       0       1       0                               0D    500
     124     402       0       0       0       0       0       001020201D    501
     124       0       0       2       0                               0D    502
     100     404       0       0       0       0     501       001010001D    503
     100       0       0       1       0                               0D    504
     126     405       0       0       0       0       0       001010001D    505
     126       0       0       6       0                               0D    506
     124     411       0       0       0       0       0       001020201D    507
     124       0       0       2       0                               0D    508
     100     413       0       0       0       0     507       001010001D    509
     100       0       0       1       0                               0D    510
     124     414       0       0       0       0       0       001020201D    511
     124       0       0       2       0                               0D    512
     100     416       0       0       0       0     511       001010001D    513
     100       0       0       1       0                               0D    514
     126     417       0       0       0       0       0       001010001D    515
     126       0       0       6       0                               0D    516
     102     423       0       0       0       0       0       001010001D    517
     102       0       0       1       0                               0D    518
     142     424       0       0       0       0       0       001010001D    519
     142       0       0       1       0                               0D    520
     144     425       0       0   10000       0       0       000000000D    521
     144       0       0       1       0                PartBody       0D    522
     124     426       0       0       0       0       0       001020201D    523
     124       0       0       2       0                               0D    524
     100     428       0       0       0       0     523       001010001D    525
     100       0       0       1       0                               0D    526
     110     429       0       0       0       0       0       001010001D    527
     110       0       0       1       0                               0D    528
     110     430       0       0       0       0       0       001010001D    529
     110       0       0       1       0                               0D    530
     102     431       0       0       0       0       0       001010001D    531
     102       0       0       1       0                               0D    532
     142     432       0       0       0       0       0       001010001D    533
     142       0       0       1       0                               0D    534
     144     433       0       0   10000       0       0       000000000D    535
     144       0       0       1       0                PartBody       0D    536
     110     434       0       0       0       0       0       001010001D    537
     110       0       0       1       0                               0D    538
     124     435       0       0       0       0       0       001020201D    539
     124       0       0       3       0                               0D    540
     100     438       0       0       0       0     539       001010001D    541
     100       0       0       1       0                               0D    542
     120     439       0       0       0       0       0       001010001D    543
     120       0       0       1       0                               0D    544
     126     440       0       0       0       0       0       001010001D    545
     126       0       0       5       0                               0D    546
     124     445       0       0       0       0       0       001020201D    547
     124       0       0       2       0                               0D    548
     100     447       0       0       0       0     547       001010001D    549
     100       0       0       1       0                               0D    550
     126     448       0       0       0       0       0       001010001D    551
     126       0       0       6       0                               0D    552
     124     454       0       0       0       0       0       001020201D    553
     124       0       0       2       0                               0D    554
     100     456       0       0       0       0     553       001010001D    555
     100       0       0       1       0                               0D    556
     102     457       0       0       0       0       0       001010001D    557
     102       0       0       1       0                               0D    558
     142     458       0       0       0       0       0       001010001D    559
     142       0       0       1       0                               0D    560
     144     459       0       0   10000       0       0       000000000D    561
     144       0       0       1       0                PartBody       0D    562
     108     460       0       0       0       0       0       001010001D    563
     108       0       0       1       0                               0D    564
     110     461       0       0       0       0       0       001010001D    565
     110       0       0       1       0                               0D    566
     110     462       0       0       0       0       0       001010001D    567
     110       0       0       1       0                               0D    568
     110     463       0       0       0       0       0       001010001D    569
     110       0       0       1       0                               0D    570
     110     464       0       0       0       0       0       001010001D    571
     110       0       0       2       0                               0D    572
     102     466       0       0       0       0       0       001010001D    573
     102       0       0       1       0                               0D    574
     142     467       0       0       0       0       0       001010001D    575
     142       0       0       1       0                               0D    576
     144     468       0       0   10000       0       0       000000000D    577
     144       0       0       1       0                PartBody       0D    578
     108     469       0       0       0       0       0       001010001D    579
     108       0       0       1       0                               0D    580
     110     470       0       0       0       0       0       001010001D    581
     110       0       0       1       0                               0D    582
     124     471       0       0       0       0       0       001020201D    583
     124       0       0       2       0                               0D    584
     100     473       0       0       0       0     583       001010001D    585
     100       0       0       1       0                               0D    586
     102     474       0       0       0       0       0       001010001D    587
     102       0       0       1       0                               0D    588
     142     475       0       0       0       0       0       001010001D    589
     142       0       0       1       0                               0D    590
     144     476       0       0   10000       0       0       000000000D    591
     144       0       0       1       0                PartBody       0D    592
     108     477       0       0       0       0       0       001010001D    593
     108       0       0       2       0                               0D    594
     110     479       0       0       0       0       0       001010001D    595
     110       0       0       1       0                               0D    596
     110     480       0       0       0       0       0       001010001D    597
     110       0       0       2       0                               0D    598
     126     482       0       0       0       0       0       001010001D    599
     126       0       0      12       0                               0D    600
     110     494       0       0       0       0       0       001010001D    601
     110       0       0       1       0                               0D    602
     102     495       0       0       0       0       0       001010001D    603
     102       0       0       1       0                               0D    604
     142     496       0       0       0       0       0       001010001D    605
     142       0       0       1       0                               0D    606
     144     497       0       0   10000       0       0       000000000D    607
     144       0       0       1       0                PartBody       0D    608
     110     498       0       0       0       0       0       001010001D    609
     110       0       0       1       0                               0D    610
     110     499       0       0       0       0       0       001010001D    611
     110       0       0       1       0                               0D    612
     120     500       0       0       0       0       0       001010001D    613
     120       0       0       1       0                               0D    614
     110     501       0       0       0       0       0       001010001D    615
     110       0       0       1       0                               0D    616
     124     502       0       0       0       0       0       001020201D    617
     124       0       0       2       0                               0D    618
     100     504       0       0       0       0     617       001010001D    619
     100       0       0       1       0                               0D    620
     110     505       0       0       0       0       0       001010001D    621
     110       0       0       1       0                               0D    622
     124     506       0       0       0       0       0       001020201D    623
     124       0       0       1       0                               0D    624
     100     507       0       0       0       0     623       001010001D    625
     100       0       0       1       0                               0D    626
     110     508       0       0       0       0       0       001010001D    627
     110       0       0       2       0                               0D    628
     124     510       0       0       0       0       0       001020201D    629
     124       0       0       2       0                               0D    630
     100     512       0       0       0       0     629       001010001D    631
     100       0       0       1       0                               0D    632
     110     513       0       0       0       0       0       001010001D    633
     110       0       0       1       0                               0D    634
     124     514       0       0       0       0       0       001020201D    635
     124       0       0       2       0                               0D    636
     100     516       0       0       0       0     635       001010001D    637
     100       0       0       1       0                               0D    638
     110     517       0       0       0       0       0       001010001D    639
     110       0       0       1       0                               0D    640
     124     518       0       0       0       0       0       001020201D    641
     124       0       0       2       0                               0D    642
     100     520       0       0       0       0     641       001010001D    643
     100       0       0       1       0                               0D    644
     110     521       0       0       0       0       0       001010001D    645
     110       0       0       1       0                               0D    646
     124     522       0       0       0       0       0       001020201D    647
     124       0       0       2       0                               0D    648
     100     524       0       0       0       0     647       001010001D    649
     100       0       0       1       0                               0D    650
     126     525       0       0       0       0       0       001010001D    651
     126       0       0       4       0                               0D    652
     102     529       0       0       0       0       0       001010001D    653
     102       0       0       1       0                               0D    654
     142     530       0       0       0       0       0       001010001D    655
     142       0       0       1       0                               0D    656
     110     531       0       0       0       0       0       001010001D    657
     110       0       0       1       0                               0D    658
     124     532       0       0       0       0       0       001020201D    659
     124       0       0       2       0                               0D    660
     100     534       0       0       0       0     659       001010001D    661
     100       0       0       1       0                               0D    662
     110     535       0       0       0       0       0       001010001D    663
     110       0       0       1       0                               0D    664
     124     536       0       0       0       0       0       001020201D    665
     124       0       0       2       0                               0D    666
     100     538       0       0       0       0     665       001010001D    667
     100       0       0       1       0                               0D    668
     126     539       0       0       0       0       0       001010001D    669
     126       0       0       4       0                               0D    670
     102     543       0       0       0       0       0       001010001D    671
     102       0       0       1       0                               0D    672
     142     544       0       0       0       0       0       001010001D    673
     142       0       0       1       0                               0D    674
     144     545       0       0   10000       0       0       000000000D    675
     144       0       0       1       0                PartBody       0D    676
     110     546       0       0       0       0       0       001010001D    677
     110       0       0       1       0                               0D    678
     110     547       0       0       0       0       0       001010001D    679
     110       0       0       1       0                               0D    680
     120     548       0       0       0       0       0       001010001D    681
     120       0       0       1       0                               0D    682
     124     549       0       0       0       0       0       001020201D    683
     124       0       0       2       0                               0D    684
     100     551       0       0       0       0     683       001010001D    685
     100       0       0       1       0                               0D    686
     110     552       0       0       0       0       0       001010001D    687
     110       0       0       1       0                               0D    688
     124     553       0       0       0       0       0       001020201D    689
     124       0       0       2       0                               0D    690
     100     555       0       0       0       0     689       001010001D    691
     100       0       0       1       0                               0D    692
     110     556       0       0       0       0       0       001010001D    693
     110       0       0       1       0                               0D    694
     124     557       0       0       0       0       0       001020201D    695
     124       0       0       2       0                               0D    696
     100     559       0       0       0       0     695       001010001D    697
     100       0       0       1       0                               0D    698
     110     560       0       0       0       0       0       001010001D    699
     110       0       0       1       0                               0D    700
     124     561       0       0       0       0       0       001020201D    701
     124       0       0       2       0                               0D    702
     100     563       0       0       0       0     701       001010001D    703
     100       0       0       1       0                               0D    704
     126     564       0       0       0       0       0       001010001D    705
     126       0       0       5       0                               0D    706
     110     569       0       0       0       0       0       001010001D    707
     110       0       0       1       0                               0D    708
     124     570       0       0       0       0       0       001020201D    709
     124       0       0       2       0                               0D    710
     100     572       0       0       0       0     709       001010001D    711
     100       0       0       1       0                               0D    712
     110     573       0       0       0       0       0       001010001D    713
     110       0       0       2       0                               0D    714
     124     575       0       0       0       0       0       001020201D    715
     124       0       0       2       0                               0D    716
     100     577       0       0       0       0     715       001010001D    717
     100       0       0       1       0                               0D    718
     110     578       0       0       0       0       0       001010001D    719
     110       0       0       1       0                               0D    720
     124     579       0       0       0       0       0       001020201D    721
     124       0       0       2       0                               0D    722
     100     581       0       0       0       0     721       001010001D    723
     100       0       0       1       0                               0D    724
     110     582       0       0       0       0       0       001010001D    725
     110       0       0       1       0                               0D    726
     102     583       0       0       0       0       0       001010001D    727
     102       0       0       2       0                               0D    728
     142     585       0       0       0       0       0       001010001D    729
     142       0       0       1       0                               0D    730
     110     586       0       0       0       0       0       001010001D    731
     110       0       0       1       0                               0D    732
     124     587       0       0       0       0       0       001020201D    733
     124       0       0       3       0                               0D    734
     100     590       0       0       0       0     733       001010001D    735
     100       0       0       1       0                               0D    736
     110     591       0       0       0       0       0       001010001D    737
     110       0       0       1       0                               0D    738
     124     592       0       0       0       0       0       001020201D    739
     124       0       0       2       0                               0D    740
     100     594       0       0       0       0     739       001010001D    741
     100       0       0       1       0                               0D    742
     126     595       0       0       0       0       0       001010001D    743
     126       0       0       4       0                               0D    744
     102     599       0       0       0       0       0       001010001D    745
     102       0       0       1       0                               0D    746
     142     600       0       0       0       0       0       001010001D    747
     142       0       0       1       0                               0D    748
     144     601       0       0   10000       0       0       000000000D    749
     144       0       0       1       0                PartBody       0D    750
     108     602       0       0       0       0       0       001010001D    751
     108       0       0       2       0                               0D    752
     110     604       0       0       0       0       0       001010001D    753
     110       0       0       1       0                               0D    754
     126     605       0       0       0       0       0       001010001D    755
     126       0       0       5       0                               0D    756
     110     610       0       0       0       0       0       001010001D    757
     110       0       0       1       0                               0D    758
     126     611       0       0       0       0       0       001010001D    759
     126       0       0       5       0                               0D    760
     102     616       0       0       0       0       0       001010001D    761
     102       0       0       1       0                               0D    762
     142     617       0       0       0       0       0       001010001D    763
     142       0       0       1       0                               0D    764
     144     618       0       0   10000       0       0       000000000D    765
     144       0       0       1       0                PartBody       0D    766
     108     619       0       0       0       0       0       001010001D    767
     108       0       0       1       0                               0D    768
     124     620       0       0       0       0       0       001020201D    769
     124       0       0       2       0                               0D    770
     100     622       0       0       0       0     769       001010001D    771
     100       0       0       1       0                               0D    772
     110     623       0       0       0       0       0       001010001D    773
     110       0       0       1       0                               0D    774
     124     624       0       0       0       0       0       001020201D    775
     124       0       0       2       0                               0D    776
     100     626       0       0       0       0     775       001010001D    777
     100       0       0       1       0                               0D    778
     124     627       0       0       0       0       0       001020201D    779
     124       0       0       2       0                               0D    780
     100     629       0       0       0       0     779       001010001D    781
     100       0       0       1       0                               0D    782
     110     630       0       0       0       0       0       001010001D    783
     110       0       0       1       0                               0D    784
     102     631       0       0       0       0       0       001010001D    785
     102       0       0       1       0                               0D    786
     142     632       0       0       0       0       0       001010001D    787
     142       0       0       1       0                               0D    788
     144     633       0       0   10000       0       0       000000000D    789
     144       0       0       1       0                PartBody       0D    790
     124     634       0       0       0       0       0       001020201D    791
     124       0       0       2       0                               0D    792
     100     636       0       0       0       0     791       001010001D    793
     100       0       0       1       0                               0D    794
     124     637       0       0       0       0       0       001020201D    795
     124       0       0       2       0                               0D    796
     100     639       0       0       0       0     795       001010001D    797
     100       0       0       1       0                               0D    798
     110     640       0       0       0       0       0       001010001D    799
     110       0       0       1       0                               0D    800
     124     641       0       0       0       0       0       001020201D    801
     124       0       0       2       0                               0D    802
     100     643       0       0       0       0     801       001010001D    803
     100       0       0       1       0                               0D    804
     110     644       0       0       0       0       0       001010001D    805
     110       0       0       1       0                               0D    806
     102     645       0       0       0       0       0       001010001D    807
     102       0       0       1       0                               0D    808
     142     646       0       0       0       0       0       001010001D    809
     142       0       0       1       0                               0D    810
     144     647       0       0   10000       0       0       000000000D    811
     144       0       0       1       0                PartBody       0D    812
     108     648       0       0       0       0       0       001010001D    813
     108       0       0       1       0                               0D    814
     110     649       0       0       0       0       0       001010001D    815
     110       0       0       1       0                               0D    816
     126     650       0       0       0       0       0       001010001D    817
     126       0       0       6       0                               0D    818
     110     656       0       0       0       0       0       001010001D    819
     110       0       0       1       0                               0D    820
     110     657       0       0       0       0       0       001010001D    821
     110       0       0       1       0                               0D    822
     102     658       0       0       0       0       0       001010001D    823
     102       0       0       1       0                               0D    824
     142     659       0       0       0       0       0       001010001D    825
     142       0       0       1       0                               0D    826
     144     660       0       0   10000       0       0       000000000D    827
     144       0       0       1       0                PartBody       0D    828
     110     661       0       0       0       0       0       001010001D    829
     110       0       0       1       0                               0D    830
     110     662       0       0       0       0       0       001010001D    831
     110       0       0       2       0                               0D    832
     120     664       0       0       0       0       0       001010001D    833
     120       0       0       1       0                               0D    834
     124     665       0       0       0       0       0       001020201D    835
     124       0       0       2       0                               0D    836
     100     667       0       0       0       0     835       001010001D    837
     100       0       0       1       0                               0D    838
     126     668       0       0       0       0       0       001010001D    839
     126       0       0       4       0                               0D    840
     124     672       0       0       0       0       0       001020201D    841
     124       0       0       2       0                               0D    842
     100     674       0       0       0       0     841       001010001D    843
     100       0       0       1       0                               0D    844
     124     675       0       0       0       0       0       001020201D    845
     124       0       0       2       0                               0D    846
     100     677       0       0       0       0     845       001010001D    847
     100       0       0       1       0                               0D    848
     126     678       0       0       0       0       0       001010001D    849
     126       0       0       5       0                               0D    850
     102     683       0       0       0       0       0       001010001D    851
     102       0       0       1       0                               0D    852
     142     684       0       0       0       0       0       001010001D    853
     142       0       0       1       0                               0D    854
     144     685       0       0   10000       0       0       000000000D    855
     144       0       0       1       0                PartBody       0D    856
     108     686       0       0       0       0       0       001010001D    857
     108       0       0       2       0                               0D    858
     110     688       0       0       0       0       0       001010001D    859
     110       0       0       1       0                               0D    860
     110     689       0       0       0       0       0       001010001D    861
     110       0       0       1       0                               0D    862
     126     690       0       0       0       0       0       001010001D    863
     126       0       0       6       0                               0D    864
     110     696       0       0       0       0       0       001010001D    865
     110       0       0       1       0                               0D    866
     102     697       0       0       0       0       0       001010001D    867
     102       0       0       1       0                               0D    868
     142     698       0       0       0       0       0       001010001D    869
     142       0       0       1       0                               0D    870
     144     699       0       0   10000       0       0       000000000D    871
     144       0       0       1       0                PartBody       0D    872
     108     700       0       0       0       0       0       001010001D    873
     108       0       0       2       0                               0D    874
     110     702       0       0       0       0       0       001010001D    875
     110       0       0       1       0                               0D    876
     126     703       0       0       0       0       0       001010001D    877
     126       0       0       5       0                               0D    878
     110     708       0       0       0       0       0       001010001D    879
     110       0       0       1       0                               0D    880
     126     709       0       0       0       0       0       001010001D    881
     126       0       0       5       0                               0D    882
     102     714       0       0       0       0       0       001010001D    883
     102       0       0       1       0                               0D    884
     142     715       0       0       0       0       0       001010001D    885
     142       0       0       1       0                               0D    886
     144     716       0       0   10000       0       0       000000000D    887
     144       0       0       1       0                PartBody       0D    888
     124     717       0       0       0       0       0       001020201D    889
     124       0       0       2       0                               0D    890
     100     719       0       0       0       0     889       001010001D    891
     100       0       0       1       0                               0D    892
     110     720       0       0       0       0       0       001010001D    893
     110       0       0       1       0                               0D    894
     124     721       0       0       0       0       0       001020201D    895
     124       0       0       2       0                               0D    896
     100     723       0       0       0       0     895       001010001D    897
     100       0       0       1       0                               0D    898
     110     724       0       0       0       0       0       001010001D    899
     110       0       0       1       0                               0D    900
     102     725       0       0       0       0       0       001010001D    901
     102       0       0       1       0                               0D    902
     142     726       0       0       0       0       0       001010001D    903
     142       0       0       1       0                               0D    904
     144     727       0       0   10000       0       0       000000000D    905
     144       0       0       1       0                PartBody       0D    906
     108     728       0       0       0       0       0       001010001D    907
     108       0       0       1       0                               0D    908
     110     729       0       0       0       0       0       001010001D    909
     110       0       0       1       0                               0D    910
     126     730       0       0       0       0       0       001010001D    911
     126       0       0       6       0                               0D    912
     110     736       0       0       0       0       0       001010001D    913
     110       0       0       1       0                               0D    914
     110     737       0       0       0       0       0       001010001D    915
     110       0       0       1       0                               0D    916
     102     738       0       0       0       0       0       001010001D    917
     102       0       0       1       0                               0D    918
     142     739       0       0       0       0       0       001010001D    919
     142       0       0       1       0                               0D    920
     144     740       0       0   10000       0       0       000000000D    921
     144       0       0       1       0                PartBody       0D    922
     110     741       0       0       0       0       0       001010001D    923
     110       0       0       1       0                               0D    924
     110     742       0       0       0       0       0       001010001D    925
     110       0       0       2       0                               0D    926
     120     744       0       0       0       0       0       001010001D    927
     120       0       0       1       0                               0D    928
     124     745       0       0       0       0       0       001020201D    929
     124       0       0       2       0                               0D    930
     100     747       0       0       0       0     929       001010001D    931
     100       0       0       1       0                               0D    932
     126     748       0       0       0       0       0       001010001D    933
     126       0       0       4       0                               0D    934
     124     752       0       0       0       0       0       001020201D    935
     124       0       0       2       0                               0D    936
     100     754       0       0       0       0     935       001010001D    937
     100       0       0       1       0                               0D    938
     126     755       0       0       0       0       0       001010001D    939
     126       0       0       4       0                               0D    940
     102     759       0       0       0       0       0       001010001D    941
     102       0       0       1       0                               0D    942
     142     760       0       0       0       0       0       001010001D    943
     142       0       0       1       0                               0D    944
     144     761       0       0   10000       0       0       000000000D    945
     144       0       0       1       0                PartBody       0D    946
     108     762       0       0       0       0       0       001010001D    947
     108       0       0       1       0                               0D    948
     110     763       0       0       0       0       0       001010001D    949
     110       0       0       1       0                               0D    950
     110     764       0       0       0       0       0       001010001D    951
     110       0       0       1       0                               0D    952
     126     765       0       0       0       0       0       001010001D    953
     126       0       0       6       0                               0D    954
     110     771       0       0       0       0       0       001010001D    955
     110       0       0       1       0                               0D    956
     102     772       0       0       0       0       0       001010001D    957
     102       0       0       1       0                               0D    958
     142     773       0       0       0       0       0       001010001D    959
     142       0       0       1       0                               0D    960
     144     774       0       0   10000       0       0       000000000D    961
     144       0       0       1       0                PartBody       0D    962
     110     775       0       0       0       0       0       001010001D    963
     110       0       0       1       0                               0D    964
     126     776       0       0       0       0       0       001010001D    965
     126       0       0       6       0                               0D    966
     110     782       0       0       0       0       0       001010001D    967
     110       0       0       1       0                               0D    968
     110     783       0       0       0       0       0       001010001D    969
     110       0       0       1       0                               0D    970
     102     784       0       0       0       0       0       001010001D    971
     102       0       0       1       0                               0D    972
     142     785       0       0       0       0       0       001010001D    973
     142       0       0       1       0                               0D    974
     144     786       0       0   10000       0       0       000000000D    975
     144       0       0       1       0                PartBody       0D    976
     108     787       0       0       0       0       0       001010001D    977
     108       0       0       2       0                               0D    978
     126     789       0       0       0       0       0       001010001D    979
     126       0       0       5       0                               0D    980
     110     794       0       0       0       0       0       001010001D    981
     110       0       0       1       0                               0D    982
     126     795       0       0       0       0       0       001010001D    983
     126       0       0       5       0                               0D    984
     110     800       0       0       0       0       0       001010001D    985
     110       0       0       1       0                               0D    986
     102     801       0       0       0       0       0       001010001D    987
     102       0       0       1       0                               0D    988
     142     802       0       0       0       0       0       001010001D    989
     142       0       0       1       0                               0D    990
     144     803       0       0   10000       0       0       000000000D    991
     144       0       0       1       0                PartBody       0D    992
     108     804       0       0       0       0       0       001010001D    993
     108       0       0       2       0                               0D    994
     110     806       0       0       0       0       0       001010001D    995
     110       0       0       1       0                               0D    996
     126     807       0       0       0       0       0       001010001D    997
     126       0       0       5       0                               0D    998
     110     812       0       0       0       0       0       001010001D    999
     110       0       0       1       0                               0D   1000
     126     813       0       0       0       0       0       001010001D   1001
     126       0       0       5       0                               0D   1002
     102     818       0       0       0       0       0       001010001D   1003
     102       0       0       1       0                               0D   1004
     142     819       0       0       0       0       0       001010001D   1005
     142       0       0       1       0                               0D   1006
     144     820       0       0   10000       0       0       000000000D   1007
     144       0       0       1       0                PartBody       0D   1008
     124     821       0       0       0       0       0       001020201D   1009
     124       0       0       2       0                               0D   1010
     100     823       0       0       0       0    1009       001010001D   1011
     100       0       0       1       0                               0D   1012
     110     824       0       0       0       0       0       001010001D   1013
     110       0       0       1       0                               0D   1014
     124     825       0       0       0       0       0       001020201D   1015
     124       0       0       2       0                               0D   1016
     100     827       0       0       0       0    1015       001010001D   1017
     100       0       0       1       0                               0D   1018
     110     828       0       0       0       0       0       001010001D   1019
     110       0       0       1       0                               0D   1020
     102     829       0       0       0       0       0       001010001D   1021
     102       0       0       1       0                               0D   1022
     142     830       0       0       0       0       0       001010001D   1023
     142       0       0       1       0                               0D   1024
     144     831       0       0   10000       0       0       000000000D   1025
     144       0       0       1       0                PartBody       0D   1026
     108     832       0       0       0       0       0       001010001D   1027
     108       0       0       2       0                               0D   1028
     110     834       0       0       0       0       0       001010001D   1029
     110       0       0       1       0                               0D   1030
     126     835       0       0       0       0       0       001010001D   1031
     126       0       0       6       0                               0D   1032
     110     841       0       0       0       0       0       001010001D   1033
     110       0       0       2       0                               0D   1034
     110     843       0       0       0       0       0       001010001D   1035
     110       0       0       1       0                               0D   1036
     102     844       0       0       0       0       0       001010001D   1037
     102       0       0       1       0                               0D   1038
     142     845       0       0       0       0       0       001010001D   1039
     142       0       0       1       0                               0D   1040
     144     846       0       0   10000       0       0       000000000D   1041
     144       0       0       1       0                PartBody       0D   1042
     110     847       0       0       0       0       0       001010001D   1043
     110       0       0       1       0                               0D   1044
     110     848       0       0       0       0       0       001010001D   1045
     110       0       0       2       0                               0D   1046
     120     850       0       0       0       0       0       001010001D   1047
     120       0       0       1       0                               0D   1048
     124     851       0       0       0       0       0       001020201D   1049
     124       0       0       2       0                               0D   1050
     100     853       0       0       0       0    1049       001010001D   1051
     100       0       0       1       0                               0D   1052
     126     854       0       0       0       0       0       001010001D   1053
     126       0       0       4       0                               0D   1054
     124     858       0       0       0       0       0       001020201D   1055
     124       0       0       2       0                               0D   1056
     100     860       0       0       0       0    1055       001010001D   1057
     100       0       0       1       0                               0D   1058
     126     861       0       0       0       0       0       001010001D   1059
     126       0       0       5       0                               0D   1060
     102     866       0       0       0       0       0       001010001D   1061
     102       0       0       1       0                               0D   1062
     142     867       0       0       0       0       0       001010001D   1063
     142       0       0       1       0                               0D   1064
     144     868       0       0   10000       0       0       000000000D   1065
     144       0       0       1       0                PartBody       0D   1066
     108     869       0       0       0       0       0       001010001D   1067
     108       0       0       1       0                               0D   1068
     110     870       0       0       0       0       0       001010001D   1069
     110       0       0       1       0                               0D   1070
     110     871       0       0       0       0       0       001010001D   1071
     110       0       0       1       0                               0D   1072
     126     872       0       0       0       0       0       001010001D   1073
     126       0       0       6       0                               0D   1074
     110     878       0       0       0       0       0       001010001D   1075
     110       0       0       1       0                               0D   1076
     102     879       0       0       0       0       0       001010001D   1077
     102       0       0       1       0                               0D   1078
     142     880       0       0       0       0       0       001010001D   1079
     142       0       0       1       0                               0D   1080
     144     881       0       0   10000       0       0       000000000D   1081
     144       0       0       1       0                PartBody       0D   1082
     110     882       0       0       0       0       0       001010001D   1083
     110       0       0       1       0                               0D   1084
     110     883       0       0       0       0       0       001010001D   1085
     110       0       0       1       0                               0D   1086
     120     884       0       0       0       0       0       001010001D   1087
     120       0       0       1       0                               0D   1088
     126     885       0       0       0       0       0       001010001D   1089
     126       0       0       5       0                               0D   1090
     124     890       0       0       0       0       0       001020201D   1091
     124       0       0       2       0                               0D   1092
     100     892       0       0       0       0    1091       001010001D   1093
     100       0       0       1       0                               0D   1094
     110     893       0       0       0       0       0       001010001D   1095
     110       0       0       1       0                               0D   1096
     124     894       0       0       0       0       0       001020201D   1097
     124       0       0       2       0                               0D   1098
     100     896       0       0       0       0    1097       001010001D   1099
     100       0       0       1       0                               0D   1100
     110     897       0       0       0       0       0       001010001D   1101
     110       0       0       1       0                               0D   1102
     102     898       0       0       0       0       0       001010001D   1103
     102       0       0       1       0                               0D   1104
     142     899       0       0       0       0       0       001010001D   1105
     142       0       0       1       0                               0D   1106
     144     900       0       0   10000       0       0       000000000D   1107
     144       0       0       1       0                PartBody       0D   1108
     108     901       0       0       0       0       0       001010001D   1109
     108       0       0       2       0                               0D   1110
     110     903       0       0       0       0       0       001010001D   1111
     110       0       0       2       0                               0D   1112
     110     905       0       0       0       0       0       001010001D   1113
     110       0       0       2       0                               0D   1114
     110     907       0       0       0       0       0       001010001D   1115
     110       0       0       2       0                               0D   1116
     110     909       0       0       0       0       0       001010001D   1117
     110       0       0       2       0                               0D   1118
     102     911       0       0       0       0       0       001010001D   1119
     102       0       0       1       0                               0D   1120
     142     912       0       0       0       0       0       001010001D   1121
     142       0       0       1       0                               0D   1122
     144     913       0       0   10000       0       0       000000000D   1123
     144       0       0       1       0                PartBody       0D   1124
     110     914       0       0       0       0       0       001010001D   1125
     110       0       0       1       0                               0D   1126
     110     915       0       0       0       0       0       001010001D   1127
     110       0       0       2       0                               0D   1128
     120     917       0       0       0       0       0       001010001D   1129
     120       0       0       1       0                               0D   1130
     110     918       0       0       0       0       0       001010001D   1131
     110       0       0       2       0                               0D   1132
     124     920       0       0       0       0       0       001020201D   1133
     124       0       0       2       0                               0D   1134
     100     922       0       0       0       0    1133       001010001D   1135
     100       0       0       1       0                               0D   1136
     110     923       0       0       0       0       0       001010001D   1137
     110       0       0       1       0                               0D   1138
     124     924       0       0       0       0       0       001020201D   1139
     124       0       0       2       0                               0D   1140
     100     926       0       0       0       0    1139       001010001D   1141
     100       0       0       1       0                               0D   1142
     102     927       0       0       0       0       0       001010001D   1143
     102       0       0       1       0                               0D   1144
     142     928       0       0       0       0       0       001010001D   1145
     142       0       0       1       0                               0D   1146
     144     929       0       0   10000       0       0       000000000D   1147
     144       0       0       1       0                PartBody       0D   1148
     108     930       0       0       0       0       0       001010001D   1149
     108       0       0       2       0                               0D   1150
     110     932       0       0       0       0       0       001010001D   1151
     110       0       0       1       0                               0D   1152
     110     933       0       0       0       0       0       001010001D   1153
     110       0       0       1       0                               0D   1154
     110     934       0       0       0       0       0       001010001D   1155
     110       0       0       1       0                               0D   1156
     110     935       0       0       0       0       0       001010001D   1157
     110       0       0       1       0                               0D   1158
     102     936       0       0       0       0       0       001010001D   1159
     102       0       0       1       0                               0D   1160
     142     937       0       0       0       0       0       001010001D   1161
     142       0       0       1       0                               0D   1162
     144     938       0       0   10000       0       0       000000000D   1163
     144       0       0       1       0                PartBody       0D   1164
     110     939       0       0       0       0       0       001010001D   1165
     110       0       0       1       0                               0D   1166
     110     940       0       0       0       0       0       001010001D   1167
     110       0       0       1       0                               0D   1168
     120     941       0       0       0       0       0       001010001D   1169
     120       0       0       1       0                               0D   1170
     110     942       0       0       0       0       0       001010001D   1171
     110       0       0       1       0                               0D   1172
     124     943       0       0       0       0       0       001020201D   1173
     124       0       0       2       0                               0D   1174
     100     945       0       0       0       0    1173       001010001D   1175
     100       0       0       1       0                               0D   1176
     110     946       0       0       0       0       0       001010001D   1177
     110       0       0       1       0                               0D   1178
     124     947       0       0       0       0       0       001020201D   1179
     124       0       0       2       0                               0D   1180
     100     949       0       0       0       0    1179       001010001D   1181
     100       0       0       1       0                               0D   1182
     102     950       0       0       0       0       0       001010001D   1183
     102       0       0       1       0                               0D   1184
     142     951       0       0       0       0       0       001010001D   1185
     142       0       0       1       0                               0D   1186
     144     952       0       0   10000       0       0       000000000D   1187
     144       0       0       1       0                PartBody       0D   1188
     108     953       0       0       0       0       0       001010001D   1189
     108       0       0       1       0                               0D   1190
     110     954       0       0       0       0       0       001010001D   1191
     110       0       0       1       0                               0D   1192
     110     955       0       0       0       0       0       001010001D   1193
     110       0       0       1       0                               0D   1194
     110     956       0       0       0       0       0       001010001D   1195
     110       0       0       1       0                               0D   1196
     110     957       0       0       0       0       0       001010001D   1197
     110       0       0       1       0                               0D   1198
     102     958       0       0       0       0       0       001010001D   1199
     102       0       0       1       0                               0D   1200
     142     959       0       0       0       0       0       001010001D   1201
     142       0       0       1       0                               0D   1202
     144     960       0       0   10000       0       0       000000000D   1203
     144       0       0       1       0                PartBody       0D   1204
     110     961       0       0       0       0       0       001010001D   1205
     110       0       0       1       0                               0D   1206
     110     962       0       0       0       0       0       001010001D   1207
     110       0       0       1       0                               0D   1208
     120     963       0       0       0       0       0       001010001D   1209
     120       0       0       1       0                               0D   1210
     110     964       0       0       0       0       0       001010001D   1211
     110       0       0       1       0                               0D   1212
     124     965       0       0       0       0       0       001020201D   1213
     124       0       0       2       0                               0D   1214
     100     967       0       0       0       0    1213       001010001D   1215
     100       0       0       1       0                               0D   1216
     110     968       0       0       0       0       0       001010001D   1217
     110       0       0       2       0                               0D   1218
     124     970       0       0       0       0       0       001020201D   1219
     124       0       0       2       0                               0D   1220
     100     972       0       0       0       0    1219       001010001D   1221
     100       0       0       1       0                               0D   1222
     102     973       0       0       0       0       0       001010001D   1223
     102       0       0       1       0                               0D   1224
     142     974       0       0       0       0       0       001010001D   1225
     142       0       0       1       0                               0D   1226
     144     975       0       0   10000       0       0       000000000D   1227
     144       0       0       1       0                PartBody       0D   1228
     108     976       0       0       0       0       0       001010001D   1229
     108       0       0       2       0                               0D   1230
     110     978       0       0       0       0       0       001010001D   1231
     110       0       0       1       0                               0D   1232
     110     979       0       0       0       0       0       001010001D   1233
     110       0       0       2       0                               0D   1234
     110     981       0       0       0       0       0       001010001D   1235
     110       0       0       2       0                               0D   1236
     110     983       0       0       0       0       0       001010001D   1237
     110       0       0       2       0                               0D   1238
     102     985       0       0       0       0       0       001010001D   1239
     102       0       0       1       0                               0D   1240
     142     986       0       0       0       0       0       001010001D   1241
     142       0       0       1       0                               0D   1242
     144     987       0       0   10000       0       0       000000000D   1243
     144       0       0       1       0                PartBody       0D   1244
     110     988       0       0       0       0       0       001010001D   1245
     110       0       0       1       0                               0D   1246
     110     989       0       0       0       0       0       001010001D   1247
     110       0       0       2       0                               0D   1248
     120     991       0       0       0       0       0       001010001D   1249
     120       0       0       1       0                               0D   1250
     110     992       0       0       0       0       0       001010001D   1251
     110       0       0       2       0                               0D   1252
     124     994       0       0       0       0       0       001020201D   1253
     124       0       0       2       0                               0D   1254
     100     996       0       0       0       0    1253       001010001D   1255
     100       0       0       1       0                               0D   1256
     110     997       0       0       0       0       0       001010001D   1257
     110       0       0       1       0                               0D   1258
     124     998       0       0       0       0       0       001020201D   1259
     124       0       0       2       0                               0D   1260
     100    1000       0       0       0       0    1259       001010001D   1261
     100       0       0       1       0                               0D   1262
     102    1001       0       0       0       0       0       001010001D   1263
     102       0       0       1       0                               0D   1264
     142    1002       0       0       0       0       0       001010001D   1265
     142       0       0       1       0                               0D   1266
     144    1003       0       0   10000       0       0       000000000D   1267
     144       0       0       1       0                PartBody       0D   1268
     108    1004       0       0       0       0       0       001010001D   1269
     108       0       0       1       0                               0D   1270
     110    1005       0       0       0       0       0       001010001D   1271
     110       0       0       1       0                               0D   1272
     110    1006       0       0       0       0       0       001010001D   1273
     110       0       0       1       0                               0D   1274
     110    1007       0       0       0       0       0       001010001D   1275
     110       0       0       1       0                               0D   1276
     110    1008       0       0       0       0       0       001010001D   1277
     110       0       0       1       0                               0D   1278
     102    1009       0       0       0       0       0       001010001D   1279
     102       0       0       1       0                               0D   1280
     142    1010       0       0       0       0       0       001010001D   1281
     142       0       0       1       0                               0D   1282
     144    1011       0       0   10000       0       0       000000000D   1283
     144       0       0       1       0                PartBody       0D   1284
     110    1012       0       0       0       0       0       001010001D   1285
     110       0       0       1       0                               0D   1286
     110    1013       0       0       0       0       0       001010001D   1287
     110       0       0       1       0                               0D   1288
     120    1014       0       0       0       0       0       001010001D   1289
     120       0       0       1       0                               0D   1290
     110    1015       0       0       0       0       0       001010001D   1291
     110       0       0       1       0                               0D   1292
     124    1016       0       0       0       0       0       001020201D   1293
     124       0       0       2       0                               0D   1294
     100    1018       0       0       0       0    1293       001010001D   1295
     100       0       0       1       0                               0D   1296
     110    1019       0       0       0       0       0       001010001D   1297
     110       0       0       1       0                               0D   1298
     124    1020       0       0       0       0       0       001020201D   1299
     124       0       0       2       0                               0D   1300
     100    1022       0       0       0       0    1299       001010001D   1301
     100       0       0       1       0                               0D   1302
     102    1023       0       0       0       0       0       001010001D   1303
     102       0       0       1       0                               0D   1304
     142    1024       0       0       0       0       0       001010001D   1305
     142       0       0       1       0                               0D   1306
     144    1025       0       0   10000       0       0       000000000D   1307
     144       0       0       1       0                PartBody       0D   1308
     108    1026       0       0       0       0       0       001010001D   1309
     108       0       0       1       0                               0D   1310
     110    1027       0       0       0       0       0       001010001D   1311
     110       0       0       1       0                               0D   1312
     110    1028       0       0       0       0       0       001010001D   1313
     110       0       0       1       0                               0D   1314
     110    1029       0       0       0       0       0       001010001D   1315
     110       0       0       1       0                               0D   1316
     110    1030       0       0       0       0       0       001010001D   1317
     110       0       0       1       0                               0D   1318
     102    1031       0       0       0       0       0       001010001D   1319
     102       0       0       1       0                               0D   1320
     142    1032       0       0       0       0       0       001010001D   1321
     142       0       0       1       0                               0D   1322
     144    1033       0       0   10000       0       0       000000000D   1323
     144       0       0       1       0                PartBody       0D   1324
     110    1034       0       0       0       0       0       001010001D   1325
     110       0       0       1       0                               0D   1326
     110    1035       0       0       0       0       0       001010001D   1327
     110       0       0       1       0                               0D   1328
     120    1036       0       0       0       0       0       001010001D   1329
     120       0       0       1       0                               0D   1330
     110    1037       0       0       0       0       0       001010001D   1331
     110       0       0       1       0                               0D   1332
     124    1038       0       0       0       0       0       001020201D   1333
     124       0       0       2       0                               0D   1334
     100    1040       0       0       0       0    1333       001010001D   1335
     100       0       0       1       0                               0D   1336
     110    1041       0       0       0       0       0       001010001D   1337
     110       0       0       2       0                               0D   1338
     124    1043       0       0       0       0       0       001020201D   1339
     124       0       0       2       0                               0D   1340
     100    1045       0       0       0       0    1339       001010001D   1341
     100       0       0       1       0                               0D   1342
     102    1046       0       0       0       0       0       001010001D   1343
     102       0       0       1       0                               0D   1344
     142    1047       0       0       0       0       0       001010001D   1345
     142       0       0       1       0                               0D   1346
     144    1048       0       0   10000       0       0       000000000D   1347
     144       0       0       1       0                PartBody       0D   1348
     110    1049       0       0       0       0       0       001010001D   1349
     110       0       0       1       0                               0D   1350
     110    1050       0       0       0       0       0       001010001D   1351
     110       0       0       2       0                               0D   1352
     120    1052       0       0       0       0       0       001010001D   1353
     120       0       0       1       0                               0D   1354
     110    1053       0       0       0       0       0       001010001D   1355
     110       0       0       2       0                               0D   1356
     124    1055       0       0       0       0       0       001020201D   1357
     124       0       0       2       0                               0D   1358
     100    1057       0       0       0       0    1357       001010001D   1359
     100       0       0       1       0                               0D   1360
     110    1058       0       0       0       0       0       001010001D   1361
     110       0       0       1       0                               0D   1362
     124    1059       0       0       0       0       0       001020201D   1363
     124       0       0       2       0                               0D   1364
     100    1061       0       0       0       0    1363       001010001D   1365
     100       0       0       1       0                               0D   1366
     102    1062       0       0       0       0       0       001010001D   1367
     102       0       0       1       0                               0D   1368
     142    1063       0       0       0       0       0       001010001D   1369
     142       0       0       1       0                               0D   1370
     144    1064       0       0   10000       0       0       000000000D   1371
     144       0       0       1       0                PartBody       0D   1372
     110    1065       0       0       0       0       0       001010001D   1373
     110       0       0       1       0                               0D   1374
     110    1066       0       0       0       0       0       001010001D   1375
     110       0       0       1       0                               0D   1376
     120    1067       0       0       0       0       0       001010001D   1377
     120       0       0       1       0                               0D   1378
     110    1068       0       0       0       0       0       001010001D   1379
     110       0       0       2       0                               0D   1380
     124    1070       0       0       0       0       0       001020201D   1381
     124       0       0       2       0                               0D   1382
     100    1072       0       0       0       0    1381       001010001D   1383
     100       0       0       1       0                               0D   1384
     110    1073       0       0       0       0       0       001010001D   1385
     110       0       0       1       0                               0D   1386
     124    1074       0       0       0       0       0       001020201D   1387
     124       0       0       2       0                               0D   1388
     100    1076       0       0       0       0    1387       001010001D   1389
     100       0       0       1       0                               0D   1390
     102    1077       0       0       0       0       0       001010001D   1391
     102       0       0       1       0                               0D   1392
     142    1078       0       0       0       0       0       001010001D   1393
     142       0       0       1       0                               0D   1394
     144    1079       0       0   10000       0       0       000000000D   1395
     144       0       0       1       0                PartBody       0D   1396
     110    1080       0       0       0       0       0       001010001D   1397
     110       0       0       1       0                               0D   1398
     110    1081       0       0       0       0       0       001010001D   1399
     110       0       0       2       0                               0D   1400
     120    1083       0       0       0       0       0       001010001D   1401
     120       0       0       1       0                               0D   1402
     110    1084       0       0       0       0       0       001010001D   1403
     110       0       0       2       0                               0D   1404
     124    1086       0       0       0       0       0       001020201D   1405
     124       0       0       2       0                               0D   1406
     100    1088       0       0       0       0    1405       001010001D   1407
     100       0       0       1       0                               0D   1408
     110    1089       0       0       0       0       0       001010001D   1409
     110       0       0       2       0                               0D   1410
     124    1091       0       0       0       0       0       001020201D   1411
     124       0       0       2       0                               0D   1412
     100    1093       0       0       0       0    1411       001010001D   1413
     100       0       0       1       0                               0D   1414
     102    1094       0       0       0       0       0       001010001D   1415
     102       0       0       1       0                               0D   1416
     142    1095       0       0       0       0       0       001010001D   1417
     142       0       0       1       0                               0D   1418
     144    1096       0       0   10000       0       0       000000000D   1419
     144       0       0       1       0                PartBody       0D   1420
     110    1097       0       0       0       0       0       001010001D   1421
     110       0       0       1       0                               0D   1422
     110    1098       0       0       0       0       0       001010001D   1423
     110       0       0       1       0                               0D   1424
     110    1099       0       0       0       0       0       001010001D   1425
     110       0       0       1       0                               0D   1426
     110    1100       0       0       0       0       0       001010001D   1427
     110       0       0       2       0                               0D   1428
     102    1102       0       0       0       0       0       001010001D   1429
     102       0       0       1       0                               0D   1430
     142    1103       0       0       0       0       0       001010001D   1431
     142       0       0       1       0                               0D   1432
     144    1104       0       0   10000       0       0       000000000D   1433
     144       0       0       1       0                PartBody       0D   1434
     110    1105       0       0       0       0       0       001010001D   1435
     110       0       0       1       0                               0D   1436
     110    1106       0       0       0       0       0       001010001D   1437
     110       0       0       1       0                               0D   1438
     120    1107       0       0       0       0       0       001010001D   1439
     120       0       0       1       0                               0D   1440
     110    1108       0       0       0       0       0       001010001D   1441
     110       0       0       1       0                               0D   1442
     124    1109       0       0       0       0       0       001020201D   1443
     124       0       0       2       0                               0D   1444
     100    1111       0       0       0       0    1443       001010001D   1445
     100       0       0       1       0                               0D   1446
     110    1112       0       0       0       0       0       001010001D   1447
     110       0       0       1       0                               0D   1448
     124    1113       0       0       0       0       0       001020201D   1449
     124       0       0       2       0                               0D   1450
     100    1115       0       0       0       0    1449       001010001D   1451
     100       0       0       1       0                               0D   1452
     102    1116       0       0       0       0       0       001010001D   1453
     102       0       0       1       0                               0D   1454
     142    1117       0       0       0       0       0       001010001D   1455
     142       0       0       1       0                               0D   1456
     144    1118       0       0   10000       0       0       000000000D   1457
     144       0       0       1       0                PartBody       0D   1458
     110    1119       0       0       0       0       0       001010001D   1459
     110       0       0       1       0                               0D   1460
     110    1120       0       0       0       0       0       001010001D   1461
     110       0       0       1       0                               0D   1462
     110    1121       0       0       0       0       0       001010001D   1463
     110       0       0       1       0                               0D   1464
     110    1122       0       0       0       0       0       001010001D   1465
     110       0       0       1       0                               0D   1466
     102    1123       0       0       0       0       0       001010001D   1467
     102       0       0       1       0                               0D   1468
     142    1124       0       0       0       0       0       001010001D   1469
     142       0       0       1       0                               0D   1470
     144    1125       0       0   10000       0       0       000000000D   1471
     144       0       0       1       0                PartBody       0D   1472
     110    1126       0       0       0       0       0       001010001D   1473
     110       0       0       1       0                               0D   1474
     110    1127       0       0       0       0       0       001010001D   1475
     110       0       0       1       0                               0D   1476
     120    1128       0       0       0       0       0       001010001D   1477
     120       0       0       1       0                               0D   1478
     110    1129       0       0       0       0       0       001010001D   1479
     110       0       0       1       0                               0D   1480
     124    1130       0       0       0       0       0       001020201D   1481
     124       0       0       2       0                               0D   1482
     100    1132       0       0       0       0    1481       001010001D   1483
     100       0       0       1       0                               0D   1484
     110    1133       0       0       0       0       0       001010001D   1485
     110       0       0       1       0                               0D   1486
     124    1134       0       0       0       0       0       001020201D   1487
     124       0       0       2       0                               0D   1488
     100    1136       0       0       0       0    1487       001010001D   1489
     100       0       0       1       0                               0D   1490
     102    1137       0       0       0       0       0       001010001D   1491
     102       0       0       1       0                               0D   1492
     142    1138       0       0       0       0       0       001010001D   1493
     142       0       0       1       0                               0D   1494
     144    1139       0       0   10000       0       0       000000000D   1495
     144       0       0       1       0                PartBody       0D   1496
     108    1140       0       0       0       0       0       001010001D   1497
     108       0       0       1       0                               0D   1498
     110    1141       0       0       0       0       0       001010001D   1499
     110       0       0       1       0                               0D   1500
     110    1142       0       0       0       0       0       001010001D   1501
     110       0       0       1       0                               0D   1502
     110    1143       0       0       0       0       0       001010001D   1503
     110       0       0       1       0                               0D   1504
     110    1144       0       0       0       0       0       001010001D   1505
     110       0       0       1       0                               0D   1506
     102    1145       0       0       0       0       0       001010001D   1507
     102       0       0       1       0                               0D   1508
     142    1146       0       0       0       0       0       001010001D   1509
     142       0       0       1       0                               0D   1510
     144    1147       0       0   10000       0       0       000000000D   1511
     144       0       0       1       0                PartBody       0D   1512
     110    1148       0       0       0       0       0       001010001D   1513
     110       0       0       1       0                               0D   1514
     110    1149       0       0       0       0       0       001010001D   1515
     110       0       0       1       0                               0D   1516
     120    1150       0       0       0       0       0       001010001D   1517
     120       0       0       1       0                               0D   1518
     124    1151       0       0       0       0       0       001020201D   1519
     124       0       0       2       0                               0D   1520
     100    1153       0       0       0       0    1519       001010001D   1521
     100       0       0       1       0                               0D   1522
     110    1154       0       0       0       0       0       001010001D   1523
     110       0       0       2       0                               0D   1524
     124    1156       0       0       0       0       0       001020201D   1525
     124       0       0       2       0                               0D   1526
     100    1158       0       0       0       0    1525       001010001D   1527
     100       0       0       1       0                               0D   1528
     110    1159       0       0       0       0       0       001010001D   1529
     110       0       0       1       0                               0D   1530
     102    1160       0       0       0       0       0       001010001D   1531
     102       0       0       1       0                               0D   1532
     142    1161       0       0       0       0       0       001010001D   1533
     142       0       0       1       0                               0D   1534
     144    1162       0       0   10000       0       0       000000000D   1535
     144       0       0       1       0                PartBody       0D   1536
     110    1163       0       0       0       0       0       001010001D   1537
     110       0       0       2       0                               0D   1538
     110    1165       0       0       0       0       0       001010001D   1539
     110       0       0       1       0                               0D   1540
     110    1166       0       0       0       0       0       001010001D   1541
     110       0       0       1       0                               0D   1542
     110    1167       0       0       0       0       0       001010001D   1543
     110       0       0       1       0                               0D   1544
     102    1168       0       0       0       0       0       001010001D   1545
     102       0       0       1       0                               0D   1546
     142    1169       0       0       0       0       0       001010001D   1547
     142       0       0       1       0                               0D   1548
     144    1170       0       0   10000       0       0       000000000D   1549
     144       0       0       1       0                PartBody       0D   1550
     110    1171       0       0       0       0       0       001010001D   1551
     110       0       0       1       0                               0D   1552
     110    1172       0       0       0       0       0       001010001D   1553
     110       0       0       1       0                               0D   1554
     120    1173       0       0       0       0       0       001010001D   1555
     120       0       0       1       0                               0D   1556
     110    1174       0       0       0       0       0       001010001D   1557
     110       0       0       1       0                               0D   1558
     124    1175       0       0       0       0       0       001020201D   1559
     124       0       0       2       0                               0D   1560
     100    1177       0       0       0       0    1559       001010001D   1561
     100       0       0       1       0                               0D   1562
     110    1178       0       0       0       0       0       001010001D   1563
     110       0       0       1       0                               0D   1564
     124    1179       0       0       0       0       0       001020201D   1565
     124       0       0       2       0                               0D   1566
     100    1181       0       0       0       0    1565       001010001D   1567
     100       0       0       1       0                               0D   1568
     102    1182       0       0       0       0       0       001010001D   1569
     102       0       0       1       0                               0D   1570
     142    1183       0       0       0       0       0       001010001D   1571
     142       0       0       1       0                               0D   1572
     144    1184       0       0   10000       0       0       000000000D   1573
     144       0       0       1       0                PartBody       0D   1574
     110    1185       0       0       0       0       0       001010001D   1575
     110       0       0       1       0                               0D   1576
     110    1186       0       0       0       0       0       001010001D   1577
     110       0       0       1       0                               0D   1578
     110    1187       0       0       0       0       0       001010001D   1579
     110       0       0       1       0                               0D   1580
     110    1188       0       0       0       0       0       001010001D   1581
     110       0       0       1       0                               0D   1582
     102    1189       0       0       0       0       0       001010001D   1583
     102       0       0       1       0                               0D   1584
     142    1190       0       0       0       0       0       001010001D   1585
     142       0       0       1       0                               0D   1586
     144    1191       0       0   10000       0       0       000000000D   1587
     144       0       0       1       0                PartBody       0D   1588
     110    1192       0       0       0       0       0       001010001D   1589
     110       0       0       1       0                               0D   1590
     110    1193       0       0       0       0       0       001010001D   1591
     110       0       0       2       0                               0D   1592
     120    1195       0       0       0       0       0       001010001D   1593
     120       0       0       1       0                               0D   1594
     124    1196       0       0       0       0       0       001020201D   1595
     124       0       0       2       0                               0D   1596
     100    1198       0       0       0       0    1595       001010001D   1597
     100       0       0       1       0                               0D   1598
     110    1199       0       0       0       0       0       001010001D   1599
     110       0       0       2       0                               0D   1600
     124    1201       0       0       0       0       0       001020201D   1601
     124       0       0       2       0                               0D   1602
     100    1203       0       0       0       0    1601       001010001D   1603
     100       0       0       1       0                               0D   1604
     110    1204       0       0       0       0       0       001010001D   1605
     110       0       0       1       0                               0D   1606
     102    1205       0       0       0       0       0       001010001D   1607
     102       0       0       1       0                               0D   1608
     142    1206       0       0       0       0       0       001010001D   1609
     142       0       0       1       0                               0D   1610
     144    1207       0       0   10000       0       0       000000000D   1611
     144       0       0       1       0                PartBody       0D   1612
     108    1208       0       0       0       0       0       001010001D   1613
     108       0       0       2       0                               0D   1614
     110    1210       0       0       0       0       0       001010001D   1615
     110       0       0       2       0                               0D   1616
     110    1212       0       0       0       0       0       001010001D   1617
     110       0       0       2       0                               0D   1618
     110    1214       0       0       0       0       0       001010001D   1619
     110       0       0       2       0                               0D   1620
     110    1216       0       0       0       0       0       001010001D   1621
     110       0       0       2       0                               0D   1622
     102    1218       0       0       0       0       0       001010001D   1623
     102       0       0       1       0                               0D   1624
     142    1219       0       0       0       0       0       001010001D   1625
     142       0       0       1       0                               0D   1626
     144    1220       0       0   10000       0       0       000000000D   1627
     144       0       0       1       0                PartBody       0D   1628
     110    1221       0       0       0       0       0       001010001D   1629
     110       0       0       1       0                               0D   1630
     110    1222       0       0       0       0       0       001010001D   1631
     110       0       0       2       0                               0D   1632
     120    1224       0       0       0       0       0       001010001D   1633
     120       0       0       1       0                               0D   1634
     110    1225       0       0       0       0       0       001010001D   1635
     110       0       0       2       0                               0D   1636
     124    1227       0       0       0       0       0       001020201D   1637
     124       0       0       2       0                               0D   1638
     100    1229       0       0       0       0    1637       001010001D   1639
     100       0       0       1       0                               0D   1640
     110    1230       0       0       0       0       0       001010001D   1641
     110       0       0       2       0                               0D   1642
     124    1232       0       0       0       0       0       001020201D   1643
     124       0       0       2       0                               0D   1644
     100    1234       0       0       0       0    1643       001010001D   1645
     100       0       0       1       0                               0D   1646
     102    1235       0       0       0       0       0       001010001D   1647
     102       0       0       1       0                               0D   1648
     142    1236       0       0       0       0       0       001010001D   1649
     142       0       0       1       0                               0D   1650
     144    1237       0       0   10000       0       0       000000000D   1651
     144       0       0       1       0                PartBody       0D   1652
     108    1238       0       0       0       0       0       001010001D   1653
     108       0       0       2       0                               0D   1654
     110    1240       0       0       0       0       0       001010001D   1655
     110       0       0       2       0                               0D   1656
     110    1242       0       0       0       0       0       001010001D   1657
     110       0       0       2       0                               0D   1658
     110    1244       0       0       0       0       0       001010001D   1659
     110       0       0       2       0                               0D   1660
     110    1246       0       0       0       0       0       001010001D   1661
     110       0       0       2       0                               0D   1662
     102    1248       0       0       0       0       0       001010001D   1663
     102       0       0       1       0                               0D   1664
     142    1249       0       0       0       0       0       001010001D   1665
     142       0       0       1       0                               0D   1666
     144    1250       0       0   10000       0       0       000000000D   1667
     144       0       0       1       0                PartBody       0D   1668
     108    1251       0       0       0       0       0       001010001D   1669
     108       0       0       2       0                               0D   1670
     110    1253       0       0       0       0       0       001010001D   1671
     110       0       0       2       0                               0D   1672
     110    1255       0       0       0       0       0       001010001D   1673
     110       0       0       2       0                               0D   1674
     110    1257       0       0       0       0       0       001010001D   1675
     110       0       0       2       0                               0D   1676
     110    1259       0       0       0       0       0       001010001D   1677
     110       0       0       2       0                               0D   1678
     102    1261       0       0       0       0       0       001010001D   1679
     102       0       0       1       0                               0D   1680
     142    1262       0       0       0       0       0       001010001D   1681
     142       0       0       1       0                               0D   1682
     144    1263       0       0   10000       0       0       000000000D   1683
     144       0       0       1       0                PartBody       0D   1684
     110    1264       0       0       0       0       0       001010001D   1685
     110       0       0       1       0                               0D   1686
     110    1265       0       0       0       0       0       001010001D   1687
     110       0       0       2       0                               0D   1688
     120    1267       0       0       0       0       0       001010001D   1689
     120       0       0       1       0                               0D   1690
     110    1268       0       0       0       0       0       001010001D   1691
     110       0       0       2       0                               0D   1692
     124    1270       0       0       0       0       0       001020201D   1693
     124       0       0       2       0                               0D   1694
     100    1272       0       0       0       0    1693       001010001D   1695
     100       0       0       1       0                               0D   1696
     110    1273       0       0       0       0       0       001010001D   1697
     110       0       0       2       0                               0D   1698
     124    1275       0       0       0       0       0       001020201D   1699
     124       0       0       2       0                               0D   1700
     100    1277       0       0       0       0    1699       001010001D   1701
     100       0       0       1       0                               0D   1702
     102    1278       0       0       0       0       0       001010001D   1703
     102       0       0       1       0                               0D   1704
     142    1279       0       0       0       0       0       001010001D   1705
     142       0       0       1       0                               0D   1706
     144    1280       0       0   10000       0       0       000000000D   1707
     144       0       0       1       0                PartBody       0D   1708
     108    1281       0       0       0       0       0       001010001D   1709
     108       0       0       2       0                               0D   1710
     110    1283       0       0       0       0       0       001010001D   1711
     110       0       0       2       0                               0D   1712
     110    1285       0       0       0       0       0       001010001D   1713
     110       0       0       2       0                               0D   1714
     110    1287       0       0       0       0       0       001010001D   1715
     110       0       0       2       0                               0D   1716
     110    1289       0       0       0       0       0       001010001D   1717
     110       0       0       2       0                               0D   1718
     102    1291       0       0       0       0       0       001010001D   1719
     102       0       0       1       0                               0D   1720
     142    1292       0       0       0       0       0       001010001D   1721
     142       0       0       1       0                               0D   1722
     144    1293       0       0   10000       0       0       000000000D   1723
     144       0       0       1       0                PartBody       0D   1724
     110    1294       0       0       0       0       0       001010001D   1725
     110       0       0       1       0                               0D   1726
     110    1295       0       0       0       0       0       001010001D   1727
     110       0       0       1       0                               0D   1728
     120    1296       0       0       0       0       0       001010001D   1729
     120       0       0       1       0                               0D   1730
     126    1297       0       0       0       0       0       001010001D   1731
     126       0       0       5       0                               0D   1732
     124    1302       0       0       0       0       0       001020201D   1733
     124       0       0       2       0                               0D   1734
     100    1304       0       0       0       0    1733       001010001D   1735
     100       0       0       1       0                               0D   1736
     110    1305       0       0       0       0       0       001010001D   1737
     110       0       0       1       0                               0D   1738
     124    1306       0       0       0       0       0       001020201D   1739
     124       0       0       2       0                               0D   1740
     100    1308       0       0       0       0    1739       001010001D   1741
     100       0       0       1       0                               0D   1742
     110    1309       0       0       0       0       0       001010001D   1743
     110       0       0       1       0                               0D   1744
     102    1310       0       0       0       0       0       001010001D   1745
     102       0       0       1       0                               0D   1746
     142    1311       0       0       0       0       0       001010001D   1747
     142       0       0       1       0                               0D   1748
     144    1312       0       0   10000       0       0       000000000D   1749
     144       0       0       1       0                PartBody       0D   1750
     110    1313       0       0       0       0       0       001010001D   1751
     110       0       0       1       0                               0D   1752
     110    1314       0       0       0       0       0       001010001D   1753
     110       0       0       2       0                               0D   1754
     120    1316       0       0       0       0       0       001010001D   1755
     120       0       0       1       0                               0D   1756
     126    1317       0       0       0       0       0       001010001D   1757
     126       0       0       5       0                               0D   1758
     124    1322       0       0       0       0       0       001020201D   1759
     124       0       0       2       0                               0D   1760
     100    1324       0       0       0       0    1759       001010001D   1761
     100       0       0       1       0                               0D   1762
     110    1325       0       0       0       0       0       001010001D   1763
     110       0       0       2       0                               0D   1764
     124    1327       0       0       0       0       0       001020201D   1765
     124       0       0       2       0                               0D   1766
     100    1329       0       0       0       0    1765       001010001D   1767
     100       0       0       1       0                               0D   1768
     110    1330       0       0       0       0       0       001010001D   1769
     110       0       0       1       0                               0D   1770
     102    1331       0       0       0       0       0       001010001D   1771
     102       0       0       1       0                               0D   1772
     142    1332       0       0       0       0       0       001010001D   1773
     142       0       0       1       0                               0D   1774
     144    1333       0       0   10000       0       0       000000000D   1775
     144       0       0       1       0                PartBody       0D   1776
     124    1334       0       0       0       0       0       001020201D   1777
     124       0       0       2       0                               0D   1778
     100    1336       0       0       0       0    1777       001010001D   1779
     100       0       0       1       0                               0D   1780
     110    1337       0       0       0       0       0       001010001D   1781
     110       0       0       2       0                               0D   1782
     124    1339       0       0       0       0       0       001020201D   1783
     124       0       0       2       0                               0D   1784
     100    1341       0       0       0       0    1783       001010001D   1785
     100       0       0       1       0                               0D   1786
     110    1342       0       0       0       0       0       001010001D   1787
     110       0       0       1       0                               0D   1788
     124    1343       0       0       0       0       0       001020201D   1789
     124       0       0       2       0                               0D   1790
     100    1345       0       0       0       0    1789       001010001D   1791
     100       0       0       1       0                               0D   1792
     110    1346       0       0       0       0       0       001010001D   1793
     110       0       0       1       0                               0D   1794
     102    1347       0       0       0       0       0       001010001D   1795
     102       0       0       1       0                               0D   1796
     142    1348       0       0       0       0       0       001010001D   1797
     142       0       0       1       0                               0D   1798
     144    1349       0       0   10000       0       0       000000000D   1799
     144       0       0       1       0                PartBody       0D   1800
     124    1350       0       0       0       0       0       001020201D   1801
     124       0       0       2       0                               0D   1802
     100    1352       0       0       0       0    1801       001010001D   1803
     100       0       0       1       0                               0D   1804
     110    1353       0       0       0       0       0       001010001D   1805
     110       0       0       1       0                               0D   1806
     124    1354       0       0       0       0       0       001020201D   1807
     124       0       0       2       0                               0D   1808
     100    1356       0       0       0       0    1807       001010001D   1809
     100       0       0       1       0                               0D   1810
     110    1357       0       0       0       0       0       001010001D   1811
     110       0       0       1       0                               0D   1812
     124    1358       0       0       0       0       0       001020201D   1813
     124       0       0       2       0                               0D   1814
     100    1360       0       0       0       0    1813       001010001D   1815
     100       0       0       1       0                               0D   1816
     110    1361       0       0       0       0       0       001010001D   1817
     110       0       0       1       0                               0D   1818
     102    1362       0       0       0       0       0       001010001D   1819
     102       0       0       1       0                               0D   1820
     142    1363       0       0       0       0       0       001010001D   1821
     142       0       0       1       0                               0D   1822
     144    1364       0       0   10000       0       0       000000000D   1823
     144       0       0       1       0                PartBody       0D   1824
     124    1365       0       0       0       0       0       001020201D   1825
     124       0       0       2       0                               0D   1826
     100    1367       0       0       0       0    1825       001010001D   1827
     100       0       0       1       0                               0D   1828
     124    1368       0       0       0       0       0       001020201D   1829
     124       0       0       2       0                               0D   1830
     100    1370       0       0       0       0    1829       001010001D   1831
     100       0       0       1       0                               0D   1832
     124    1371       0       0       0       0       0       001020201D   1833
     124       0       0       2       0                               0D   1834
     100    1373       0       0       0       0    1833       001010001D   1835
     100       0       0       1       0                               0D   1836
     124    1374       0       0       0       0       0       001020201D   1837
     124       0       0       2       0                               0D   1838
     100    1376       0       0       0       0    1837       001010001D   1839
     100       0       0       1       0                               0D   1840
     110    1377       0       0       0       0       0       001010001D   1841
     110       0       0       1       0                               0D   1842
     124    1378       0       0       0       0       0       001020201D   1843
     124       0       0       2       0                               0D   1844
     100    1380       0       0       0       0    1843       001010001D   1845
     100       0       0       1       0                               0D   1846
     110    1381       0       0       0       0       0       001010001D   1847
     110       0       0       1       0                               0D   1848
     124    1382       0       0       0       0       0       001020201D   1849
     124       0       0       2       0                               0D   1850
     100    1384       0       0       0       0    1849       001010001D   1851
     100       0       0       1       0                               0D   1852
     110    1385       0       0       0       0       0       001010001D   1853
     110       0       0       1       0                               0D   1854
     102    1386       0       0       0       0       0       001010001D   1855
     102       0       0       1       0                               0D   1856
     142    1387       0       0       0       0       0       001010001D   1857
     142       0       0       1       0                               0D   1858
     144    1388       0       0   10000       0       0       000000000D   1859
     144       0       0       1       0                PartBody       0D   1860
     124    1389       0       0       0       0       0       001020201D   1861
     124       0       0       2       0                               0D   1862
     100    1391       0       0       0       0    1861       001010001D   1863
     100       0       0       1       0                               0D   1864
     110    1392       0       0       0       0       0       001010001D   1865
     110       0       0       1       0                               0D   1866
     124    1393       0       0       0       0       0       001020201D   1867
     124       0       0       2       0                               0D   1868
     100    1395       0       0       0       0    1867       001010001D   1869
     100       0       0       1       0                               0D   1870
     110    1396       0       0       0       0       0       001010001D   1871
     110       0       0       1       0                               0D   1872
     124    1397       0       0       0       0       0       001020201D   1873
     124       0       0       2       0                               0D   1874
     100    1399       0       0       0       0    1873       001010001D   1875
     100       0       0       1       0                               0D   1876
     110    1400       0       0       0       0       0       001010001D   1877
     110       0       0       2       0                               0D   1878
     102    1402       0       0       0       0       0       001010001D   1879
     102       0       0       1       0                               0D   1880
     142    1403       0       0       0       0       0       001010001D   1881
     142       0       0       1       0                               0D   1882
     144    1404       0       0   10000       0       0       000000000D   1883
     144       0       0       1       0                PartBody       0D   1884
     110    1405       0       0       0       0       0       001010001D   1885
     110       0       0       2       0                               0D   1886
     110    1407       0       0       0       0       0       001010001D   1887
     110       0       0       2       0                               0D   1888
     110    1409       0       0       0       0       0       001010001D   1889
     110       0       0       2       0                               0D   1890
     124    1411       0       0       0       0       0       001020201D   1891
     124       0       0       2       0                               0D   1892
     100    1413       0       0       0       0    1891       001010001D   1893
     100       0       0       1       0                               0D   1894
     102    1414       0       0       0       0       0       001010001D   1895
     102       0       0       1       0                               0D   1896
     142    1415       0       0       0       0       0       001010001D   1897
     142       0       0       1       0                               0D   1898
     144    1416       0       0   10000       0       0       000000000D   1899
     144       0       0       1       0                PartBody       0D   1900
     110    1417       0       0       0       0       0       001010001D   1901
     110       0       0       1       0                               0D   1902
     110    1418       0       0       0       0       0       001010001D   1903
     110       0       0       2       0                               0D   1904
     120    1420       0       0       0       0       0       001010001D   1905
     120       0       0       1       0                               0D   1906
     110    1421       0       0       0       0       0       001010001D   1907
     110       0       0       2       0                               0D   1908
     124    1423       0       0       0       0       0       001020201D   1909
     124       0       0       2       0                               0D   1910
     100    1425       0       0       0       0    1909       001010001D   1911
     100       0       0       1       0                               0D   1912
     110    1426       0       0       0       0       0       001010001D   1913
     110       0       0       1       0                               0D   1914
     126    1427       0       0       0       0       0       001010001D   1915
     126       0       0       5       0                               0D   1916
     124    1432       0       0       0       0       0       001020201D   1917
     124       0       0       2       0                               0D   1918
     100    1434       0       0       0       0    1917       001010001D   1919
     100       0       0       1       0                               0D   1920
     110    1435       0       0       0       0       0       001010001D   1921
     110       0       0       1       0                               0D   1922
     124    1436       0       0       0       0       0       001020201D   1923
     124       0       0       2       0                               0D   1924
     100    1438       0       0       0       0    1923       001010001D   1925
     100       0       0       1       0                               0D   1926
     102    1439       0       0       0       0       0       001010001D   1927
     102       0       0       1       0                               0D   1928
     142    1440       0       0       0       0       0       001010001D   1929
     142       0       0       1       0                               0D   1930
     144    1441       0       0   10000       0       0       000000000D   1931
     144       0       0       1       0                PartBody       0D   1932
     108    1442       0       0       0       0       0       001010001D   1933
     108       0       0       2       0                               0D   1934
     110    1444       0       0       0       0       0       001010001D   1935
     110       0       0       1       0                               0D   1936
     126    1445       0       0       0       0       0       001010001D   1937
     126       0       0       6       0                               0D   1938
     110    1451       0       0       0       0       0       001010001D   1939
     110       0       0       2       0                               0D   1940
     110    1453       0       0       0       0       0       001010001D   1941
     110       0       0       1       0                               0D   1942
     102    1454       0       0       0       0       0       001010001D   1943
     102       0       0       1       0                               0D   1944
     142    1455       0       0       0       0       0       001010001D   1945
     142       0       0       1       0                               0D   1946
     144    1456       0       0   10000       0       0       000000000D   1947
     144       0       0       1       0                PartBody       0D   1948
     108    1457       0       0       0       0       0       001010001D   1949
     108       0       0       1       0                               0D   1950
     110    1458       0       0       0       0       0       001010001D   1951
     110       0       0       1       0                               0D   1952
     124    1459       0       0       0       0       0       001020201D   1953
     124       0       0       2       0                               0D   1954
     100    1461       0       0       0       0    1953       001010001D   1955
     100       0       0       1       0                               0D   1956
     110    1462       0       0       0       0       0       001010001D   1957
     110       0       0       1       0                               0D   1958
     124    1463       0       0       0       0       0       001020201D   1959
     124       0       0       2       0                               0D   1960
     100    1465       0       0       0       0    1959       001010001D   1961
     100       0       0       1       0                               0D   1962
     102    1466       0       0       0       0       0       001010001D   1963
     102       0       0       1       0                               0D   1964
     142    1467       0       0       0       0       0       001010001D   1965
     142       0       0       1       0                               0D   1966
     144    1468       0       0   10000       0       0       000000000D   1967
     144       0       0       1       0                PartBody       0D   1968
     110    1469       0       0       0       0       0       001010001D   1969
     110       0       0       1       0                               0D   1970
     110    1470       0       0       0       0       0       001010001D   1971
     110       0       0       1       0                               0D   1972
     120    1471       0       0       0       0       0       001010001D   1973
     120       0       0       1       0                               0D   1974
     124    1472       0       0       0       0       0       001020201D   1975
     124       0       0       2       0                               0D   1976
     100    1474       0       0       0       0    1975       001010001D   1977
     100       0       0       1       0                               0D   1978
     126    1475       0       0       0       0       0       001010001D   1979
     126       0       0       5       0                               0D   1980
     124    1480       0       0       0       0       0       001020201D   1981
     124       0       0       2       0                               0D   1982
     100    1482       0       0       0       0    1981       001010001D   1983
     100       0       0       1       0                               0D   1984
     124    1483       0       0       0       0       0       001020201D   1985
     124       0       0       1       0                               0D   1986
     100    1484       0       0       0       0    1985       001010001D   1987
     100       0       0       1       0                               0D   1988
     126    1485       0       0       0       0       0       001010001D   1989
     126       0       0       5       0                               0D   1990
     102    1490       0       0       0       0       0       001010001D   1991
     102       0       0       1       0                               0D   1992
     142    1491       0       0       0       0       0       001010001D   1993
     142       0       0       1       0                               0D   1994
     144    1492       0       0   10000       0       0       000000000D   1995
     144       0       0       1       0                PartBody       0D   1996
     108    1493       0       0       0       0       0       001010001D   1997
     108       0       0       1       0                               0D   1998
     110    1494       0       0       0       0       0       001010001D   1999
     110       0       0       2       0                               0D   2000
     124    1496       0       0       0       0       0       001020201D   2001
     124       0       0       2       0                               0D   2002
     100    1498       0       0       0       0    2001       001010001D   2003
     100       0       0       1       0                               0D   2004
     110    1499       0       0       0       0       0       001010001D   2005
     110       0       0       1       0                               0D   2006
     124    1500       0       0       0       0       0       001020201D   2007
     124       0       0       2       0                               0D   2008
     100    1502       0       0       0       0    2007       001010001D   2009
     100       0       0       1       0                               0D   2010
     110    1503       0       0       0       0       0       001010001D   2011
     110       0       0       1       0                               0D   2012
     110    1504       0       0       0       0       0       001010001D   2013
     110       0       0       1       0                               0D   2014
     110    1505       0       0       0       0       0       001010001D   2015
     110       0       0       1       0                               0D   2016
     126    1506       0       0       0       0       0       001010001D   2017
     126       0       0      13       0                               0D   2018
     110    1519       0       0       0       0       0       001010001D   2019
     110       0       0       1       0                               0D   2020
     110    1520       0       0       0       0       0       001010001D   2021
     110       0       0       1       0                               0D   2022
     124    1521       0       0       0       0       0       001020201D   2023
     124       0       0       2       0                               0D   2024
     100    1523       0       0       0       0    2023       001010001D   2025
     100       0       0       1       0                               0D   2026
     102    1524       0       0       0       0       0       001010001D   2027
     102       0       0       2       0                               0D   2028
     142    1526       0       0       0       0       0       001010001D   2029
     142       0       0       1       0                               0D   2030
     144    1527       0       0   10000       0       0       000000000D   2031
     144       0       0       1       0                PartBody       0D   2032
     110    1528       0       0       0       0       0       001010001D   2033
     110       0       0       1       0                               0D   2034
     124    1529       0       0       0       0       0       001020201D   2035
     124       0       0       2       0                               0D   2036
     100    1531       0       0       0       0    2035       001010001D   2037
     100       0       0       1       0                               0D   2038
     120    1532       0       0       0       0       0       001010001D   2039
     120       0       0       1       0                               0D   2040
     124    1533       0       0       0       0       0       001020201D   2041
     124       0       0       2       0                               0D   2042
     100    1535       0       0       0       0    2041       001010001D   2043
     100       0       0       1       0                               0D   2044
     124    1536       0       0       0       0       0       001020201D   2045
     124       0       0       3       0                               0D   2046
     100    1539       0       0       0       0    2045       001010001D   2047
     100       0       0       1       0                               0D   2048
     124    1540       0       0       0       0       0       001020201D   2049
     124       0       0       2       0                               0D   2050
     100    1542       0       0       0       0    2049       001010001D   2051
     100       0       0       1       0                               0D   2052
     124    1543       0       0       0       0       0       001020201D   2053
     124       0       0       2       0                               0D   2054
     100    1545       0       0       0       0    2053       001010001D   2055
     100       0       0       1       0                               0D   2056
     102    1546       0       0       0       0       0       001010001D   2057
     102       0       0       1       0                               0D   2058
     142    1547       0       0       0       0       0       001010001D   2059
     142       0       0       1       0                               0D   2060
     144    1548       0       0   10000       0       0       000000000D   2061
     144       0       0       1       0                PartBody       0D   2062
     110    1549       0       0       0       0       0       001010001D   2063
     110       0       0       1       0                               0D   2064
     110    1550       0       0       0       0       0       001010001D   2065
     110       0       0       1       0                               0D   2066
     120    1551       0       0       0       0       0       001010001D   2067
     120       0       0       1       0                               0D   2068
     110    1552       0       0       0       0       0       001010001D   2069
     110       0       0       1       0                               0D   2070
     124    1553       0       0       0       0       0       001020201D   2071
     124       0       0       2       0                               0D   2072
     100    1555       0       0       0       0    2071       001010001D   2073
     100       0       0       1       0                               0D   2074
     110    1556       0       0       0       0       0       001010001D   2075
     110       0       0       1       0                               0D   2076
     124    1557       0       0       0       0       0       001020201D   2077
     124       0       0       2       0                               0D   2078
     100    1559       0       0       0       0    2077       001010001D   2079
     100       0       0       1       0                               0D   2080
     102    1560       0       0       0       0       0       001010001D   2081
     102       0       0       1       0                               0D   2082
     142    1561       0       0       0       0       0       001010001D   2083
     142       0       0       1       0                               0D   2084
     144    1562       0       0   10000       0       0       000000000D   2085
     144       0       0       1       0                PartBody       0D   2086
     110    1563       0       0       0       0       0       001010001D   2087
     110       0       0       1       0                               0D   2088
     124    1564       0       0       0       0       0       001020201D   2089
     124       0       0       2       0                               0D   2090
     100    1566       0       0       0       0    2089       001010001D   2091
     100       0       0       1       0                               0D   2092
     120    1567       0       0       0       0       0       001010001D   2093
     120       0       0       1       0                               0D   2094
     124    1568       0       0       0       0       0       001020201D   2095
     124       0       0       2       0                               0D   2096
     100    1570       0       0       0       0    2095       001010001D   2097
     100       0       0       1       0                               0D   2098
     124    1571       0       0       0       0       0       001020201D   2099
     124       0       0       3       0                               0D   2100
     100    1574       0       0       0       0    2099       001010001D   2101
     100       0       0       1       0                               0D   2102
     124    1575       0       0       0       0       0       001020201D   2103
     124       0       0       2       0                               0D   2104
     100    1577       0       0       0       0    2103       001010001D   2105
     100       0       0       1       0                               0D   2106
     124    1578       0       0       0       0       0       001020201D   2107
     124       0       0       2       0                               0D   2108
     100    1580       0       0       0       0    2107       001010001D   2109
     100       0       0       1       0                               0D   2110
     102    1581       0       0       0       0       0       001010001D   2111
     102       0       0       1       0                               0D   2112
     142    1582       0       0       0       0       0       001010001D   2113
     142       0       0       1       0                               0D   2114
     144    1583       0       0   10000       0       0       000000000D   2115
     144       0       0       1       0                PartBody       0D   2116
     110    1584       0       0       0       0       0       001010001D   2117
     110       0       0       2       0                               0D   2118
     110    1586       0       0       0       0       0       001010001D   2119
     110       0       0       2       0                               0D   2120
     120    1588       0       0       0       0       0       001010001D   2121
     120       0       0       1       0                               0D   2122
     126    1589       0       0       0       0       0       001010001D   2123
     126       0       0       7       0                               0D   2124
     110    1596       0       0       0       0       0       001010001D   2125
     110       0       0       2       0                               0D   2126
     124    1598       0       0       0       0       0       001020201D   2127
     124       0       0       2       0                               0D   2128
     100    1600       0       0       0       0    2127       001010001D   2129
     100       0       0       1       0                               0D   2130
     110    1601       0       0       0       0       0       001010001D   2131
     110       0       0       2       0                               0D   2132
     102    1603       0       0       0       0       0       001010001D   2133
     102       0       0       1       0                               0D   2134
     142    1604       0       0       0       0       0       001010001D   2135
     142       0       0       1       0                               0D   2136
     144    1605       0       0   10000       0       0       000000000D   2137
     144       0       0       1       0                PartBody       0D   2138
     110    1606       0       0       0       0       0       001010001D   2139
     110       0       0       1       0                               0D   2140
     110    1607       0       0       0       0       0       001010001D   2141
     110       0       0       2       0                               0D   2142
     120    1609       0       0       0       0       0       001010001D   2143
     120       0       0       1       0                               0D   2144
     126    1610       0       0       0       0       0       001010001D   2145
     126       0       0       5       0                               0D   2146
     110    1615       0       0       0       0       0       001010001D   2147
     110       0       0       1       0                               0D   2148
     124    1616       0       0       0       0       0       001020201D   2149
     124       0       0       3       0                               0D   2150
     100    1619       0       0       0       0    2149       001010001D   2151
     100       0       0       1       0                               0D   2152
     110    1620       0       0       0       0       0       001010001D   2153
     110       0       0       1       0                               0D   2154
     102    1621       0       0       0       0       0       001010001D   2155
     102       0       0       1       0                               0D   2156
     142    1622       0       0       0       0       0       001010001D   2157
     142       0       0       1       0                               0D   2158
     144    1623       0       0   10000       0       0       000000000D   2159
     144       0       0       1       0                PartBody       0D   2160
     108    1624       0       0       0       0       0       001010001D   2161
     108       0       0       1       0                               0D   2162
     124    1625       0       0       0       0       0       001020201D   2163
     124       0       0       2       0                               0D   2164
     100    1627       0       0       0       0    2163       001010001D   2165
     100       0       0       1       0                               0D   2166
     110    1628       0       0       0       0       0       001010001D   2167
     110       0       0       1       0                               0D   2168
     110    1629       0       0       0       0       0       001010001D   2169
     110       0       0       1       0                               0D   2170
     126    1630       0       0       0       0       0       001010001D   2171
     126       0       0      11       0                               0D   2172
     110    1641       0       0       0       0       0       001010001D   2173
     110       0       0       1       0                               0D   2174
     110    1642       0       0       0       0       0       001010001D   2175
     110       0       0       1       0                               0D   2176
     110    1643       0       0       0       0       0       001010001D   2177
     110       0       0       1       0                               0D   2178
     124    1644       0       0       0       0       0       001020201D   2179
     124       0       0       2       0                               0D   2180
     100    1646       0       0       0       0    2179       001010001D   2181
     100       0       0       1       0                               0D   2182
     110    1647       0       0       0       0       0       001010001D   2183
     110       0       0       1       0                               0D   2184
     124    1648       0       0       0       0       0       001020201D   2185
     124       0       0       2       0                               0D   2186
     100    1650       0       0       0       0    2185       001010001D   2187
     100       0       0       1       0                               0D   2188
     110    1651       0       0       0       0       0       001010001D   2189
     110       0       0       2       0                               0D   2190
     102    1653       0       0       0       0       0       001010001D   2191
     102       0       0       2       0                               0D   2192
     142    1655       0       0       0       0       0       001010001D   2193
     142       0       0       1       0                               0D   2194
     144    1656       0       0   10000       0       0       000000000D   2195
     144       0       0       1       0                PartBody       0D   2196
     108    1657       0       0       0       0       0       001010001D   2197
     108       0       0       2       0                               0D   2198
     110    1659       0       0       0       0       0       001010001D   2199
     110       0       0       1       0                               0D   2200
     110    1660       0       0       0       0       0       001010001D   2201
     110       0       0       1       0                               0D   2202
     110    1661       0       0       0       0       0       001010001D   2203
     110       0       0       2       0                               0D   2204
     110    1663       0       0       0       0       0       001010001D   2205
     110       0       0       1       0                               0D   2206
     102    1664       0       0       0       0       0       001010001D   2207
     102       0       0       1       0                               0D   2208
     142    1665       0       0       0       0       0       001010001D   2209
     142       0       0       1       0                               0D   2210
     144    1666       0       0   10000       0       0       000000000D   2211
     144       0       0       1       0                PartBody       0D   2212
     110    1667       0       0       0       0       0       001010001D   2213
     110       0       0       1       0                               0D   2214
     110    1668       0       0       0       0       0       001010001D   2215
     110       0       0       2       0                               0D   2216
     120    1670       0       0       0       0       0       001010001D   2217
     120       0       0       1       0                               0D   2218
     124    1671       0       0       0       0       0       001020201D   2219
     124       0       0       2       0                               0D   2220
     100    1673       0       0       0       0    2219       001010001D   2221
     100       0       0       1       0                               0D   2222
     110    1674       0       0       0       0       0       001010001D   2223
     110       0       0       2       0                               0D   2224
     124    1676       0       0       0       0       0       001020201D   2225
     124       0       0       2       0                               0D   2226
     100    1678       0       0       0       0    2225       001010001D   2227
     100       0       0       1       0                               0D   2228
     110    1679       0       0       0       0       0       001010001D   2229
     110       0       0       1       0                               0D   2230
     102    1680       0       0       0       0       0       001010001D   2231
     102       0       0       1       0                               0D   2232
     142    1681       0       0       0       0       0       001010001D   2233
     142       0       0       1       0                               0D   2234
     144    1682       0       0   10000       0       0       000000000D   2235
     144       0       0       1       0                PartBody       0D   2236
     108    1683       0       0       0       0       0       001010001D   2237
     108       0       0       1       0                               0D   2238
     110    1684       0       0       0       0       0       001010001D   2239
     110       0       0       1       0                               0D   2240
     110    1685       0       0       0       0       0       001010001D   2241
     110       0       0       1       0                               0D   2242
     110    1686       0       0       0       0       0       001010001D   2243
     110       0       0       1       0                               0D   2244
     110    1687       0       0       0       0       0       001010001D   2245
     110       0       0       1       0                               0D   2246
     102    1688       0       0       0       0       0       001010001D   2247
     102       0       0       1       0                               0D   2248
     142    1689       0       0       0       0       0       001010001D   2249
     142       0       0       1       0                               0D   2250
     144    1690       0       0   10000       0       0       000000000D   2251
     144       0       0       1       0                PartBody       0D   2252
     110    1691       0       0       0       0       0       001010001D   2253
     110       0       0       1       0                               0D   2254
     110    1692       0       0       0       0       0       001010001D   2255
     110       0       0       1       0                               0D   2256
     120    1693       0       0       0       0       0       001010001D   2257
     120       0       0       1       0                               0D   2258
     124    1694       0       0       0       0       0       001020201D   2259
     124       0       0       2       0                               0D   2260
     100    1696       0       0       0       0    2259       001010001D   2261
     100       0       0       1       0                               0D   2262
     110    1697       0       0       0       0       0       001010001D   2263
     110       0       0       1       0                               0D   2264
     124    1698       0       0       0       0       0       001020201D   2265
     124       0       0       2       0                               0D   2266
     100    1700       0       0       0       0    2265       001010001D   2267
     100       0       0       1       0                               0D   2268
     110    1701       0       0       0       0       0       001010001D   2269
     110       0       0       2       0                               0D   2270
     102    1703       0       0       0       0       0       001010001D   2271
     102       0       0       1       0                               0D   2272
     142    1704       0       0       0       0       0       001010001D   2273
     142       0       0       1       0                               0D   2274
     144    1705       0       0   10000       0       0       000000000D   2275
     144       0       0       1       0                PartBody       0D   2276
     108    1706       0       0       0       0       0       001010001D   2277
     108       0       0       2       0                               0D   2278
     110    1708       0       0       0       0       0       001010001D   2279
     110       0       0       2       0                               0D   2280
     110    1710       0       0       0       0       0       001010001D   2281
     110       0       0       2       0                               0D   2282
     110    1712       0       0       0       0       0       001010001D   2283
     110       0       0       2       0                               0D   2284
     110    1714       0       0       0       0       0       001010001D   2285
     110       0       0       2       0                               0D   2286
     102    1716       0       0       0       0       0       001010001D   2287
     102       0       0       1       0                               0D   2288
     142    1717       0       0       0       0       0       001010001D   2289
     142       0       0       1       0                               0D   2290
     144    1718       0       0   10000       0       0       000000000D   2291
     144       0       0       1       0                PartBody       0D   2292
     110    1719       0       0       0       0       0       001010001D   2293
     110       0       0       1       0                               0D   2294
     124    1720       0       0       0       0       0       001020201D   2295
     124       0       0       3       0                               0D   2296
     100    1723       0       0       0       0    2295       001010001D   2297
     100       0       0       1       0                               0D   2298
     120    1724       0       0       0       0       0       001010001D   2299
     120       0       0       1       0                               0D   2300
     124    1725       0       0       0       0       0       001020201D   2301
     124       0       0       2       0                               0D   2302
     100    1727       0       0       0       0    2301       001010001D   2303
     100       0       0       1       0                               0D   2304
     124    1728       0       0       0       0       0       001020201D   2305
     124       0       0       2       0                               0D   2306
     100    1730       0       0       0       0    2305       001010001D   2307
     100       0       0       1       0                               0D   2308
     124    1731       0       0       0       0       0       001020201D   2309
     124       0       0       2       0                               0D   2310
     100    1733       0       0       0       0    2309       001010001D   2311
     100       0       0       1       0                               0D   2312
     124    1734       0       0       0       0       0       001020201D   2313
     124       0       0       3       0                               0D   2314
     100    1737       0       0       0       0    2313       001010001D   2315
     100       0       0       1       0                               0D   2316
     102    1738       0       0       0       0       0       001010001D   2317
     102       0       0       1       0                               0D   2318
     142    1739       0       0       0       0       0       001010001D   2319
     142       0       0       1       0                               0D   2320
     144    1740       0       0   10000       0       0       000000000D   2321
     144       0       0       1       0                PartBody       0D   2322
     110    1741       0       0       0       0       0       001010001D   2323
     110       0       0       1       0                               0D   2324
     110    1742       0       0       0       0       0       001010001D   2325
     110       0       0       1       0                               0D   2326
     120    1743       0       0       0       0       0       001010001D   2327
     120       0       0       1       0                               0D   2328
     110    1744       0       0       0       0       0       001010001D   2329
     110       0       0       1       0                               0D   2330
     124    1745       0       0       0       0       0       001020201D   2331
     124       0       0       2       0                               0D   2332
     100    1747       0       0       0       0    2331       001010001D   2333
     100       0       0       1       0                               0D   2334
     110    1748       0       0       0       0       0       001010001D   2335
     110       0       0       1       0                               0D   2336
     124    1749       0       0       0       0       0       001020201D   2337
     124       0       0       2       0                               0D   2338
     100    1751       0       0       0       0    2337       001010001D   2339
     100       0       0       1       0                               0D   2340
     102    1752       0       0       0       0       0       001010001D   2341
     102       0       0       1       0                               0D   2342
     142    1753       0       0       0       0       0       001010001D   2343
     142       0       0       1       0                               0D   2344
     144    1754       0       0   10000       0       0       000000000D   2345
     144       0       0       1       0                PartBody       0D   2346
     110    1755       0       0       0       0       0       001010001D   2347
     110       0       0       1       0                               0D   2348
     124    1756       0       0       0       0       0       001020201D   2349
     124       0       0       3       0                               0D   2350
     100    1759       0       0       0       0    2349       001010001D   2351
     100       0       0       1       0                               0D   2352
     120    1760       0       0       0       0       0       001010001D   2353
     120       0       0       1       0                               0D   2354
     124    1761       0       0       0       0       0       001020201D   2355
     124       0       0       2       0                               0D   2356
     100    1763       0       0       0       0    2355       001010001D   2357
     100       0       0       1       0                               0D   2358
     124    1764       0       0       0       0       0       001020201D   2359
     124       0       0       2       0                               0D   2360
     100    1766       0       0       0       0    2359       001010001D   2361
     100       0       0       1       0                               0D   2362
     124    1767       0       0       0       0       0       001020201D   2363
     124       0       0       2       0                               0D   2364
     100    1769       0       0       0       0    2363       001010001D   2365
     100       0       0       1       0                               0D   2366
     124    1770       0       0       0       0       0       001020201D   2367
     124       0       0       3       0                               0D   2368
     100    1773       0       0       0       0    2367       001010001D   2369
     100       0       0       1       0                               0D   2370
     102    1774       0       0       0       0       0       001010001D   2371
     102       0       0       1       0                               0D   2372
     142    1775       0       0       0       0       0       001010001D   2373
     142       0       0       1       0                               0D   2374
     144    1776       0       0   10000       0       0       000000000D   2375
     144       0       0       1       0                PartBody       0D   2376
     110    1777       0       0       0       0       0       001010001D   2377
     110       0       0       2       0                               0D   2378
     110    1779       0       0       0       0       0       001010001D   2379
     110       0       0       2       0                               0D   2380
     120    1781       0       0       0       0       0       001010001D   2381
     120       0       0       1       0                               0D   2382
     126    1782       0       0       0       0       0       001010001D   2383
     126       0       0       7       0                               0D   2384
     110    1789       0       0       0       0       0       001010001D   2385
     110       0       0       2       0                               0D   2386
     124    1791       0       0       0       0       0       001020201D   2387
     124       0       0       3       0                               0D   2388
     100    1794       0       0       0       0    2387       001010001D   2389
     100       0       0       1       0                               0D   2390
     110    1795       0       0       0       0       0       001010001D   2391
     110       0       0       2       0                               0D   2392
     102    1797       0       0       0       0       0       001010001D   2393
     102       0       0       1       0                               0D   2394
     142    1798       0       0       0       0       0       001010001D   2395
     142       0       0       1       0                               0D   2396
     144    1799       0       0   10000       0       0       000000000D   2397
     144       0       0       1       0                PartBody       0D   2398
     110    1800       0       0       0       0       0       001010001D   2399
     110       0       0       1       0                               0D   2400
     110    1801       0       0       0       0       0       001010001D   2401
     110       0       0       2       0                               0D   2402
     120    1803       0       0       0       0       0       001010001D   2403
     120       0       0       1       0                               0D   2404
     126    1804       0       0       0       0       0       001010001D   2405
     126       0       0       5       0                               0D   2406
     110    1809       0       0       0       0       0       001010001D   2407
     110       0       0       1       0                               0D   2408
     124    1810       0       0       0       0       0       001020201D   2409
     124       0       0       2       0                               0D   2410
     100    1812       0       0       0       0    2409       001010001D   2411
     100       0       0       1       0                               0D   2412
     110    1813       0       0       0       0       0       001010001D   2413
     110       0       0       1       0                               0D   2414
     102    1814       0       0       0       0       0       001010001D   2415
     102       0       0       1       0                               0D   2416
     142    1815       0       0       0       0       0       001010001D   2417
     142       0       0       1       0                               0D   2418
     144    1816       0       0   10000       0       0       000000000D   2419
     144       0       0       1       0                PartBody       0D   2420
     110    1817       0       0       0       0       0       001010001D   2421
     110       0       0       1       0                               0D   2422
     110    1818       0       0       0       0       0       001010001D   2423
     110       0       0       1       0                               0D   2424
     120    1819       0       0       0       0       0       001010001D   2425
     120       0       0       1       0                               0D   2426
     124    1820       0       0       0       0       0       001020201D   2427
     124       0       0       1       0                               0D   2428
     100    1821       0       0       0       0    2427       001010001D   2429
     100       0       0       1       0                               0D   2430
     110    1822       0       0       0       0       0       001010001D   2431
     110       0       0       1       0                               0D   2432
     124    1823       0       0       0       0       0       001020201D   2433
     124       0       0       1       0                               0D   2434
     100    1824       0       0       0       0    2433       001010001D   2435
     100       0       0       1       0                               0D   2436
     110    1825       0       0       0       0       0       001010001D   2437
     110       0       0       2       0                               0D   2438
     126    1827       0       0       0       0       0       001010001D   2439
     126       0       0       6       0                               0D   2440
     124    1833       0       0       0       0       0       001020201D   2441
     124       0       0       2       0                               0D   2442
     100    1835       0       0       0       0    2441       001010001D   2443
     100       0       0       1       0                               0D   2444
     126    1836       0       0       0       0       0       001010001D   2445
     126       0       0       6       0                               0D   2446
     110    1842       0       0       0       0       0       001010001D   2447
     110       0       0       2       0                               0D   2448
     124    1844       0       0       0       0       0       001020201D   2449
     124       0       0       2       0                               0D   2450
     100    1846       0       0       0       0    2449       001010001D   2451
     100       0       0       1       0                               0D   2452
     110    1847       0       0       0       0       0       001010001D   2453
     110       0       0       1       0                               0D   2454
     102    1848       0       0       0       0       0       001010001D   2455
     102       0       0       1       0                               0D   2456
     142    1849       0       0       0       0       0       001010001D   2457
     142       0       0       1       0                               0D   2458
     144    1850       0       0   10000       0       0       000000000D   2459
     144       0       0       1       0                PartBody       0D   2460
     110    1851       0       0       0       0       0       001010001D   2461
     110       0       0       1       0                               0D   2462
     110    1852       0       0       0       0       0       001010001D   2463
     110       0       0       1       0                               0D   2464
     120    1853       0       0       0       0       0       001010001D   2465
     120       0       0       1       0                               0D   2466
     124    1854       0       0       0       0       0       001020201D   2467
     124       0       0       1       0                               0D   2468
     100    1855       0       0       0       0    2467       001010001D   2469
     100       0       0       1       0                               0D   2470
     110    1856       0       0       0       0       0       001010001D   2471
     110       0       0       1       0                               0D   2472
     124    1857       0       0       0       0       0       001020201D   2473
     124       0       0       1       0                               0D   2474
     100    1858       0       0       0       0    2473       001010001D   2475
     100       0       0       1       0                               0D   2476
     110    1859       0       0       0       0       0       001010001D   2477
     110       0       0       1       0                               0D   2478
     102    1860       0       0       0       0       0       001010001D   2479
     102       0       0       1       0                               0D   2480
     142    1861       0       0       0       0       0       001010001D   2481
     142       0       0       1       0                               0D   2482
     144    1862       0       0   10000       0       0       000000000D   2483
     144       0       0       1       0                PartBody       0D   2484
     110    1863       0       0       0       0       0       001010001D   2485
     110       0       0       1       0                               0D   2486
     124    1864       0       0       0       0       0       001020201D   2487
     124       0       0       3       0                               0D   2488
     100    1867       0       0       0       0    2487       001010001D   2489
     100       0       0       1       0                               0D   2490
     120    1868       0       0       0       0       0       001010001D   2491
     120       0       0       1       0                               0D   2492
     124    1869       0       0       0       0       0       001020201D   2493
     124       0       0       2       0                               0D   2494
     100    1871       0       0       0       0    2493       001010001D   2495
     100       0       0       1       0                               0D   2496
     124    1872       0       0       0       0       0       001020201D   2497
     124       0       0       2       0                               0D   2498
     100    1874       0       0       0       0    2497       001010001D   2499
     100       0       0       1       0                               0D   2500
     124    1875       0       0       0       0       0       001020201D   2501
     124       0       0       2       0                               0D   2502
     100    1877       0       0       0       0    2501       001010001D   2503
     100       0       0       1       0                               0D   2504
     124    1878       0       0       0       0       0       001020201D   2505
     124       0       0       3       0                               0D   2506
     100    1881       0       0       0       0    2505       001010001D   2507
     100       0       0       1       0                               0D   2508
     102    1882       0       0       0       0       0       001010001D   2509
     102       0       0       1       0                               0D   2510
     142    1883       0       0       0       0       0       001010001D   2511
     142       0       0       1       0                               0D   2512
     144    1884       0       0   10000       0       0       000000000D   2513
     144       0       0       1       0                PartBody       0D   2514
     110    1885       0       0       0       0       0       001010001D   2515
     110       0       0       1       0                               0D   2516
     124    1886       0       0       0       0       0       001020201D   2517
     124       0       0       2       0                               0D   2518
     100    1888       0       0       0       0    2517       001010001D   2519
     100       0       0       1       0                               0D   2520
     120    1889       0       0       0       0       0       001010001D   2521
     120       0       0       1       0                               0D   2522
     124    1890       0       0       0       0       0       001020201D   2523
     124       0       0       1       0                               0D   2524
     100    1891       0       0       0       0    2523       001010001D   2525
     100       0       0       1       0                               0D   2526
     124    1892       0       0       0       0       0       001020201D   2527
     124       0       0       2       0                               0D   2528
     100    1894       0       0       0       0    2527       001010001D   2529
     100       0       0       1       0                               0D   2530
     124    1895       0       0       0       0       0       001020201D   2531
     124       0       0       2       0                               0D   2532
     100    1897       0       0       0       0    2531       001010001D   2533
     100       0       0       1       0                               0D   2534
     124    1898       0       0       0       0       0       001020201D   2535
     124       0       0       2       0                               0D   2536
     100    1900       0       0       0       0    2535       001010001D   2537
     100       0       0       1       0                               0D   2538
     102    1901       0       0       0       0       0       001010001D   2539
     102       0       0       1       0                               0D   2540
     142    1902       0       0       0       0       0       001010001D   2541
     142       0       0       1       0                               0D   2542
     144    1903       0       0   10000       0       0       000000000D   2543
     144       0       0       1       0                PartBody       0D   2544
     110    1904       0       0       0       0       0       001010001D   2545
     110       0       0       1       0                               0D   2546
     110    1905       0       0       0       0       0       001010001D   2547
     110       0       0       1       0                               0D   2548
     120    1906       0       0       0       0       0       001010001D   2549
     120       0       0       1       0                               0D   2550
     126    1907       0       0       0       0       0       001010001D   2551
     126       0       0       6       0                               0D   2552
     110    1913       0       0       0       0       0       001010001D   2553
     110       0       0       2       0                               0D   2554
     124    1915       0       0       0       0       0       001020201D   2555
     124       0       0       2       0                               0D   2556
     100    1917       0       0       0       0    2555       001010001D   2557
     100       0       0       1       0                               0D   2558
     110    1918       0       0       0       0       0       001010001D   2559
     110       0       0       1       0                               0D   2560
     126    1919       0       0       0       0       0       001010001D   2561
     126       0       0       5       0                               0D   2562
     126    1924       0       0       0       0       0       001010001D   2563
     126       0       0       5       0                               0D   2564
     102    1929       0       0       0       0       0       001010001D   2565
     102       0       0       1       0                               0D   2566
     142    1930       0       0       0       0       0       001010001D   2567
     142       0       0       1       0                               0D   2568
     144    1931       0       0   10000       0       0       000000000D   2569
     144       0       0       1       0                PartBody       0D   2570
     128    1932       0       0       0       0       0       001010001D   2571
     128       0       0      30       0                               0D   2572
     126    1962       0       0       0       0       0       001010001D   2573
     126       0       0       5       0                               0D   2574
     126    1967       0       0       0       0       0       001010001D   2575
     126       0       0       8       0                               0D   2576
     126    1975       0       0       0       0       0       001010001D   2577
     126       0       0       5       0                               0D   2578
     126    1980       0       0       0       0       0       001010001D   2579
     126       0       0       5       0                               0D   2580
     102    1985       0       0       0       0       0       001010001D   2581
     102       0       0       1       0                               0D   2582
     110    1986       0       0       0       0       0       001010501D   2583
     110       0       0       1       0                               0D   2584
     110    1987       0       0       0       0       0       001010501D   2585
     110       0       0       1       0                               0D   2586
     110    1988       0       0       0       0       0       001010501D   2587
     110       0       0       1       0                               0D   2588
     126    1989       0       0       0       0       0       001010501D   2589
     126       0       0       6       0                               0D   2590
     102    1995       0       0       0       0       0       001010501D   2591
     102       0       0       1       0                               0D   2592
     142    1996       0       0       0       0       0       001010001D   2593
     142       0       0       1       0                               0D   2594
     144    1997       0       0   10000       0       0       000000000D   2595
     144       0       0       1       0                PartBody       0D   2596
     128    1998       0       0       0       0       0       001010001D   2597
     128       0       0      30       0                               0D   2598
     126    2028       0       0       0       0       0       001010001D   2599
     126       0       0       5       0                               0D   2600
     126    2033       0       0       0       0       0       001010001D   2601
     126       0       0       7       0                               0D   2602
     126    2040       0       0       0       0       0       001010001D   2603
     126       0       0       5       0                               0D   2604
     126    2045       0       0       0       0       0       001010001D   2605
     126       0       0       5       0                               0D   2606
     102    2050       0       0       0       0       0       001010001D   2607
     102       0       0       1       0                               0D   2608
     110    2051       0       0       0       0       0       001010501D   2609
     110       0       0       1       0                               0D   2610
     110    2052       0       0       0       0       0       001010501D   2611
     110       0       0       1       0                               0D   2612
     110    2053       0       0       0       0       0       001010501D   2613
     110       0       0       1       0                               0D   2614
     126    2054       0       0       0       0       0       001010501D   2615
     126       0       0       6       0                               0D   2616
     102    2060       0       0       0       0       0       001010501D   2617
     102       0       0       1       0                               0D   2618
     142    2061       0       0       0       0       0       001010001D   2619
     142       0       0       1       0                               0D   2620
     144    2062       0       0   10000       0       0       000000000D   2621
     144       0       0       1       0                PartBody       0D   2622
     128    2063       0       0       0       0       0       001010001D   2623
     128       0       0      30       0                               0D   2624
     126    2093       0       0       0       0       0       001010001D   2625
     126       0       0       5       0                               0D   2626
     126    2098       0       0       0       0       0       001010001D   2627
     126       0       0       5       0                               0D   2628
     126    2103       0       0       0       0       0       001010001D   2629
     126       0       0       7       0                               0D   2630
     102    2110       0       0       0       0       0       001010001D   2631
     102       0       0       1       0                               0D   2632
     126    2111       0       0       0       0       0       001010501D   2633
     126       0       0       6       0                               0D   2634
     110    2117       0       0       0       0       0       001010501D   2635
     110       0       0       1       0                               0D   2636
     110    2118       0       0       0       0       0       001010501D   2637
     110       0       0       1       0                               0D   2638
     102    2119       0       0       0       0       0       001010501D   2639
     102       0       0       1       0                               0D   2640
     142    2120       0       0       0       0       0       001010001D   2641
     142       0       0       1       0                               0D   2642
     144    2121       0       0   10000       0       0       000000000D   2643
     144       0       0       1       0                PartBody       0D   2644
     128    2122       0       0       0       0       0       001010001D   2645
     128       0       0      29       0                               0D   2646
     126    2151       0       0       0       0       0       001010001D   2647
     126       0       0       5       0                               0D   2648
     126    2156       0       0       0       0       0       001010001D   2649
     126       0       0      10       0                               0D   2650
     126    2166       0       0       0       0       0       001010001D   2651
     126       0       0       5       0                               0D   2652
     102    2171       0       0       0       0       0       001010001D   2653
     102       0       0       1       0                               0D   2654
     126    2172       0       0       0       0       0       001010501D   2655
     126       0       0       9       0                               0D   2656
     110    2181       0       0       0       0       0       001010501D   2657
     110       0       0       1       0                               0D   2658
     110    2182       0       0       0       0       0       001010501D   2659
     110       0       0       1       0                               0D   2660
     102    2183       0       0       0       0       0       001010501D   2661
     102       0       0       1       0                               0D   2662
     142    2184       0       0       0       0       0       001010001D   2663
     142       0       0       1       0                               0D   2664
     144    2185       0       0   10000       0       0       000000000D   2665
     144       0       0       1       0                PartBody       0D   2666
     110    2186       0       0       0       0       0       001010001D   2667
     110       0       0       1       0                               0D   2668
     110    2187       0       0       0       0       0       001010001D   2669
     110       0       0       1       0                               0D   2670
     120    2188       0       0       0       0       0       001010001D   2671
     120       0       0       1       0                               0D   2672
     110    2189       0       0       0       0       0       001010001D   2673
     110       0       0       1       0                               0D   2674
     124    2190       0       0       0       0       0       001020201D   2675
     124       0       0       2       0                               0D   2676
     100    2192       0       0       0       0    2675       001010001D   2677
     100       0       0       1       0                               0D   2678
     110    2193       0       0       0       0       0       001010001D   2679
     110       0       0       2       0                               0D   2680
     126    2195       0       0       0       0       0       001010001D   2681
     126       0       0       5       0                               0D   2682
     126    2200       0       0       0       0       0       001010001D   2683
     126       0       0       6       0                               0D   2684
     126    2206       0       0       0       0       0       001010001D   2685
     126       0       0       5       0                               0D   2686
     102    2211       0       0       0       0       0       001010001D   2687
     102       0       0       1       0                               0D   2688
     142    2212       0       0       0       0       0       001010001D   2689
     142       0       0       1       0                               0D   2690
     144    2213       0       0   10000       0       0       000000000D   2691
     144       0       0       1       0                PartBody       0D   2692
     110    2214       0       0       0       0       0       001010001D   2693
     110       0       0       1       0                               0D   2694
     110    2215       0       0       0       0       0       001010001D   2695
     110       0       0       2       0                               0D   2696
     120    2217       0       0       0       0       0       001010001D   2697
     120       0       0       1       0                               0D   2698
     126    2218       0       0       0       0       0       001010001D   2699
     126       0       0       5       0                               0D   2700
     126    2223       0       0       0       0       0       001010001D   2701
     126       0       0       5       0                               0D   2702
     110    2228       0       0       0       0       0       001010001D   2703
     110       0       0       2       0                               0D   2704
     126    2230       0       0       0       0       0       001010001D   2705
     126       0       0       5       0                               0D   2706
     126    2235       0       0       0       0       0       001010001D   2707
     126       0       0       6       0                               0D   2708
     110    2241       0       0       0       0       0       001010001D   2709
     110       0       0       2       0                               0D   2710
     102    2243       0       0       0       0       0       001010001D   2711
     102       0       0       1       0                               0D   2712
     142    2244       0       0       0       0       0       001010001D   2713
     142       0       0       1       0                               0D   2714
     144    2245       0       0   10000       0       0       000000000D   2715
     144       0       0       1       0                PartBody       0D   2716
     128    2246       0       0       0       0       0       001010001D   2717
     128       0       0      30       0                               0D   2718
     126    2276       0       0       0       0       0       001010001D   2719
     126       0       0       5       0                               0D   2720
     126    2281       0       0       0       0       0       001010001D   2721
     126       0       0       8       0                               0D   2722
     126    2289       0       0       0       0       0       001010001D   2723
     126       0       0       5       0                               0D   2724
     126    2294       0       0       0       0       0       001010001D   2725
     126       0       0       5       0                               0D   2726
     102    2299       0       0       0       0       0       001010001D   2727
     102       0       0       1       0                               0D   2728
     110    2300       0       0       0       0       0       001010501D   2729
     110       0       0       1       0                               0D   2730
     110    2301       0       0       0       0       0       001010501D   2731
     110       0       0       1       0                               0D   2732
     110    2302       0       0       0       0       0       001010501D   2733
     110       0       0       1       0                               0D   2734
     126    2303       0       0       0       0       0       001010501D   2735
     126       0       0       6       0                               0D   2736
     102    2309       0       0       0       0       0       001010501D   2737
     102       0       0       1       0                               0D   2738
     142    2310       0       0       0       0       0       001010001D   2739
     142       0       0       1       0                               0D   2740
     144    2311       0       0   10000       0       0       000000000D   2741
     144       0       0       1       0                PartBody       0D   2742
     128    2312       0       0       0       0       0       001010001D   2743
     128       0       0      30       0                               0D   2744
     126    2342       0       0       0       0       0       001010001D   2745
     126       0       0       5       0                               0D   2746
     126    2347       0       0       0       0       0       001010001D   2747
     126       0       0       7       0                               0D   2748
     126    2354       0       0       0       0       0       001010001D   2749
     126       0       0       5       0                               0D   2750
     126    2359       0       0       0       0       0       001010001D   2751
     126       0       0       5       0                               0D   2752
     102    2364       0       0       0       0       0       001010001D   2753
     102       0       0       1       0                               0D   2754
     110    2365       0       0       0       0       0       001010501D   2755
     110       0       0       1       0                               0D   2756
     110    2366       0       0       0       0       0       001010501D   2757
     110       0       0       1       0                               0D   2758
     110    2367       0       0       0       0       0       001010501D   2759
     110       0       0       1       0                               0D   2760
     126    2368       0       0       0       0       0       001010501D   2761
     126       0       0       6       0                               0D   2762
     102    2374       0       0       0       0       0       001010501D   2763
     102       0       0       1       0                               0D   2764
     142    2375       0       0       0       0       0       001010001D   2765
     142       0       0       1       0                               0D   2766
     144    2376       0       0   10000       0       0       000000000D   2767
     144       0       0       1       0                PartBody       0D   2768
     128    2377       0       0       0       0       0       001010001D   2769
     128       0       0      30       0                               0D   2770
     126    2407       0       0       0       0       0       001010001D   2771
     126       0       0       5       0                               0D   2772
     126    2412       0       0       0       0       0       001010001D   2773
     126       0       0       5       0                               0D   2774
     126    2417       0       0       0       0       0       001010001D   2775
     126       0       0      10       0                               0D   2776
     102    2427       0       0       0       0       0       001010001D   2777
     102       0       0       1       0                               0D   2778
     126    2428       0       0       0       0       0       001010501D   2779
     126       0       0       9       0                               0D   2780
     110    2437       0       0       0       0       0       001010501D   2781
     110       0       0       1       0                               0D   2782
     110    2438       0       0       0       0       0       001010501D   2783
     110       0       0       1       0                               0D   2784
     102    2439       0       0       0       0       0       001010501D   2785
     102       0       0       1       0                               0D   2786
     142    2440       0       0       0       0       0       001010001D   2787
     142       0       0       1       0                               0D   2788
     144    2441       0       0   10000       0       0       000000000D   2789
     144       0       0       1       0                PartBody       0D   2790
     128    2442       0       0       0       0       0       001010001D   2791
     128       0       0      30       0                               0D   2792
     126    2472       0       0       0       0       0       001010001D   2793
     126       0       0       5       0                               0D   2794
     126    2477       0       0       0       0       0       001010001D   2795
     126       0       0       8       0                               0D   2796
     126    2485       0       0       0       0       0       001010001D   2797
     126       0       0       5       0                               0D   2798
     102    2490       0       0       0       0       0       001010001D   2799
     102       0       0       1       0                               0D   2800
     126    2491       0       0       0       0       0       001010501D   2801
     126       0       0       6       0                               0D   2802
     110    2497       0       0       0       0       0       001010501D   2803
     110       0       0       1       0                               0D   2804
     110    2498       0       0       0       0       0       001010501D   2805
     110       0       0       1       0                               0D   2806
     102    2499       0       0       0       0       0       001010501D   2807
     102       0       0       1       0                               0D   2808
     142    2500       0       0       0       0       0       001010001D   2809
     142       0       0       1       0                               0D   2810
     144    2501       0       0   10000       0       0       000000000D   2811
     144       0       0       1       0                PartBody       0D   2812
     110    2502       0       0       0       0       0       001010001D   2813
     110       0       0       1       0                               0D   2814
     110    2503       0       0       0       0       0       001010001D   2815
     110       0       0       1       0                               0D   2816
     110    2504       0       0       0       0       0       001010001D   2817
     110       0       0       1       0                               0D   2818
     126    2505       0       0       0       0       0       001010001D   2819
     126       0       0      13       0                               0D   2820
     110    2518       0       0       0       0       0       001010001D   2821
     110       0       0       1       0                               0D   2822
     110    2519       0       0       0       0       0       001010001D   2823
     110       0       0       1       0                               0D   2824
     110    2520       0       0       0       0       0       001010001D   2825
     110       0       0       1       0                               0D   2826
     102    2521       0       0       0       0       0       001010001D   2827
     102       0       0       1       0                               0D   2828
     142    2522       0       0       0       0       0       001010001D   2829
     142       0       0       1       0                               0D   2830
     144    2523       0       0   10000       0       0       000000000D   2831
     144       0       0       1       0                PartBody       0D   2832
     110    2524       0       0       0       0       0       001010001D   2833
     110       0       0       2       0                               0D   2834
     110    2526       0       0       0       0       0       001010001D   2835
     110       0       0       1       0                               0D   2836
     120    2527       0       0       0       0       0       001010001D   2837
     120       0       0       1       0                               0D   2838
     124    2528       0       0       0       0       0       001020201D   2839
     124       0       0       3       0                               0D   2840
     100    2531       0       0       0       0    2839       001010001D   2841
     100       0       0       1       0                               0D   2842
     110    2532       0       0       0       0       0       001010001D   2843
     110       0       0       2       0                               0D   2844
     124    2534       0       0       0       0       0       001020201D   2845
     124       0       0       2       0                               0D   2846
     100    2536       0       0       0       0    2845       001010001D   2847
     100       0       0       1       0                               0D   2848
     126    2537       0       0       0       0       0       001010001D   2849
     126       0       0      18       0                               0D   2850
     124    2555       0       0       0       0       0       001020201D   2851
     124       0       0       3       0                               0D   2852
     100    2558       0       0       0       0    2851       001010001D   2853
     100       0       0       1       0                               0D   2854
     110    2559       0       0       0       0       0       001010001D   2855
     110       0       0       1       0                               0D   2856
     102    2560       0       0       0       0       0       001010001D   2857
     102       0       0       1       0                               0D   2858
     142    2561       0       0       0       0       0       001010001D   2859
     142       0       0       1       0                               0D   2860
     144    2562       0       0   10000       0       0       000000000D   2861
     144       0       0       1       0                PartBody       0D   2862
     108    2563       0       0       0       0       0       001010001D   2863
     108       0       0       1       0                               0D   2864
     110    2564       0       0       0       0       0       001010001D   2865
     110       0       0       1       0                               0D   2866
     110    2565       0       0       0       0       0       001010001D   2867
     110       0       0       1       0                               0D   2868
     110    2566       0       0       0       0       0       001010001D   2869
     110       0       0       1       0                               0D   2870
     126    2567       0       0       0       0       0       001010001D   2871
     126       0       0      13       0                               0D   2872
     110    2580       0       0       0       0       0       001010001D   2873
     110       0       0       1       0                               0D   2874
     110    2581       0       0       0       0       0       001010001D   2875
     110       0       0       1       0                               0D   2876
     110    2582       0       0       0       0       0       001010001D   2877
     110       0       0       1       0                               0D   2878
     102    2583       0       0       0       0       0       001010001D   2879
     102       0       0       1       0                               0D   2880
     142    2584       0       0       0       0       0       001010001D   2881
     142       0       0       1       0                               0D   2882
     144    2585       0       0   10000       0       0       000000000D   2883
     144       0       0       1       0                PartBody       0D   2884
     108    2586       0       0       0       0       0       001010001D   2885
     108       0       0       1       0                               0D   2886
     110    2587       0       0       0       0       0       001010001D   2887
     110       0       0       1       0                               0D   2888
     110    2588       0       0       0       0       0       001010001D   2889
     110       0       0       1       0                               0D   2890
     110    2589       0       0       0       0       0       001010001D   2891
     110       0       0       1       0                               0D   2892
     110    2590       0       0       0       0       0       001010001D   2893
     110       0       0       1       0                               0D   2894
     102    2591       0       0       0       0       0       001010001D   2895
     102       0       0       1       0                               0D   2896
     142    2592       0       0       0       0       0       001010001D   2897
     142       0       0       1       0                               0D   2898
     144    2593       0       0   10000       0       0       000000000D   2899
     144       0       0       1       0                PartBody       0D   2900
     108    2594       0       0       0       0       0       001010001D   2901
     108       0       0       2       0                               0D   2902
     110    2596       0       0       0       0       0       001010001D   2903
     110       0       0       2       0                               0D   2904
     126    2598       0       0       0       0       0       001010001D   2905
     126       0       0       8       0                               0D   2906
     110    2606       0       0       0       0       0       001010001D   2907
     110       0       0       2       0                               0D   2908
     126    2608       0       0       0       0       0       001010001D   2909
     126       0       0       7       0                               0D   2910
     110    2615       0       0       0       0       0       001010001D   2911
     110       0       0       2       0                               0D   2912
     110    2617       0       0       0       0       0       001010001D   2913
     110       0       0       2       0                               0D   2914
     102    2619       0       0       0       0       0       001010001D   2915
     102       0       0       1       0                               0D   2916
     142    2620       0       0       0       0       0       001010001D   2917
     142       0       0       1       0                               0D   2918
     144    2621       0       0   10000       0       0       000000000D   2919
     144       0       0       1       0                PartBody       0D   2920
     110    2622       0       0       0       0       0       001010001D   2921
     110       0       0       1       0                               0D   2922
     110    2623       0       0       0       0       0       001010001D   2923
     110       0       0       1       0                               0D   2924
     120    2624       0       0       0       0       0       001010001D   2925
     120       0       0       1       0                               0D   2926
     124    2625       0       0       0       0       0       001020201D   2927
     124       0       0       2       0                               0D   2928
     100    2627       0       0       0       0    2927       001010001D   2929
     100       0       0       1       0                               0D   2930
     110    2628       0       0       0       0       0       001010001D   2931
     110       0       0       1       0                               0D   2932
     124    2629       0       0       0       0       0       001020201D   2933
     124       0       0       2       0                               0D   2934
     100    2631       0       0       0       0    2933       001010001D   2935
     100       0       0       1       0                               0D   2936
     126    2632       0       0       0       0       0       001010001D   2937
     126       0       0      18       0                               0D   2938
     124    2650       0       0       0       0       0       001020201D   2939
     124       0       0       3       0                               0D   2940
     100    2653       0       0       0       0    2939       001010001D   2941
     100       0       0       1       0                               0D   2942
     110    2654       0       0       0       0       0       001010001D   2943
     110       0       0       2       0                               0D   2944
     102    2656       0       0       0       0       0       001010001D   2945
     102       0       0       1       0                               0D   2946
     142    2657       0       0       0       0       0       001010001D   2947
     142       0       0       1       0                               0D   2948
     144    2658       0       0   10000       0       0       000000000D   2949
     144       0       0       1       0                PartBody       0D   2950
     110    2659       0       0       0       0       0       001010001D   2951
     110       0       0       2       0                               0D   2952
     124    2661       0       0       0       0       0       001020201D   2953
     124       0       0       3       0                               0D   2954
     100    2664       0       0       0       0    2953       001010001D   2955
     100       0       0       1       0                               0D   2956
     120    2665       0       0       0       0       0       001010001D   2957
     120       0       0       1       0                               0D   2958
     124    2666       0       0       0       0       0       001020201D   2959
     124       0       0       3       0                               0D   2960
     100    2669       0       0       0       0    2959       001010001D   2961
     100       0       0       1       0                               0D   2962
     126    2670       0       0       0       0       0       001010001D   2963
     126       0       0       6       0                               0D   2964
     124    2676       0       0       0       0       0       001020201D   2965
     124       0       0       3       0                               0D   2966
     100    2679       0       0       0       0    2965       001010001D   2967
     100       0       0       1       0                               0D   2968
     102    2680       0       0       0       0       0       001010001D   2969
     102       0       0       1       0                               0D   2970
     142    2681       0       0       0       0       0       001010001D   2971
     142       0       0       1       0                               0D   2972
     144    2682       0       0   10000       0       0       000000000D   2973
     144       0       0       1       0                PartBody       0D   2974
     110    2683       0       0       0       0       0       001010001D   2975
     110       0       0       1       0                               0D   2976
     110    2684       0       0       0       0       0       001010001D   2977
     110       0       0       1       0                               0D   2978
     120    2685       0       0       0       0       0       001010001D   2979
     120       0       0       1       0                               0D   2980
     110    2686       0       0       0       0       0       001010001D   2981
     110       0       0       1       0                               0D   2982
     124    2687       0       0       0       0       0       001020201D   2983
     124       0       0       2       0                               0D   2984
     100    2689       0       0       0       0    2983       001010001D   2985
     100       0       0       1       0                               0D   2986
     110    2690       0       0       0       0       0       001010001D   2987
     110       0       0       2       0                               0D   2988
     124    2692       0       0       0       0       0       001020201D   2989
     124       0       0       2       0                               0D   2990
     100    2694       0       0       0       0    2989       001010001D   2991
     100       0       0       1       0                               0D   2992
     102    2695       0       0       0       0       0       001010001D   2993
     102       0       0       1       0                               0D   2994
     142    2696       0       0       0       0       0       001010001D   2995
     142       0       0       1       0                               0D   2996
     144    2697       0       0   10000       0       0       000000000D   2997
     144       0       0       1       0                PartBody       0D   2998
     110    2698       0       0       0       0       0       001010001D   2999
     110       0       0       1       0                               0D   3000
     124    2699       0       0       0       0       0       001020201D   3001
     124       0       0       3       0                               0D   3002
     100    2702       0       0       0       0    3001       001010001D   3003
     100       0       0       1       0                               0D   3004
     120    2703       0       0       0       0       0       001010001D   3005
     120       0       0       1       0                               0D   3006
     124    2704       0       0       0       0       0       001020201D   3007
     124       0       0       3       0                               0D   3008
     100    2707       0       0       0       0    3007       001010001D   3009
     100       0       0       1       0                               0D   3010
     126    2708       0       0       0       0       0       001010001D   3011
     126       0       0       6       0                               0D   3012
     124    2714       0       0       0       0       0       001020201D   3013
     124       0       0       3       0                               0D   3014
     100    2717       0       0       0       0    3013       001010001D   3015
     100       0       0       1       0                               0D   3016
     102    2718       0       0       0       0       0       001010001D   3017
     102       0       0       1       0                               0D   3018
     142    2719       0       0       0       0       0       001010001D   3019
     142       0       0       1       0                               0D   3020
     144    2720       0       0   10000       0       0       000000000D   3021
     144       0       0       1       0                PartBody       0D   3022
     110    2721       0       0       0       0       0       001010001D   3023
     110       0       0       1       0                               0D   3024
     110    2722       0       0       0       0       0       001010001D   3025
     110       0       0       1       0                               0D   3026
     120    2723       0       0       0       0       0       001010001D   3027
     120       0       0       1       0                               0D   3028
     124    2724       0       0       0       0       0       001020201D   3029
     124       0       0       1       0                               0D   3030
     100    2725       0       0       0       0    3029       001010001D   3031
     100       0       0       1       0                               0D   3032
     110    2726       0       0       0       0       0       001010001D   3033
     110       0       0       1       0                               0D   3034
     124    2727       0       0       0       0       0       001020201D   3035
     124       0       0       2       0                               0D   3036
     100    2729       0       0       0       0    3035       001010001D   3037
     100       0       0       1       0                               0D   3038
     110    2730       0       0       0       0       0       001010001D   3039
     110       0       0       1       0                               0D   3040
     102    2731       0       0       0       0       0       001010001D   3041
     102       0       0       1       0                               0D   3042
     142    2732       0       0       0       0       0       001010001D   3043
     142       0       0       1       0                               0D   3044
     144    2733       0       0   10000       0       0       000000000D   3045
     144       0       0       1       0                PartBody       0D   3046
     110    2734       0       0       0       0       0       001010001D   3047
     110       0       0       1       0                               0D   3048
     110    2735       0       0       0       0       0       001010001D   3049
     110       0       0       1       0                               0D   3050
     120    2736       0       0       0       0       0       001010001D   3051
     120       0       0       1       0                               0D   3052
     124    2737       0       0       0       0       0       001020201D   3053
     124       0       0       1       0                               0D   3054
     100    2738       0       0       0       0    3053       001010001D   3055
     100       0       0       1       0                               0D   3056
     110    2739       0       0       0       0       0       001010001D   3057
     110       0       0       1       0                               0D   3058
     124    2740       0       0       0       0       0       001020201D   3059
     124       0       0       2       0                               0D   3060
     100    2742       0       0       0       0    3059       001010001D   3061
     100       0       0       1       0                               0D   3062
     110    2743       0       0       0       0       0       001010001D   3063
     110       0       0       1       0                               0D   3064
     102    2744       0       0       0       0       0       001010001D   3065
     102       0       0       1       0                               0D   3066
     142    2745       0       0       0       0       0       001010001D   3067
     142       0       0       1       0                               0D   3068
     144    2746       0       0   10000       0       0       000000000D   3069
     144       0       0       1       0                PartBody       0D   3070
     126    2747       0       0       0       0       0       001010001D   3071
     126       0       0       6       0                               0D   3072
     110    2753       0       0       0       0       0       001010001D   3073
     110       0       0       2       0                               0D   3074
     124    2755       0       0       0       0       0       001020201D   3075
     124       0       0       2       0                               0D   3076
     100    2757       0       0       0       0    3075       001010001D   3077
     100       0       0       1       0                               0D   3078
     110    2758       0       0       0       0       0       001010001D   3079
     110       0       0       1       0                               0D   3080
     124    2759       0       0       0       0       0       001020201D   3081
     124       0       0       2       0                               0D   3082
     100    2761       0       0       0       0    3081       001010001D   3083
     100       0       0       1       0                               0D   3084
     124    2762       0       0       0       0       0       001020201D   3085
     124       0       0       2       0                               0D   3086
     100    2764       0       0       0       0    3085       001010001D   3087
     100       0       0       1       0                               0D   3088
     124    2765       0       0       0       0       0       001020201D   3089
     124       0       0       2       0                               0D   3090
     100    2767       0       0       0       0    3089       001010001D   3091
     100       0       0       1       0                               0D   3092
     110    2768       0       0       0       0       0       001010001D   3093
     110       0       0       2       0                               0D   3094
     124    2770       0       0       0       0       0       001020201D   3095
     124       0       0       2       0                               0D   3096
     100    2772       0       0       0       0    3095       001010001D   3097
     100       0       0       1       0                               0D   3098
     110    2773       0       0       0       0       0       001010001D   3099
     110       0       0       1       0                               0D   3100
     102    2774       0       0       0       0       0       001010001D   3101
     102       0       0       1       0                               0D   3102
     142    2775       0       0       0       0       0       001010001D   3103
     142       0       0       1       0                               0D   3104
     144    2776       0       0   10000       0       0       000000000D   3105
     144       0       0       1       0                PartBody       0D   3106
     108    2777       0       0       0       0       0       001010001D   3107
     108       0       0       2       0                               0D   3108
     110    2779       0       0       0       0       0       001010001D   3109
     110       0       0       2       0                               0D   3110
     126    2781       0       0       0       0       0       001010001D   3111
     126       0       0      10       0                               0D   3112
     110    2791       0       0       0       0       0       001010001D   3113
     110       0       0       2       0                               0D   3114
     110    2793       0       0       0       0       0       001010001D   3115
     110       0       0       2       0                               0D   3116
     126    2795       0       0       0       0       0       001010001D   3117
     126       0       0      12       0                               0D   3118
     102    2807       0       0       0       0       0       001010001D   3119
     102       0       0       1       0                               0D   3120
     142    2808       0       0       0       0       0       001010001D   3121
     142       0       0       1       0                               0D   3122
     144    2809       0       0   10000       0       0       000000000D   3123
     144       0       0       1       0                PartBody       0D   3124
     108    2810       0       0       0       0       0       001010001D   3125
     108       0       0       2       0                               0D   3126
     110    2812       0       0       0       0       0       001010001D   3127
     110       0       0       1       0                               0D   3128
     126    2813       0       0       0       0       0       001010001D   3129
     126       0       0      10       0                               0D   3130
     110    2823       0       0       0       0       0       001010001D   3131
     110       0       0       1       0                               0D   3132
     110    2824       0       0       0       0       0       001010001D   3133
     110       0       0       1       0                               0D   3134
     110    2825       0       0       0       0       0       001010001D   3135
     110       0       0       1       0                               0D   3136
     124    2826       0       0       0       0       0       001020201D   3137
     124       0       0       3       0                               0D   3138
     100    2829       0       0       0       0    3137       001010001D   3139
     100       0       0       1       0                               0D   3140
     110    2830       0       0       0       0       0       001010001D   3141
     110       0       0       1       0                               0D   3142
     124    2831       0       0       0       0       0       001020201D   3143
     124       0       0       3       0                               0D   3144
     100    2834       0       0       0       0    3143       001010001D   3145
     100       0       0       1       0                               0D   3146
     110    2835       0       0       0       0       0       001010001D   3147
     110       0       0       1       0                               0D   3148
     102    2836       0       0       0       0       0       001010001D   3149
     102       0       0       1       0                               0D   3150
     142    2837       0       0       0       0       0       001010001D   3151
     142       0       0       1       0                               0D   3152
     144    2838       0       0   10000       0       0       000000000D   3153
     144       0       0       1       0                PartBody       0D   3154
     110    2839       0       0       0       0       0       001010001D   3155
     110       0       0       1       0                               0D   3156
     124    2840       0       0       0       0       0       001020201D   3157
     124       0       0       3       0                               0D   3158
     100    2843       0       0       0       0    3157       001010001D   3159
     100       0       0       1       0                               0D   3160
     120    2844       0       0       0       0       0       001010001D   3161
     120       0       0       1       0                               0D   3162
     124    2845       0       0       0       0       0       001020201D   3163
     124       0       0       2       0                               0D   3164
     100    2847       0       0       0       0    3163       001010001D   3165
     100       0       0       1       0                               0D   3166
     124    2848       0       0       0       0       0       001020201D   3167
     124       0       0       2       0                               0D   3168
     100    2850       0       0       0       0    3167       001010001D   3169
     100       0       0       1       0                               0D   3170
     124    2851       0       0       0       0       0       001020201D   3171
     124       0       0       2       0                               0D   3172
     100    2853       0       0       0       0    3171       001010001D   3173
     100       0       0       1       0                               0D   3174
     124    2854       0       0       0       0       0       001020201D   3175
     124       0       0       2       0                               0D   3176
     100    2856       0       0       0       0    3175       001010001D   3177
     100       0       0       1       0                               0D   3178
     102    2857       0       0       0       0       0       001010001D   3179
     102       0       0       1       0                               0D   3180
     142    2858       0       0       0       0       0       001010001D   3181
     142       0       0       1       0                               0D   3182
     144    2859       0       0   10000       0       0       000000000D   3183
     144       0       0       1       0                PartBody       0D   3184
     110    2860       0       0       0       0       0       001010001D   3185
     110       0       0       1       0                               0D   3186
     110    2861       0       0       0       0       0       001010001D   3187
     110       0       0       1       0                               0D   3188
     120    2862       0       0       0       0       0       001010001D   3189
     120       0       0       1       0                               0D   3190
     110    2863       0       0       0       0       0       001010001D   3191
     110       0       0       1       0                               0D   3192
     124    2864       0       0       0       0       0       001020201D   3193
     124       0       0       2       0                               0D   3194
     100    2866       0       0       0       0    3193       001010001D   3195
     100       0       0       1       0                               0D   3196
     110    2867       0       0       0       0       0       001010001D   3197
     110       0       0       1       0                               0D   3198
     124    2868       0       0       0       0       0       001020201D   3199
     124       0       0       2       0                               0D   3200
     100    2870       0       0       0       0    3199       001010001D   3201
     100       0       0       1       0                               0D   3202
     102    2871       0       0       0       0       0       001010001D   3203
     102       0       0       1       0                               0D   3204
     142    2872       0       0       0       0       0       001010001D   3205
     142       0       0       1       0                               0D   3206
     144    2873       0       0   10000       0       0       000000000D   3207
     144       0       0       1       0                PartBody       0D   3208
     110    2874       0       0       0       0       0       001010001D   3209
     110       0       0       1       0                               0D   3210
     124    2875       0       0       0       0       0       001020201D   3211
     124       0       0       3       0                               0D   3212
     100    2878       0       0       0       0    3211       001010001D   3213
     100       0       0       1       0                               0D   3214
     120    2879       0       0       0       0       0       001010001D   3215
     120       0       0       1       0                               0D   3216
     124    2880       0       0       0       0       0       001020201D   3217
     124       0       0       2       0                               0D   3218
     100    2882       0       0       0       0    3217       001010001D   3219
     100       0       0       1       0                               0D   3220
     124    2883       0       0       0       0       0       001020201D   3221
     124       0       0       2       0                               0D   3222
     100    2885       0       0       0       0    3221       001010001D   3223
     100       0       0       1       0                               0D   3224
     124    2886       0       0       0       0       0       001020201D   3225
     124       0       0       2       0                               0D   3226
     100    2888       0       0       0       0    3225       001010001D   3227
     100       0       0       1       0                               0D   3228
     124    2889       0       0       0       0       0       001020201D   3229
     124       0       0       2       0                               0D   3230
     100    2891       0       0       0       0    3229       001010001D   3231
     100       0       0       1       0                               0D   3232
     102    2892       0       0       0       0       0       001010001D   3233
     102       0       0       1       0                               0D   3234
     142    2893       0       0       0       0       0       001010001D   3235
     142       0       0       1       0                               0D   3236
     144    2894       0       0   10000       0       0       000000000D   3237
     144       0       0       1       0                PartBody       0D   3238
     110    2895       0       0       0       0       0       001010001D   3239
     110       0       0       2       0                               0D   3240
     110    2897       0       0       0       0       0       001010001D   3241
     110       0       0       2       0                               0D   3242
     120    2899       0       0       0       0       0       001010001D   3243
     120       0       0       1       0                               0D   3244
     126    2900       0       0       0       0       0       001010001D   3245
     126       0       0       7       0                               0D   3246
     126    2907       0       0       0       0       0       001010001D   3247
     126       0       0       5       0                               0D   3248
     110    2912       0       0       0       0       0       001010001D   3249
     110       0       0       1       0                               0D   3250
     124    2913       0       0       0       0       0       001020201D   3251
     124       0       0       2       0                               0D   3252
     100    2915       0       0       0       0    3251       001010001D   3253
     100       0       0       1       0                               0D   3254
     110    2916       0       0       0       0       0       001010001D   3255
     110       0       0       2       0                               0D   3256
     102    2918       0       0       0       0       0       001010001D   3257
     102       0       0       1       0                               0D   3258
     142    2919       0       0       0       0       0       001010001D   3259
     142       0       0       1       0                               0D   3260
     144    2920       0       0   10000       0       0       000000000D   3261
     144       0       0       1       0                PartBody       0D   3262
     110    2921       0       0       0       0       0       001010001D   3263
     110       0       0       1       0                               0D   3264
     110    2922       0       0       0       0       0       001010001D   3265
     110       0       0       2       0                               0D   3266
     120    2924       0       0       0       0       0       001010001D   3267
     120       0       0       1       0                               0D   3268
     126    2925       0       0       0       0       0       001010001D   3269
     126       0       0       5       0                               0D   3270
     110    2930       0       0       0       0       0       001010001D   3271
     110       0       0       1       0                               0D   3272
     124    2931       0       0       0       0       0       001020201D   3273
     124       0       0       2       0                               0D   3274
     100    2933       0       0       0       0    3273       001010001D   3275
     100       0       0       1       0                               0D   3276
     110    2934       0       0       0       0       0       001010001D   3277
     110       0       0       1       0                               0D   3278
     102    2935       0       0       0       0       0       001010001D   3279
     102       0       0       1       0                               0D   3280
     142    2936       0       0       0       0       0       001010001D   3281
     142       0       0       1       0                               0D   3282
     144    2937       0       0   10000       0       0       000000000D   3283
     144       0       0       1       0                PartBody       0D   3284
     108    2938       0       0       0       0       0       001010001D   3285
     108       0       0       2       0                               0D   3286
     110    2940       0       0       0       0       0       001010001D   3287
     110       0       0       2       0                               0D   3288
     124    2942       0       0       0       0       0       001020201D   3289
     124       0       0       3       0                               0D   3290
     100    2945       0       0       0       0    3289       001010001D   3291
     100       0       0       1       0                               0D   3292
     110    2946       0       0       0       0       0       001010001D   3293
     110       0       0       1       0                               0D   3294
     124    2947       0       0       0       0       0       001020201D   3295
     124       0       0       3       0                               0D   3296
     100    2950       0       0       0       0    3295       001010001D   3297
     100       0       0       1       0                               0D   3298
     110    2951       0       0       0       0       0       001010001D   3299
     110       0       0       1       0                               0D   3300
     110    2952       0       0       0       0       0       001010001D   3301
     110       0       0       1       0                               0D   3302
     110    2953       0       0       0       0       0       001010001D   3303
     110       0       0       1       0                               0D   3304
     126    2954       0       0       0       0       0       001010001D   3305
     126       0       0      13       0                               0D   3306
     110    2967       0       0       0       0       0       001010001D   3307
     110       0       0       1       0                               0D   3308
     110    2968       0       0       0       0       0       001010001D   3309
     110       0       0       1       0                               0D   3310
     124    2969       0       0       0       0       0       001020201D   3311
     124       0       0       3       0                               0D   3312
     100    2972       0       0       0       0    3311       001010001D   3313
     100       0       0       1       0                               0D   3314
     102    2973       0       0       0       0       0       001010001D   3315
     102       0       0       2       0                               0D   3316
     142    2975       0       0       0       0       0       001010001D   3317
     142       0       0       1       0                               0D   3318
     144    2976       0       0   10000       0       0       000000000D   3319
     144       0       0       1       0                PartBody       0D   3320
     108    2977       0       0       0       0       0       001010001D   3321
     108       0       0       2       0                               0D   3322
     110    2979       0       0       0       0       0       001010001D   3323
     110       0       0       1       0                               0D   3324
     110    2980       0       0       0       0       0       001010001D   3325
     110       0       0       1       0                               0D   3326
     110    2981       0       0       0       0       0       001010001D   3327
     110       0       0       1       0                               0D   3328
     110    2982       0       0       0       0       0       001010001D   3329
     110       0       0       1       0                               0D   3330
     102    2983       0       0       0       0       0       001010001D   3331
     102       0       0       1       0                               0D   3332
     142    2984       0       0       0       0       0       001010001D   3333
     142       0       0       1       0                               0D   3334
     144    2985       0       0   10000       0       0       000000000D   3335
     144       0       0       1       0                PartBody       0D   3336
     110    2986       0       0       0       0       0       001010001D   3337
     110       0       0       1       0                               0D   3338
     110    2987       0       0       0       0       0       001010001D   3339
     110       0       0       1       0                               0D   3340
     120    2988       0       0       0       0       0       001010001D   3341
     120       0       0       1       0                               0D   3342
     124    2989       0       0       0       0       0       001020201D   3343
     124       0       0       3       0                               0D   3344
     100    2992       0       0       0       0    3343       001010001D   3345
     100       0       0       1       0                               0D   3346
     110    2993       0       0       0       0       0       001010001D   3347
     110       0       0       1       0                               0D   3348
     124    2994       0       0       0       0       0       001020201D   3349
     124       0       0       3       0                               0D   3350
     100    2997       0       0       0       0    3349       001010001D   3351
     100       0       0       1       0                               0D   3352
     110    2998       0       0       0       0       0       001010001D   3353
     110       0       0       1       0                               0D   3354
     102    2999       0       0       0       0       0       001010001D   3355
     102       0       0       1       0                               0D   3356
     142    3000       0       0       0       0       0       001010001D   3357
     142       0       0       1       0                               0D   3358
     144    3001       0       0   10000       0       0       000000000D   3359
     144       0       0       1       0                PartBody       0D   3360
     110    3002       0       0       0       0       0       001010001D   3361
     110       0       0       1       0                               0D   3362
     110    3003       0       0       0       0       0       001010001D   3363
     110       0       0       1       0                               0D   3364
     110    3004       0       0       0       0       0       001010001D   3365
     110       0       0       1       0                               0D   3366
     110    3005       0       0       0       0       0       001010001D   3367
     110       0       0       1       0                               0D   3368
     102    3006       0       0       0       0       0       001010001D   3369
     102       0       0       1       0                               0D   3370
     142    3007       0       0       0       0       0       001010001D   3371
     142       0       0       1       0                               0D   3372
     144    3008       0       0   10000       0       0       000000000D   3373
     144       0       0       1       0                PartBody       0D   3374
     110    3009       0       0       0       0       0       001010001D   3375
     110       0       0       1       0                               0D   3376
     110    3010       0       0       0       0       0       001010001D   3377
     110       0       0       1       0                               0D   3378
     120    3011       0       0       0       0       0       001010001D   3379
     120       0       0       1       0                               0D   3380
     124    3012       0       0       0       0       0       001020201D   3381
     124       0       0       3       0                               0D   3382
     100    3015       0       0       0       0    3381       001010001D   3383
     100       0       0       1       0                               0D   3384
     110    3016       0       0       0       0       0       001010001D   3385
     110       0       0       2       0                               0D   3386
     124    3018       0       0       0       0       0       001020201D   3387
     124       0       0       3       0                               0D   3388
     100    3021       0       0       0       0    3387       001010001D   3389
     100       0       0       1       0                               0D   3390
     110    3022       0       0       0       0       0       001010001D   3391
     110       0       0       1       0                               0D   3392
     102    3023       0       0       0       0       0       001010001D   3393
     102       0       0       1       0                               0D   3394
     142    3024       0       0       0       0       0       001010001D   3395
     142       0       0       1       0                               0D   3396
     144    3025       0       0   10000       0       0       000000000D   3397
     144       0       0       1       0                PartBody       0D   3398
     108    3026       0       0       0       0       0       001010001D   3399
     108       0       0       2       0                               0D   3400
     110    3028       0       0       0       0       0       001010001D   3401
     110       0       0       2       0                               0D   3402
     110    3030       0       0       0       0       0       001010001D   3403
     110       0       0       2       0                               0D   3404
     110    3032       0       0       0       0       0       001010001D   3405
     110       0       0       2       0                               0D   3406
     110    3034       0       0       0       0       0       001010001D   3407
     110       0       0       2       0                               0D   3408
     110    3036       0       0       0       0       0       001010001D   3409
     110       0       0       2       0                               0D   3410
     102    3038       0       0       0       0       0       001010001D   3411
     102       0       0       1       0                               0D   3412
     142    3039       0       0       0       0       0       001010001D   3413
     142       0       0       1       0                               0D   3414
     144    3040       0       0   10000       0       0       000000000D   3415
     144       0       0       1       0                PartBody       0D   3416
     110    3041       0       0       0       0       0       001010001D   3417
     110       0       0       1       0                               0D   3418
     124    3042       0       0       0       0       0       001020201D   3419
     124       0       0       2       0                               0D   3420
     100    3044       0       0       0       0    3419       001010001D   3421
     100       0       0       1       0                               0D   3422
     120    3045       0       0       0       0       0       001010001D   3423
     120       0       0       1       0                               0D   3424
     124    3046       0       0       0       0       0       001020201D   3425
     124       0       0       2       0                               0D   3426
     100    3048       0       0       0       0    3425       001010001D   3427
     100       0       0       1       0                               0D   3428
     124    3049       0       0       0       0       0       001020201D   3429
     124       0       0       3       0                               0D   3430
     100    3052       0       0       0       0    3429       001010001D   3431
     100       0       0       1       0                               0D   3432
     124    3053       0       0       0       0       0       001020201D   3433
     124       0       0       2       0                               0D   3434
     100    3055       0       0       0       0    3433       001010001D   3435
     100       0       0       1       0                               0D   3436
     124    3056       0       0       0       0       0       001020201D   3437
     124       0       0       2       0                               0D   3438
     100    3058       0       0       0       0    3437       001010001D   3439
     100       0       0       1       0                               0D   3440
     102    3059       0       0       0       0       0       001010001D   3441
     102       0       0       1       0                               0D   3442
     142    3060       0       0       0       0       0       001010001D   3443
     142       0       0       1       0                               0D   3444
     144    3061       0       0   10000       0       0       000000000D   3445
     144       0       0       1       0                PartBody       0D   3446
     110    3062       0       0       0       0       0       001010001D   3447
     110       0       0       1       0                               0D   3448
     110    3063       0       0       0       0       0       001010001D   3449
     110       0       0       1       0                               0D   3450
     120    3064       0       0       0       0       0       001010001D   3451
     120       0       0       1       0                               0D   3452
     110    3065       0       0       0       0       0       001010001D   3453
     110       0       0       1       0                               0D   3454
     124    3066       0       0       0       0       0       001020201D   3455
     124       0       0       2       0                               0D   3456
     100    3068       0       0       0       0    3455       001010001D   3457
     100       0       0       1       0                               0D   3458
     110    3069       0       0       0       0       0       001010001D   3459
     110       0       0       1       0                               0D   3460
     124    3070       0       0       0       0       0       001020201D   3461
     124       0       0       2       0                               0D   3462
     100    3072       0       0       0       0    3461       001010001D   3463
     100       0       0       1       0                               0D   3464
     102    3073       0       0       0       0       0       001010001D   3465
     102       0       0       1       0                               0D   3466
     142    3074       0       0       0       0       0       001010001D   3467
     142       0       0       1       0                               0D   3468
     144    3075       0       0   10000       0       0       000000000D   3469
     144       0       0       1       0                PartBody       0D   3470
     110    3076       0       0       0       0       0       001010001D   3471
     110       0       0       1       0                               0D   3472
     124    3077       0       0       0       0       0       001020201D   3473
     124       0       0       2       0                               0D   3474
     100    3079       0       0       0       0    3473       001010001D   3475
     100       0       0       1       0                               0D   3476
     120    3080       0       0       0       0       0       001010001D   3477
     120       0       0       1       0                               0D   3478
     124    3081       0       0       0       0       0       001020201D   3479
     124       0       0       2       0                               0D   3480
     100    3083       0       0       0       0    3479       001010001D   3481
     100       0       0       1       0                               0D   3482
     124    3084       0       0       0       0       0       001020201D   3483
     124       0       0       3       0                               0D   3484
     100    3087       0       0       0       0    3483       001010001D   3485
     100       0       0       1       0                               0D   3486
     124    3088       0       0       0       0       0       001020201D   3487
     124       0       0       2       0                               0D   3488
     100    3090       0       0       0       0    3487       001010001D   3489
     100       0       0       1       0                               0D   3490
     124    3091       0       0       0       0       0       001020201D   3491
     124       0       0       2       0                               0D   3492
     100    3093       0       0       0       0    3491       001010001D   3493
     100       0       0       1       0                               0D   3494
     102    3094       0       0       0       0       0       001010001D   3495
     102       0       0       1       0                               0D   3496
     142    3095       0       0       0       0       0       001010001D   3497
     142       0       0       1       0                               0D   3498
     144    3096       0       0   10000       0       0       000000000D   3499
     144       0       0       1       0                PartBody       0D   3500
     110    3097       0       0       0       0       0       001010001D   3501
     110       0       0       2       0                               0D   3502
     110    3099       0       0       0       0       0       001010001D   3503
     110       0       0       2       0                               0D   3504
     120    3101       0       0       0       0       0       001010001D   3505
     120       0       0       1       0                               0D   3506
     126    3102       0       0       0       0       0       001010001D   3507
     126       0       0       6       0                               0D   3508
     110    3108       0       0       0       0       0       001010001D   3509
     110       0       0       2       0                               0D   3510
     124    3110       0       0       0       0       0       001020201D   3511
     124       0       0       3       0                               0D   3512
     100    3113       0       0       0       0    3511       001010001D   3513
     100       0       0       1       0                               0D   3514
     110    3114       0       0       0       0       0       001010001D   3515
     110       0       0       2       0                               0D   3516
     102    3116       0       0       0       0       0       001010001D   3517
     102       0       0       1       0                               0D   3518
     142    3117       0       0       0       0       0       001010001D   3519
     142       0       0       1       0                               0D   3520
     144    3118       0       0   10000       0       0       000000000D   3521
     144       0       0       1       0                PartBody       0D   3522
     110    3119       0       0       0       0       0       001010001D   3523
     110       0       0       1       0                               0D   3524
     110    3120       0       0       0       0       0       001010001D   3525
     110       0       0       2       0                               0D   3526
     120    3122       0       0       0       0       0       001010001D   3527
     120       0       0       1       0                               0D   3528
     126    3123       0       0       0       0       0       001010001D   3529
     126       0       0       5       0                               0D   3530
     110    3128       0       0       0       0       0       001010001D   3531
     110       0       0       1       0                               0D   3532
     124    3129       0       0       0       0       0       001020201D   3533
     124       0       0       3       0                               0D   3534
     100    3132       0       0       0       0    3533       001010001D   3535
     100       0       0       1       0                               0D   3536
     110    3133       0       0       0       0       0       001010001D   3537
     110       0       0       1       0                               0D   3538
     102    3134       0       0       0       0       0       001010001D   3539
     102       0       0       1       0                               0D   3540
     142    3135       0       0       0       0       0       001010001D   3541
     142       0       0       1       0                               0D   3542
     144    3136       0       0   10000       0       0       000000000D   3543
     144       0       0       1       0                PartBody       0D   3544
     108    3137       0       0       0       0       0       001010001D   3545
     108       0       0       1       0                               0D   3546
     124    3138       0       0       0       0       0       001020201D   3547
     124       0       0       1       0                               0D   3548
     100    3139       0       0       0       0    3547       001010001D   3549
     100       0       0       1       0                               0D   3550
     124    3140       0       0       0       0       0       001020201D   3551
     124       0       0       2       0                               0D   3552
     100    3142       0       0       0       0    3551       001010001D   3553
     100       0       0       1       0                               0D   3554
     102    3143       0       0       0       0       0       001010001D   3555
     102       0       0       1       0                               0D   3556
     142    3144       0       0       0       0       0       001010001D   3557
     142       0       0       1       0                               0D   3558
     124    3145       0       0       0       0       0       001020201D   3559
     124       0       0       2       0                               0D   3560
     100    3147       0       0       0       0    3559       001010001D   3561
     100       0       0       1       0                               0D   3562
     110    3148       0       0       0       0       0       001010001D   3563
     110       0       0       1       0                               0D   3564
     124    3149       0       0       0       0       0       001020201D   3565
     124       0       0       2       0                               0D   3566
     100    3151       0       0       0       0    3565       001010001D   3567
     100       0       0       1       0                               0D   3568
     110    3152       0       0       0       0       0       001010001D   3569
     110       0       0       1       0                               0D   3570
     124    3153       0       0       0       0       0       001020201D   3571
     124       0       0       2       0                               0D   3572
     100    3155       0       0       0       0    3571       001010001D   3573
     100       0       0       1       0                               0D   3574
     110    3156       0       0       0       0       0       001010001D   3575
     110       0       0       2       0                               0D   3576
     102    3158       0       0       0       0       0       001010001D   3577
     102       0       0       1       0                               0D   3578
     142    3159       0       0       0       0       0       001010001D   3579
     142       0       0       1       0                               0D   3580
     124    3160       0       0       0       0       0       001020201D   3581
     124       0       0       2       0                               0D   3582
     100    3162       0       0       0       0    3581       001010001D   3583
     100       0       0       1       0                               0D   3584
     110    3163       0       0       0       0       0       001010001D   3585
     110       0       0       1       0                               0D   3586
     124    3164       0       0       0       0       0       001020201D   3587
     124       0       0       2       0                               0D   3588
     100    3166       0       0       0       0    3587       001010001D   3589
     100       0       0       1       0                               0D   3590
     110    3167       0       0       0       0       0       001010001D   3591
     110       0       0       1       0                               0D   3592
     124    3168       0       0       0       0       0       001020201D   3593
     124       0       0       2       0                               0D   3594
     100    3170       0       0       0       0    3593       001010001D   3595
     100       0       0       1       0                               0D   3596
     110    3171       0       0       0       0       0       001010001D   3597
     110       0       0       2       0                               0D   3598
     102    3173       0       0       0       0       0       001010001D   3599
     102       0       0       1       0                               0D   3600
     142    3174       0       0       0       0       0       001010001D   3601
     142       0       0       1       0                               0D   3602
     124    3175       0       0       0       0       0       001020201D   3603
     124       0       0       2       0                               0D   3604
     100    3177       0       0       0       0    3603       001010001D   3605
     100       0       0       1       0                               0D   3606
     110    3178       0       0       0       0       0       001010001D   3607
     110       0       0       1       0                               0D   3608
     124    3179       0       0       0       0       0       001020201D   3609
     124       0       0       2       0                               0D   3610
     100    3181       0       0       0       0    3609       001010001D   3611
     100       0       0       1       0                               0D   3612
     110    3182       0       0       0       0       0       001010001D   3613
     110       0       0       1       0                               0D   3614
     124    3183       0       0       0       0       0       001020201D   3615
     124       0       0       2       0                               0D   3616
     100    3185       0       0       0       0    3615       001010001D   3617
     100       0       0       1       0                               0D   3618
     110    3186       0       0       0       0       0       001010001D   3619
     110       0       0       1       0                               0D   3620
     124    3187       0       0       0       0       0       001020201D   3621
     124       0       0       2       0                               0D   3622
     100    3189       0       0       0       0    3621       001010001D   3623
     100       0       0       1       0                               0D   3624
     124    3190       0       0       0       0       0       001020201D   3625
     124       0       0       2       0                               0D   3626
     100    3192       0       0       0       0    3625       001010001D   3627
     100       0       0       1       0                               0D   3628
     124    3193       0       0       0       0       0       001020201D   3629
     124       0       0       2       0                               0D   3630
     100    3195       0       0       0       0    3629       001010001D   3631
     100       0       0       1       0                               0D   3632
     102    3196       0       0       0       0       0       001010001D   3633
     102       0       0       1       0                               0D   3634
     142    3197       0       0       0       0       0       001010001D   3635
     142       0       0       1       0                               0D   3636
     124    3198       0       0       0       0       0       001020201D   3637
     124       0       0       2       0                               0D   3638
     100    3200       0       0       0       0    3637       001010001D   3639
     100       0       0       1       0                               0D   3640
     110    3201       0       0       0       0       0       001010001D   3641
     110       0       0       2       0                               0D   3642
     124    3203       0       0       0       0       0       001020201D   3643
     124       0       0       2       0                               0D   3644
     100    3205       0       0       0       0    3643       001010001D   3645
     100       0       0       1       0                               0D   3646
     110    3206       0       0       0       0       0       001010001D   3647
     110       0       0       1       0                               0D   3648
     124    3207       0       0       0       0       0       001020201D   3649
     124       0       0       2       0                               0D   3650
     100    3209       0       0       0       0    3649       001010001D   3651
     100       0       0       1       0                               0D   3652
     110    3210       0       0       0       0       0       001010001D   3653
     110       0       0       1       0                               0D   3654
     102    3211       0       0       0       0       0       001010001D   3655
     102       0       0       1       0                               0D   3656
     142    3212       0       0       0       0       0       001010001D   3657
     142       0       0       1       0                               0D   3658
     110    3213       0       0       0       0       0       001010001D   3659
     110       0       0       2       0                               0D   3660
     124    3215       0       0       0       0       0       001020201D   3661
     124       0       0       2       0                               0D   3662
     100    3217       0       0       0       0    3661       001010001D   3663
     100       0       0       1       0                               0D   3664
     110    3218       0       0       0       0       0       001010001D   3665
     110       0       0       2       0                               0D   3666
     110    3220       0       0       0       0       0       001010001D   3667
     110       0       0       2       0                               0D   3668
     102    3222       0       0       0       0       0       001010001D   3669
     102       0       0       1       0                               0D   3670
     142    3223       0       0       0       0       0       001010001D   3671
     142       0       0       1       0                               0D   3672
     124    3224       0       0       0       0       0       001020201D   3673
     124       0       0       2       0                               0D   3674
     100    3226       0       0       0       0    3673       001010001D   3675
     100       0       0       1       0                               0D   3676
     124    3227       0       0       0       0       0       001020201D   3677
     124       0       0       2       0                               0D   3678
     100    3229       0       0       0       0    3677       001010001D   3679
     100       0       0       1       0                               0D   3680
     124    3230       0       0       0       0       0       001020201D   3681
     124       0       0       2       0                               0D   3682
     100    3232       0       0       0       0    3681       001010001D   3683
     100       0       0       1       0                               0D   3684
     124    3233       0       0       0       0       0       001020201D   3685
     124       0       0       2       0                               0D   3686
     100    3235       0       0       0       0    3685       001010001D   3687
     100       0       0       1       0                               0D   3688
     110    3236       0       0       0       0       0       001010001D   3689
     110       0       0       2       0                               0D   3690
     124    3238       0       0       0       0       0       001020201D   3691
     124       0       0       2       0                               0D   3692
     100    3240       0       0       0       0    3691       001010001D   3693
     100       0       0       1       0                               0D   3694
     110    3241       0       0       0       0       0       001010001D   3695
     110       0       0       2       0                               0D   3696
     124    3243       0       0       0       0       0       001020201D   3697
     124       0       0       2       0                               0D   3698
     100    3245       0       0       0       0    3697       001010001D   3699
     100       0       0       1       0                               0D   3700
     124    3246       0       0       0       0       0       001020201D   3701
     124       0       0       2       0                               0D   3702
     100    3248       0       0       0       0    3701       001010001D   3703
     100       0       0       1       0                               0D   3704
     124    3249       0       0       0       0       0       001020201D   3705
     124       0       0       2       0                               0D   3706
     100    3251       0       0       0       0    3705       001010001D   3707
     100       0       0       1       0                               0D   3708
     124    3252       0       0       0       0       0       001020201D   3709
     124       0       0       2       0                               0D   3710
     100    3254       0       0       0       0    3709       001010001D   3711
     100       0       0       1       0                               0D   3712
     110    3255       0       0       0       0       0       001010001D   3713
     110       0       0       2       0                               0D   3714
     124    3257       0       0       0       0       0       001020201D   3715
     124       0       0       2       0                               0D   3716
     100    3259       0       0       0       0    3715       001010001D   3717
     100       0       0       1       0                               0D   3718
     110    3260       0       0       0       0       0       001010001D   3719
     110       0       0       2       0                               0D   3720
     102    3262       0       0       0       0       0       001010001D   3721
     102       0       0       2       0                               0D   3722
     142    3264       0       0       0       0       0       001010001D   3723
     142       0       0       1       0                               0D   3724
     144    3265       0       0   10000       0       0       000000000D   3725
     144       0       0       1       0                PartBody       0D   3726
     108    3266       0       0       0       0       0       001010001D   3727
     108       0       0       1       0                               0D   3728
     124    3267       0       0       0       0       0       001020201D   3729
     124       0       0       2       0                               0D   3730
     100    3269       0       0       0       0    3729       001010001D   3731
     100       0       0       1       0                               0D   3732
     124    3270       0       0       0       0       0       001020201D   3733
     124       0       0       2       0                               0D   3734
     100    3272       0       0       0       0    3733       001010001D   3735
     100       0       0       1       0                               0D   3736
     102    3273       0       0       0       0       0       001010001D   3737
     102       0       0       1       0                               0D   3738
     142    3274       0       0       0       0       0       001010001D   3739
     142       0       0       1       0                               0D   3740
     144    3275       0       0   10000       0       0       000000000D   3741
     144       0       0       1       0                PartBody       0D   3742
     110    3276       0       0       0       0       0       001010001D   3743
     110       0       0       1       0                               0D   3744
     110    3277       0       0       0       0       0       001010001D   3745
     110       0       0       2       0                               0D   3746
     120    3279       0       0       0       0       0       001010001D   3747
     120       0       0       1       0                               0D   3748
     126    3280       0       0       0       0       0       001010001D   3749
     126       0       0       6       0                               0D   3750
     110    3286       0       0       0       0       0       001010001D   3751
     110       0       0       1       0                               0D   3752
     126    3287       0       0       0       0       0       001010001D   3753
     126       0       0       6       0                               0D   3754
     110    3293       0       0       0       0       0       001010001D   3755
     110       0       0       2       0                               0D   3756
     102    3295       0       0       0       0       0       001010001D   3757
     102       0       0       1       0                               0D   3758
     142    3296       0       0       0       0       0       001010001D   3759
     142       0       0       1       0                               0D   3760
     144    3297       0       0   10000       0       0       000000000D   3761
     144       0       0       1       0                PartBody       0D   3762
     108    3298       0       0       0       0       0       001010001D   3763
     108       0       0       2       0                               0D   3764
     110    3300       0       0       0       0       0       001010001D   3765
     110       0       0       2       0                               0D   3766
     110    3302       0       0       0       0       0       001010001D   3767
     110       0       0       1       0                               0D   3768
     110    3303       0       0       0       0       0       001010001D   3769
     110       0       0       2       0                               0D   3770
     110    3305       0       0       0       0       0       001010001D   3771
     110       0       0       2       0                               0D   3772
     102    3307       0       0       0       0       0       001010001D   3773
     102       0       0       1       0                               0D   3774
     142    3308       0       0       0       0       0       001010001D   3775
     142       0       0       1       0                               0D   3776
     144    3309       0       0   10000       0       0       000000000D   3777
     144       0       0       1       0                PartBody       0D   3778
     110    3310       0       0       0       0       0       001010001D   3779
     110       0       0       2       0                               0D   3780
     110    3312       0       0       0       0       0       001010001D   3781
     110       0       0       2       0                               0D   3782
     120    3314       0       0       0       0       0       001010001D   3783
     120       0       0       1       0                               0D   3784
     126    3315       0       0       0       0       0       001010001D   3785
     126       0       0       5       0                               0D   3786
     126    3320       0       0       0       0       0       001010001D   3787
     126       0       0       6       0                               0D   3788
     110    3326       0       0       0       0       0       001010001D   3789
     110       0       0       2       0                               0D   3790
     126    3328       0       0       0       0       0       001010001D   3791
     126       0       0       6       0                               0D   3792
     110    3334       0       0       0       0       0       001010001D   3793
     110       0       0       2       0                               0D   3794
     102    3336       0       0       0       0       0       001010001D   3795
     102       0       0       1       0                               0D   3796
     142    3337       0       0       0       0       0       001010001D   3797
     142       0       0       1       0                               0D   3798
     144    3338       0       0   10000       0       0       000000000D   3799
     144       0       0       1       0                PartBody       0D   3800
     108    3339       0       0       0       0       0       001010001D   3801
     108       0       0       2       0                               0D   3802
     110    3341       0       0       0       0       0       001010001D   3803
     110       0       0       2       0                               0D   3804
     110    3343       0       0       0       0       0       001010001D   3805
     110       0       0       2       0                               0D   3806
     110    3345       0       0       0       0       0       001010001D   3807
     110       0       0       2       0                               0D   3808
     110    3347       0       0       0       0       0       001010001D   3809
     110       0       0       1       0                               0D   3810
     102    3348       0       0       0       0       0       001010001D   3811
     102       0       0       1       0                               0D   3812
     142    3349       0       0       0       0       0       001010001D   3813
     142       0       0       1       0                               0D   3814
     144    3350       0       0   10000       0       0       000000000D   3815
     144       0       0       1       0                PartBody       0D   3816
     110    3351       0       0       0       0       0       001010001D   3817
     110       0       0       1       0                               0D   3818
     110    3352       0       0       0       0       0       001010001D   3819
     110       0       0       1       0                               0D   3820
     120    3353       0       0       0       0       0       001010001D   3821
     120       0       0       1       0                               0D   3822
     126    3354       0       0       0       0       0       001010001D   3823
     126       0       0       6       0                               0D   3824
     110    3360       0       0       0       0       0       001010001D   3825
     110       0       0       1       0                               0D   3826
     126    3361       0       0       0       0       0       001010001D   3827
     126       0       0       6       0                               0D   3828
     110    3367       0       0       0       0       0       001010001D   3829
     110       0       0       1       0                               0D   3830
     102    3368       0       0       0       0       0       001010001D   3831
     102       0       0       1       0                               0D   3832
     142    3369       0       0       0       0       0       001010001D   3833
     142       0       0       1       0                               0D   3834
     144    3370       0       0   10000       0       0       000000000D   3835
     144       0       0       1       0                PartBody       0D   3836
     108    3371       0       0       0       0       0       001010001D   3837
     108       0       0       2       0                               0D   3838
     110    3373       0       0       0       0       0       001010001D   3839
     110       0       0       2       0                               0D   3840
     110    3375       0       0       0       0       0       001010001D   3841
     110       0       0       1       0                               0D   3842
     110    3376       0       0       0       0       0       001010001D   3843
     110       0       0       2       0                               0D   3844
     110    3378       0       0       0       0       0       001010001D   3845
     110       0       0       2       0                               0D   3846
     102    3380       0       0       0       0       0       001010001D   3847
     102       0       0       1       0                               0D   3848
     142    3381       0       0       0       0       0       001010001D   3849
     142       0       0       1       0                               0D   3850
     144    3382       0       0   10000       0       0       000000000D   3851
     144       0       0       1       0                PartBody       0D   3852
     110    3383       0       0       0       0       0       001010001D   3853
     110       0       0       2       0                               0D   3854
     110    3385       0       0       0       0       0       001010001D   3855
     110       0       0       2       0                               0D   3856
     120    3387       0       0       0       0       0       001010001D   3857
     120       0       0       1       0                               0D   3858
     126    3388       0       0       0       0       0       001010001D   3859
     126       0       0       5       0                               0D   3860
     126    3393       0       0       0       0       0       001010001D   3861
     126       0       0       6       0                               0D   3862
     110    3399       0       0       0       0       0       001010001D   3863
     110       0       0       2       0                               0D   3864
     126    3401       0       0       0       0       0       001010001D   3865
     126       0       0       6       0                               0D   3866
     110    3407       0       0       0       0       0       001010001D   3867
     110       0       0       2       0                               0D   3868
     102    3409       0       0       0       0       0       001010001D   3869
     102       0       0       1       0                               0D   3870
     142    3410       0       0       0       0       0       001010001D   3871
     142       0       0       1       0                               0D   3872
     144    3411       0       0   10000       0       0       000000000D   3873
     144       0       0       1       0                PartBody       0D   3874
     110    3412       0       0       0       0       0       001010001D   3875
     110       0       0       2       0                               0D   3876
     110    3414       0       0       0       0       0       001010001D   3877
     110       0       0       2       0                               0D   3878
     120    3416       0       0       0       0       0       001010001D   3879
     120       0       0       1       0                               0D   3880
     126    3417       0       0       0       0       0       001010001D   3881
     126       0       0       7       0                               0D   3882
     110    3424       0       0       0       0       0       001010001D   3883
     110       0       0       2       0                               0D   3884
     126    3426       0       0       0       0       0       001010001D   3885
     126       0       0       6       0                               0D   3886
     110    3432       0       0       0       0       0       001010001D   3887
     110       0       0       2       0                               0D   3888
     102    3434       0       0       0       0       0       001010001D   3889
     102       0       0       1       0                               0D   3890
     142    3435       0       0       0       0       0       001010001D   3891
     142       0       0       1       0                               0D   3892
     144    3436       0       0   10000       0       0       000000000D   3893
     144       0       0       1       0                PartBody       0D   3894
     108    3437       0       0       0       0       0       001010001D   3895
     108       0       0       2       0                               0D   3896
     110    3439       0       0       0       0       0       001010001D   3897
     110       0       0       2       0                               0D   3898
     110    3441       0       0       0       0       0       001010001D   3899
     110       0       0       2       0                               0D   3900
     110    3443       0       0       0       0       0       001010001D   3901
     110       0       0       2       0                               0D   3902
     110    3445       0       0       0       0       0       001010001D   3903
     110       0       0       2       0                               0D   3904
     102    3447       0       0       0       0       0       001010001D   3905
     102       0       0       1       0                               0D   3906
     142    3448       0       0       0       0       0       001010001D   3907
     142       0       0       1       0                               0D   3908
     144    3449       0       0   10000       0       0       000000000D   3909
     144       0       0       1       0                PartBody       0D   3910
     110    3450       0       0       0       0       0       001010001D   3911
     110       0       0       2       0                               0D   3912
     110    3452       0       0       0       0       0       001010001D   3913
     110       0       0       2       0                               0D   3914
     120    3454       0       0       0       0       0       001010001D   3915
     120       0       0       1       0                               0D   3916
     126    3455       0       0       0       0       0       001010001D   3917
     126       0       0       6       0                               0D   3918
     110    3461       0       0       0       0       0       001010001D   3919
     110       0       0       2       0                               0D   3920
     126    3463       0       0       0       0       0       001010001D   3921
     126       0       0       6       0                               0D   3922
     110    3469       0       0       0       0       0       001010001D   3923
     110       0       0       2       0                               0D   3924
     102    3471       0       0       0       0       0       001010001D   3925
     102       0       0       1       0                               0D   3926
     142    3472       0       0       0       0       0       001010001D   3927
     142       0       0       1       0                               0D   3928
     144    3473       0       0   10000       0       0       000000000D   3929
     144       0       0       1       0                PartBody       0D   3930
     110    3474       0       0       0       0       0       001010001D   3931
     110       0       0       2       0                               0D   3932
     110    3476       0       0       0       0       0       001010001D   3933
     110       0       0       1       0                               0D   3934
     120    3477       0       0       0       0       0       001010001D   3935
     120       0       0       1       0                               0D   3936
     110    3478       0       0       0       0       0       001010001D   3937
     110       0       0       2       0                               0D   3938
     124    3480       0       0       0       0       0       001020201D   3939
     124       0       0       2       0                               0D   3940
     100    3482       0       0       0       0    3939       001010001D   3941
     100       0       0       1       0                               0D   3942
     110    3483       0       0       0       0       0       001010001D   3943
     110       0       0       2       0                               0D   3944
     126    3485       0       0       0       0       0       001010001D   3945
     126       0       0       5       0                               0D   3946
     126    3490       0       0       0       0       0       001010001D   3947
     126       0       0       6       0                               0D   3948
     124    3496       0       0       0       0       0       001020201D   3949
     124       0       0       2       0                               0D   3950
     100    3498       0       0       0       0    3949       001010001D   3951
     100       0       0       1       0                               0D   3952
     102    3499       0       0       0       0       0       001010001D   3953
     102       0       0       1       0                               0D   3954
     142    3500       0       0       0       0       0       001010001D   3955
     142       0       0       1       0                               0D   3956
     144    3501       0       0   10000       0       0       000000000D   3957
     144       0       0       1       0                PartBody       0D   3958
     110    3502       0       0       0       0       0       001010001D   3959
     110       0       0       2       0                               0D   3960
     110    3504       0       0       0       0       0       001010001D   3961
     110       0       0       1       0                               0D   3962
     120    3505       0       0       0       0       0       001010001D   3963
     120       0       0       1       0                               0D   3964
     124    3506       0       0       0       0       0       001020201D   3965
     124       0       0       3       0                               0D   3966
     100    3509       0       0       0       0    3965       001010001D   3967
     100       0       0       1       0                               0D   3968
     110    3510       0       0       0       0       0       001010001D   3969
     110       0       0       1       0                               0D   3970
     124    3511       0       0       0       0       0       001020201D   3971
     124       0       0       2       0                               0D   3972
     100    3513       0       0       0       0    3971       001010001D   3973
     100       0       0       1       0                               0D   3974
     110    3514       0       0       0       0       0       001010001D   3975
     110       0       0       1       0                               0D   3976
     124    3515       0       0       0       0       0       001020201D   3977
     124       0       0       2       0                               0D   3978
     100    3517       0       0       0       0    3977       001010001D   3979
     100       0       0       1       0                               0D   3980
     110    3518       0       0       0       0       0       001010001D   3981
     110       0       0       1       0                               0D   3982
     126    3519       0       0       0       0       0       001010001D   3983
     126       0       0       6       0                               0D   3984
     110    3525       0       0       0       0       0       001010001D   3985
     110       0       0       2       0                               0D   3986
     124    3527       0       0       0       0       0       001020201D   3987
     124       0       0       3       0                               0D   3988
     100    3530       0       0       0       0    3987       001010001D   3989
     100       0       0       1       0                               0D   3990
     124    3531       0       0       0       0       0       001020201D   3991
     124       0       0       2       0                               0D   3992
     100    3533       0       0       0       0    3991       001010001D   3993
     100       0       0       1       0                               0D   3994
     124    3534       0       0       0       0       0       001020201D   3995
     124       0       0       3       0                               0D   3996
     100    3537       0       0       0       0    3995       001010001D   3997
     100       0       0       1       0                               0D   3998
     110    3538       0       0       0       0       0       001010001D   3999
     110       0       0       2       0                               0D   4000
     126    3540       0       0       0       0       0       001010001D   4001
     126       0       0       6       0                               0D   4002
     124    3546       0       0       0       0       0       001020201D   4003
     124       0       0       3       0                               0D   4004
     100    3549       0       0       0       0    4003       001010001D   4005
     100       0       0       1       0                               0D   4006
     124    3550       0       0       0       0       0       001020201D   4007
     124       0       0       2       0                               0D   4008
     100    3552       0       0       0       0    4007       001010001D   4009
     100       0       0       1       0                               0D   4010
     102    3553       0       0       0       0       0       001010001D   4011
     102       0       0       2       0                               0D   4012
     142    3555       0       0       0       0       0       001010001D   4013
     142       0       0       1       0                               0D   4014
     144    3556       0       0   10000       0       0       000000000D   4015
     144       0       0       1       0                PartBody       0D   4016
     110    3557       0       0       0       0       0       001010001D   4017
     110       0       0       2       0                               0D   4018
     110    3559       0       0       0       0       0       001010001D   4019
     110       0       0       1       0                               0D   4020
     120    3560       0       0       0       0       0       001010001D   4021
     120       0       0       1       0                               0D   4022
     110    3561       0       0       0       0       0       001010001D   4023
     110       0       0       2       0                               0D   4024
     124    3563       0       0       0       0       0       001020201D   4025
     124       0       0       2       0                               0D   4026
     100    3565       0       0       0       0    4025       001010001D   4027
     100       0       0       1       0                               0D   4028
     110    3566       0       0       0       0       0       001010001D   4029
     110       0       0       2       0                               0D   4030
     126    3568       0       0       0       0       0       001010001D   4031
     126       0       0       5       0                               0D   4032
     126    3573       0       0       0       0       0       001010001D   4033
     126       0       0       6       0                               0D   4034
     124    3579       0       0       0       0       0       001020201D   4035
     124       0       0       2       0                               0D   4036
     100    3581       0       0       0       0    4035       001010001D   4037
     100       0       0       1       0                               0D   4038
     102    3582       0       0       0       0       0       001010001D   4039
     102       0       0       1       0                               0D   4040
     142    3583       0       0       0       0       0       001010001D   4041
     142       0       0       1       0                               0D   4042
     144    3584       0       0   10000       0       0       000000000D   4043
     144       0       0       1       0                PartBody       0D   4044
     110    3585       0       0       0       0       0       001010001D   4045
     110       0       0       2       0                               0D   4046
     110    3587       0       0       0       0       0       001010001D   4047
     110       0       0       1       0                               0D   4048
     120    3588       0       0       0       0       0       001010001D   4049
     120       0       0       1       0                               0D   4050
     124    3589       0       0       0       0       0       001020201D   4051
     124       0       0       2       0                               0D   4052
     100    3591       0       0       0       0    4051       001010001D   4053
     100       0       0       1       0                               0D   4054
     110    3592       0       0       0       0       0       001010001D   4055
     110       0       0       1       0                               0D   4056
     124    3593       0       0       0       0       0       001020201D   4057
     124       0       0       2       0                               0D   4058
     100    3595       0       0       0       0    4057       001010001D   4059
     100       0       0       1       0                               0D   4060
     110    3596       0       0       0       0       0       001010001D   4061
     110       0       0       1       0                               0D   4062
     124    3597       0       0       0       0       0       001020201D   4063
     124       0       0       2       0                               0D   4064
     100    3599       0       0       0       0    4063       001010001D   4065
     100       0       0       1       0                               0D   4066
     110    3600       0       0       0       0       0       001010001D   4067
     110       0       0       1       0                               0D   4068
     126    3601       0       0       0       0       0       001010001D   4069
     126       0       0       6       0                               0D   4070
     110    3607       0       0       0       0       0       001010001D   4071
     110       0       0       2       0                               0D   4072
     124    3609       0       0       0       0       0       001020201D   4073
     124       0       0       2       0                               0D   4074
     100    3611       0       0       0       0    4073       001010001D   4075
     100       0       0       1       0                               0D   4076
     124    3612       0       0       0       0       0       001020201D   4077
     124       0       0       2       0                               0D   4078
     100    3614       0       0       0       0    4077       001010001D   4079
     100       0       0       1       0                               0D   4080
     124    3615       0       0       0       0       0       001020201D   4081
     124       0       0       2       0                               0D   4082
     100    3617       0       0       0       0    4081       001010001D   4083
     100       0       0       1       0                               0D   4084
     110    3618       0       0       0       0       0       001010001D   4085
     110       0       0       2       0                               0D   4086
     126    3620       0       0       0       0       0       001010001D   4087
     126       0       0       6       0                               0D   4088
     124    3626       0       0       0       0       0       001020201D   4089
     124       0       0       2       0                               0D   4090
     100    3628       0       0       0       0    4089       001010001D   4091
     100       0       0       1       0                               0D   4092
     124    3629       0       0       0       0       0       001020201D   4093
     124       0       0       2       0                               0D   4094
     100    3631       0       0       0       0    4093       001010001D   4095
     100       0       0       1       0                               0D   4096
     102    3632       0       0       0       0       0       001010001D   4097
     102       0       0       2       0                               0D   4098
     142    3634       0       0       0       0       0       001010001D   4099
     142       0       0       1       0                               0D   4100
     144    3635       0       0   10000       0       0       000000000D   4101
     144       0       0       1       0                PartBody       0D   4102
     108    3636       0       0       0       0       0       001010001D   4103
     108       0       0       2       0                               0D   4104
     110    3638       0       0       0       0       0       001010001D   4105
     110       0       0       1       0                               0D   4106
     110    3639       0       0       0       0       0       001010001D   4107
     110       0       0       2       0                               0D   4108
     110    3641       0       0       0       0       0       001010001D   4109
     110       0       0       2       0                               0D   4110
     110    3643       0       0       0       0       0       001010001D   4111
     110       0       0       1       0                               0D   4112
     102    3644       0       0       0       0       0       001010001D   4113
     102       0       0       1       0                               0D   4114
     142    3645       0       0       0       0       0       001010001D   4115
     142       0       0       1       0                               0D   4116
     144    3646       0       0   10000       0       0       000000000D   4117
     144       0       0       1       0                PartBody       0D   4118
     108    3647       0       0       0       0       0       001010001D   4119
     108       0       0       2       0                               0D   4120
     110    3649       0       0       0       0       0       001010001D   4121
     110       0       0       2       0                               0D   4122
     110    3651       0       0       0       0       0       001010001D   4123
     110       0       0       2       0                               0D   4124
     110    3653       0       0       0       0       0       001010001D   4125
     110       0       0       2       0                               0D   4126
     110    3655       0       0       0       0       0       001010001D   4127
     110       0       0       2       0                               0D   4128
     102    3657       0       0       0       0       0       001010001D   4129
     102       0       0       1       0                               0D   4130
     142    3658       0       0       0       0       0       001010001D   4131
     142       0       0       1       0                               0D   4132
     144    3659       0       0   10000       0       0       000000000D   4133
     144       0       0       1       0                PartBody       0D   4134
     108    3660       0       0       0       0       0       001010001D   4135
     108       0       0       1       0                               0D   4136
     124    3661       0       0       0       0       0       001020201D   4137
     124       0       0       2       0                               0D   4138
     100    3663       0       0       0       0    4137       001010001D   4139
     100       0       0       1       0                               0D   4140
     110    3664       0       0       0       0       0       001010001D   4141
     110       0       0       2       0                               0D   4142
     124    3666       0       0       0       0       0       001020201D   4143
     124       0       0       2       0                               0D   4144
     100    3668       0       0       0       0    4143       001010001D   4145
     100       0       0       1       0                               0D   4146
     110    3669       0       0       0       0       0       001010001D   4147
     110       0       0       2       0                               0D   4148
     102    3671       0       0       0       0       0       001010001D   4149
     102       0       0       1       0                               0D   4150
     142    3672       0       0       0       0       0       001010001D   4151
     142       0       0       1       0                               0D   4152
     144    3673       0       0   10000       0       0       000000000D   4153
     144       0       0       1       0                PartBody       0D   4154
     124    3674       0       0       0       0       0       001020201D   4155
     124       0       0       2       0                               0D   4156
     100    3676       0       0       0       0    4155       001010001D   4157
     100       0       0       1       0                               0D   4158
     110    3677       0       0       0       0       0       001010001D   4159
     110       0       0       1       0                               0D   4160
     124    3678       0       0       0       0       0       001020201D   4161
     124       0       0       2       0                               0D   4162
     100    3680       0       0       0       0    4161       001010001D   4163
     100       0       0       1       0                               0D   4164
     110    3681       0       0       0       0       0       001010001D   4165
     110       0       0       1       0                               0D   4166
     102    3682       0       0       0       0       0       001010001D   4167
     102       0       0       1       0                               0D   4168
     142    3683       0       0       0       0       0       001010001D   4169
     142       0       0       1       0                               0D   4170
     144    3684       0       0   10000       0       0       000000000D   4171
     144       0       0       1       0                PartBody       0D   4172
     108    3685       0       0       0       0       0       001010001D   4173
     108       0       0       1       0                               0D   4174
     124    3686       0       0       0       0       0       001020201D   4175
     124       0       0       2       0                               0D   4176
     100    3688       0       0       0       0    4175       001010001D   4177
     100       0       0       1       0                               0D   4178
     124    3689       0       0       0       0       0       001020201D   4179
     124       0       0       2       0                               0D   4180
     100    3691       0       0       0       0    4179       001010001D   4181
     100       0       0       1       0                               0D   4182
     110    3692       0       0       0       0       0       001010001D   4183
     110       0       0       2       0                               0D   4184
     124    3694       0       0       0       0       0       001020201D   4185
     124       0       0       3       0                               0D   4186
     100    3697       0       0       0       0    4185       001010001D   4187
     100       0       0       1       0                               0D   4188
     124    3698       0       0       0       0       0       001020201D   4189
     124       0       0       2       0                               0D   4190
     100    3700       0       0       0       0    4189       001010001D   4191
     100       0       0       1       0                               0D   4192
     124    3701       0       0       0       0       0       001020201D   4193
     124       0       0       2       0                               0D   4194
     100    3703       0       0       0       0    4193       001010001D   4195
     100       0       0       1       0                               0D   4196
     124    3704       0       0       0       0       0       001020201D   4197
     124       0       0       2       0                               0D   4198
     100    3706       0       0       0       0    4197       001010001D   4199
     100       0       0       1       0                               0D   4200
     110    3707       0       0       0       0       0       001010001D   4201
     110       0       0       1       0                               0D   4202
     124    3708       0       0       0       0       0       001020201D   4203
     124       0       0       2       0                               0D   4204
     100    3710       0       0       0       0    4203       001010001D   4205
     100       0       0       1       0                               0D   4206
     124    3711       0       0       0       0       0       001020201D   4207
     124       0       0       2       0                               0D   4208
     100    3713       0       0       0       0    4207       001010001D   4209
     100       0       0       1       0                               0D   4210
     102    3714       0       0       0       0       0       001010001D   4211
     102       0       0       1       0                               0D   4212
     142    3715       0       0       0       0       0       001010001D   4213
     142       0       0       1       0                               0D   4214
     144    3716       0       0   10000       0       0       000000000D   4215
     144       0       0       1       0                PartBody       0D   4216
     124    3717       0       0       0       0       0       001020201D   4217
     124       0       0       2       0                               0D   4218
     100    3719       0       0       0       0    4217       001010001D   4219
     100       0       0       1       0                               0D   4220
     110    3720       0       0       0       0       0       001010001D   4221
     110       0       0       2       0                               0D   4222
     124    3722       0       0       0       0       0       001020201D   4223
     124       0       0       2       0                               0D   4224
     100    3724       0       0       0       0    4223       001010001D   4225
     100       0       0       1       0                               0D   4226
     124    3725       0       0       0       0       0       001020201D   4227
     124       0       0       2       0                               0D   4228
     100    3727       0       0       0       0    4227       001010001D   4229
     100       0       0       1       0                               0D   4230
     124    3728       0       0       0       0       0       001020201D   4231
     124       0       0       2       0                               0D   4232
     100    3730       0       0       0       0    4231       001010001D   4233
     100       0       0       1       0                               0D   4234
     110    3731       0       0       0       0       0       001010001D   4235
     110       0       0       2       0                               0D   4236
     124    3733       0       0       0       0       0       001020201D   4237
     124       0       0       3       0                               0D   4238
     100    3736       0       0       0       0    4237       001010001D   4239
     100       0       0       1       0                               0D   4240
     124    3737       0       0       0       0       0       001020201D   4241
     124       0       0       2       0                               0D   4242
     100    3739       0       0       0       0    4241       001010001D   4243
     100       0       0       1       0                               0D   4244
     124    3740       0       0       0       0       0       001020201D   4245
     124       0       0       2       0                               0D   4246
     100    3742       0       0       0       0    4245       001010001D   4247
     100       0       0       1       0                               0D   4248
     102    3743       0       0       0       0       0       001010001D   4249
     102       0       0       1       0                               0D   4250
     142    3744       0       0       0       0       0       001010001D   4251
     142       0       0       1       0                               0D   4252
     144    3745       0       0   10000       0       0       000000000D   4253
     144       0       0       1       0                PartBody       0D   4254
     110    3746       0       0       0       0       0       001010001D   4255
     110       0       0       1       0                               0D   4256
     110    3747       0       0       0       0       0       001010001D   4257
     110       0       0       2       0                               0D   4258
     120    3749       0       0       0       0       0       001010001D   4259
     120       0       0       1       0                               0D   4260
     124    3750       0       0       0       0       0       001020201D   4261
     124       0       0       2       0                               0D   4262
     100    3752       0       0       0       0    4261       001010001D   4263
     100       0       0       1       0                               0D   4264
     110    3753       0       0       0       0       0       001010001D   4265
     110       0       0       1       0                               0D   4266
     124    3754       0       0       0       0       0       001020201D   4267
     124       0       0       2       0                               0D   4268
     100    3756       0       0       0       0    4267       001010001D   4269
     100       0       0       1       0                               0D   4270
     124    3757       0       0       0       0       0       001020201D   4271
     124       0       0       2       0                               0D   4272
     100    3759       0       0       0       0    4271       001010001D   4273
     100       0       0       1       0                               0D   4274
     126    3760       0       0       0       0       0       001010001D   4275
     126       0       0       6       0                               0D   4276
     110    3766       0       0       0       0       0       001010001D   4277
     110       0       0       2       0                               0D   4278
     124    3768       0       0       0       0       0       001020201D   4279
     124       0       0       2       0                               0D   4280
     100    3770       0       0       0       0    4279       001010001D   4281
     100       0       0       1       0                               0D   4282
     110    3771       0       0       0       0       0       001010001D   4283
     110       0       0       1       0                               0D   4284
     102    3772       0       0       0       0       0       001010001D   4285
     102       0       0       1       0                               0D   4286
     142    3773       0       0       0       0       0       001010001D   4287
     142       0       0       1       0                               0D   4288
     144    3774       0       0   10000       0       0       000000000D   4289
     144       0       0       1       0                PartBody       0D   4290
     110    3775       0       0       0       0       0       001010001D   4291
     110       0       0       1       0                               0D   4292
     110    3776       0       0       0       0       0       001010001D   4293
     110       0       0       2       0                               0D   4294
     120    3778       0       0       0       0       0       001010001D   4295
     120       0       0       1       0                               0D   4296
     124    3779       0       0       0       0       0       001020201D   4297
     124       0       0       2       0                               0D   4298
     100    3781       0       0       0       0    4297       001010001D   4299
     100       0       0       1       0                               0D   4300
     110    3782       0       0       0       0       0       001010001D   4301
     110       0       0       1       0                               0D   4302
     126    3783       0       0       0       0       0       001010001D   4303
     126       0       0       6       0                               0D   4304
     126    3789       0       0       0       0       0       001010001D   4305
     126       0       0       6       0                               0D   4306
     110    3795       0       0       0       0       0       001010001D   4307
     110       0       0       2       0                               0D   4308
     124    3797       0       0       0       0       0       001020201D   4309
     124       0       0       2       0                               0D   4310
     100    3799       0       0       0       0    4309       001010001D   4311
     100       0       0       1       0                               0D   4312
     102    3800       0       0       0       0       0       001010001D   4313
     102       0       0       1       0                               0D   4314
     142    3801       0       0       0       0       0       001010001D   4315
     142       0       0       1       0                               0D   4316
     144    3802       0       0   10000       0       0       000000000D   4317
     144       0       0       1       0                PartBody       0D   4318
     110    3803       0       0       0       0       0       001010001D   4319
     110       0       0       1       0                               0D   4320
     110    3804       0       0       0       0       0       001010001D   4321
     110       0       0       2       0                               0D   4322
     120    3806       0       0       0       0       0       001010001D   4323
     120       0       0       1       0                               0D   4324
     124    3807       0       0       0       0       0       001020201D   4325
     124       0       0       2       0                               0D   4326
     100    3809       0       0       0       0    4325       001010001D   4327
     100       0       0       1       0                               0D   4328
     126    3810       0       0       0       0       0       001010001D   4329
     126       0       0       6       0                               0D   4330
     126    3816       0       0       0       0       0       001010001D   4331
     126       0       0       7       0                               0D   4332
     110    3823       0       0       0       0       0       001010001D   4333
     110       0       0       2       0                               0D   4334
     124    3825       0       0       0       0       0       001020201D   4335
     124       0       0       2       0                               0D   4336
     100    3827       0       0       0       0    4335       001010001D   4337
     100       0       0       1       0                               0D   4338
     124    3828       0       0       0       0       0       001020201D   4339
     124       0       0       2       0                               0D   4340
     100    3830       0       0       0       0    4339       001010001D   4341
     100       0       0       1       0                               0D   4342
     124    3831       0       0       0       0       0       001020201D   4343
     124       0       0       2       0                               0D   4344
     100    3833       0       0       0       0    4343       001010001D   4345
     100       0       0       1       0                               0D   4346
     126    3834       0       0       0       0       0       001010001D   4347
     126       0       0       6       0                               0D   4348
     110    3840       0       0       0       0       0       001010001D   4349
     110       0       0       2       0                               0D   4350
     124    3842       0       0       0       0       0       001020201D   4351
     124       0       0       2       0                               0D   4352
     100    3844       0       0       0       0    4351       001010001D   4353
     100       0       0       1       0                               0D   4354
     110    3845       0       0       0       0       0       001010001D   4355
     110       0       0       2       0                               0D   4356
     102    3847       0       0       0       0       0       001010001D   4357
     102       0       0       2       0                               0D   4358
     142    3849       0       0       0       0       0       001010001D   4359
     142       0       0       1       0                               0D   4360
     144    3850       0       0   10000       0       0       000000000D   4361
     144       0       0       1       0                PartBody       0D   4362
     110    3851       0       0       0       0       0       001010001D   4363
     110       0       0       1       0                               0D   4364
     110    3852       0       0       0       0       0       001010001D   4365
     110       0       0       1       0                               0D   4366
     120    3853       0       0       0       0       0       001010001D   4367
     120       0       0       1       0                               0D   4368
     110    3854       0       0       0       0       0       001010001D   4369
     110       0       0       1       0                               0D   4370
     124    3855       0       0       0       0       0       001020201D   4371
     124       0       0       2       0                               0D   4372
     100    3857       0       0       0       0    4371       001010001D   4373
     100       0       0       1       0                               0D   4374
     110    3858       0       0       0       0       0       001010001D   4375
     110       0       0       1       0                               0D   4376
     124    3859       0       0       0       0       0       001020201D   4377
     124       0       0       1       0                               0D   4378
     100    3860       0       0       0       0    4377       001010001D   4379
     100       0       0       1       0                               0D   4380
     102    3861       0       0       0       0       0       001010001D   4381
     102       0       0       1       0                               0D   4382
     142    3862       0       0       0       0       0       001010001D   4383
     142       0       0       1       0                               0D   4384
     144    3863       0       0   10000       0       0       000000000D   4385
     144       0       0       1       0                PartBody       0D   4386
     110    3864       0       0       0       0       0       001010001D   4387
     110       0       0       1       0                               0D   4388
     110    3865       0       0       0       0       0       001010001D   4389
     110       0       0       1       0                               0D   4390
     120    3866       0       0       0       0       0       001010001D   4391
     120       0       0       1       0                               0D   4392
     110    3867       0       0       0       0       0       001010001D   4393
     110       0       0       1       0                               0D   4394
     124    3868       0       0       0       0       0       001020201D   4395
     124       0       0       1       0                               0D   4396
     100    3869       0       0       0       0    4395       001010001D   4397
     100       0       0       1       0                               0D   4398
     110    3870       0       0       0       0       0       001010001D   4399
     110       0       0       1       0                               0D   4400
     124    3871       0       0       0       0       0       001020201D   4401
     124       0       0       1       0                               0D   4402
     100    3872       0       0       0       0    4401       001010001D   4403
     100       0       0       1       0                               0D   4404
     102    3873       0       0       0       0       0       001010001D   4405
     102       0       0       1       0                               0D   4406
     142    3874       0       0       0       0       0       001010001D   4407
     142       0       0       1       0                               0D   4408
     144    3875       0       0   10000       0       0       000000000D   4409
     144       0       0       1       0                PartBody       0D   4410
     108    3876       0       0       0       0       0       001010001D   4411
     108       0       0       1       0                               0D   4412
     124    3877       0       0       0       0       0       001020201D   4413
     124       0       0       1       0                               0D   4414
     100    3878       0       0       0       0    4413       001010001D   4415
     100       0       0       1       0                               0D   4416
     124    3879       0       0       0       0       0       001020201D   4417
     124       0       0       1       0                               0D   4418
     100    3880       0       0       0       0    4417       001010001D   4419
     100       0       0       1       0                               0D   4420
     102    3881       0       0       0       0       0       001010001D   4421
     102       0       0       1       0                               0D   4422
     142    3882       0       0       0       0       0       001010001D   4423
     142       0       0       1       0                               0D   4424
     144    3883       0       0   10000       0       0       000000000D   4425
     144       0       0       1       0                PartBody       0D   4426
     108    3884       0       0       0       0       0       001010001D   4427
     108       0       0       1       0                               0D   4428
     124    3885       0       0       0       0       0       001020201D   4429
     124       0       0       2       0                               0D   4430
     100    3887       0       0       0       0    4429       001010001D   4431
     100       0       0       1       0                               0D   4432
     124    3888       0       0       0       0       0       001020201D   4433
     124       0       0       2       0                               0D   4434
     100    3890       0       0       0       0    4433       001010001D   4435
     100       0       0       1       0                               0D   4436
     124    3891       0       0       0       0       0       001020201D   4437
     124       0       0       2       0                               0D   4438
     100    3893       0       0       0       0    4437       001010001D   4439
     100       0       0       1       0                               0D   4440
     124    3894       0       0       0       0       0       001020201D   4441
     124       0       0       2       0                               0D   4442
     100    3896       0       0       0       0    4441       001010001D   4443
     100       0       0       1       0                               0D   4444
     102    3897       0       0       0       0       0       001010001D   4445
     102       0       0       1       0                               0D   4446
     142    3898       0       0       0       0       0       001010001D   4447
     142       0       0       1       0                               0D   4448
     124    3899       0       0       0       0       0       001020201D   4449
     124       0       0       1       0                               0D   4450
     100    3900       0       0       0       0    4449       001010001D   4451
     100       0       0       1       0                               0D   4452
     110    3901       0       0       0       0       0       001010001D   4453
     110       0       0       1       0                               0D   4454
     124    3902       0       0       0       0       0       001020201D   4455
     124       0       0       2       0                               0D   4456
     100    3904       0       0       0       0    4455       001010001D   4457
     100       0       0       1       0                               0D   4458
     110    3905       0       0       0       0       0       001010001D   4459
     110       0       0       1       0                               0D   4460
     126    3906       0       0       0       0       0       001010001D   4461
     126       0       0      13       0                               0D   4462
     110    3919       0       0       0       0       0       001010001D   4463
     110       0       0       1       0                               0D   4464
     126    3920       0       0       0       0       0       001010001D   4465
     126       0       0      13       0                               0D   4466
     110    3933       0       0       0       0       0       001010001D   4467
     110       0       0       1       0                               0D   4468
     124    3934       0       0       0       0       0       001020201D   4469
     124       0       0       2       0                               0D   4470
     100    3936       0       0       0       0    4469       001010001D   4471
     100       0       0       1       0                               0D   4472
     110    3937       0       0       0       0       0       001010001D   4473
     110       0       0       1       0                               0D   4474
     124    3938       0       0       0       0       0       001020201D   4475
     124       0       0       2       0                               0D   4476
     100    3940       0       0       0       0    4475       001010001D   4477
     100       0       0       1       0                               0D   4478
     124    3941       0       0       0       0       0       001020201D   4479
     124       0       0       2       0                               0D   4480
     100    3943       0       0       0       0    4479       001010001D   4481
     100       0       0       1       0                               0D   4482
     110    3944       0       0       0       0       0       001010001D   4483
     110       0       0       1       0                               0D   4484
     124    3945       0       0       0       0       0       001020201D   4485
     124       0       0       1       0                               0D   4486
     100    3946       0       0       0       0    4485       001010001D   4487
     100       0       0       1       0                               0D   4488
     110    3947       0       0       0       0       0       001010001D   4489
     110       0       0       1       0                               0D   4490
     124    3948       0       0       0       0       0       001020201D   4491
     124       0       0       1       0                               0D   4492
     100    3949       0       0       0       0    4491       001010001D   4493
     100       0       0       1       0                               0D   4494
     110    3950       0       0       0       0       0       001010001D   4495
     110       0       0       1       0                               0D   4496
     124    3951       0       0       0       0       0       001020201D   4497
     124       0       0       2       0                               0D   4498
     100    3953       0       0       0       0    4497       001010001D   4499
     100       0       0       1       0                               0D   4500
     124    3954       0       0       0       0       0       001020201D   4501
     124       0       0       2       0                               0D   4502
     100    3956       0       0       0       0    4501       001010001D   4503
     100       0       0       1       0                               0D   4504
     124    3957       0       0       0       0       0       001020201D   4505
     124       0       0       2       0                               0D   4506
     100    3959       0       0       0       0    4505       001010001D   4507
     100       0       0       1       0                               0D   4508
     124    3960       0       0       0       0       0       001020201D   4509
     124       0       0       2       0                               0D   4510
     100    3962       0       0       0       0    4509       001010001D   4511
     100       0       0       1       0                               0D   4512
     124    3963       0       0       0       0       0       001020201D   4513
     124       0       0       2       0                               0D   4514
     100    3965       0       0       0       0    4513       001010001D   4515
     100       0       0       1       0                               0D   4516
     110    3966       0       0       0       0       0       001010001D   4517
     110       0       0       1       0                               0D   4518
     126    3967       0       0       0       0       0       001010001D   4519
     126       0       0      13       0                               0D   4520
     110    3980       0       0       0       0       0       001010001D   4521
     110       0       0       1       0                               0D   4522
     126    3981       0       0       0       0       0       001010001D   4523
     126       0       0      13       0                               0D   4524
     110    3994       0       0       0       0       0       001010001D   4525
     110       0       0       1       0                               0D   4526
     124    3995       0       0       0       0       0       001020201D   4527
     124       0       0       2       0                               0D   4528
     100    3997       0       0       0       0    4527       001010001D   4529
     100       0       0       1       0                               0D   4530
     110    3998       0       0       0       0       0       001010001D   4531
     110       0       0       1       0                               0D   4532
     124    3999       0       0       0       0       0       001020201D   4533
     124       0       0       1       0                               0D   4534
     100    4000       0       0       0       0    4533       001010001D   4535
     100       0       0       1       0                               0D   4536
     110    4001       0       0       0       0       0       001010001D   4537
     110       0       0       1       0                               0D   4538
     102    4002       0       0       0       0       0       001010001D   4539
     102       0       0       3       0                               0D   4540
     142    4005       0       0       0       0       0       001010001D   4541
     142       0       0       1       0                               0D   4542
     144    4006       0       0   10000       0       0       000000000D   4543
     144       0       0       1       0                PartBody       0D   4544
     110    4007       0       0       0       0       0       001010001D   4545
     110       0       0       1       0                               0D   4546
     110    4008       0       0       0       0       0       001010001D   4547
     110       0       0       1       0                               0D   4548
     126    4009       0       0       0       0       0       001010001D   4549
     126       0       0      13       0                               0D   4550
     110    4022       0       0       0       0       0       001010001D   4551
     110       0       0       1       0                               0D   4552
     110    4023       0       0       0       0       0       001010001D   4553
     110       0       0       1       0                               0D   4554
     110    4024       0       0       0       0       0       001010001D   4555
     110       0       0       1       0                               0D   4556
     110    4025       0       0       0       0       0       001010001D   4557
     110       0       0       1       0                               0D   4558
     102    4026       0       0       0       0       0       001010001D   4559
     102       0       0       1       0                               0D   4560
     142    4027       0       0       0       0       0       001010001D   4561
     142       0       0       1       0                               0D   4562
     144    4028       0       0   10000       0       0       000000000D   4563
     144       0       0       1       0                PartBody       0D   4564
     108    4029       0       0       0       0       0       001010001D   4565
     108       0       0       2       0                               0D   4566
     110    4031       0       0       0       0       0       001010001D   4567
     110       0       0       1       0                               0D   4568
     110    4032       0       0       0       0       0       001010001D   4569
     110       0       0       1       0                               0D   4570
     110    4033       0       0       0       0       0       001010001D   4571
     110       0       0       1       0                               0D   4572
     126    4034       0       0       0       0       0       001010001D   4573
     126       0       0      13       0                               0D   4574
     110    4047       0       0       0       0       0       001010001D   4575
     110       0       0       1       0                               0D   4576
     110    4048       0       0       0       0       0       001010001D   4577
     110       0       0       1       0                               0D   4578
     110    4049       0       0       0       0       0       001010001D   4579
     110       0       0       1       0                               0D   4580
     102    4050       0       0       0       0       0       001010001D   4581
     102       0       0       1       0                               0D   4582
     142    4051       0       0       0       0       0       001010001D   4583
     142       0       0       1       0                               0D   4584
     144    4052       0       0   10000       0       0       000000000D   4585
     144       0       0       1       0                PartBody       0D   4586
     110    4053       0       0       0       0       0       001010001D   4587
     110       0       0       1       0                               0D   4588
     110    4054       0       0       0       0       0       001010001D   4589
     110       0       0       1       0                               0D   4590
     120    4055       0       0       0       0       0       001010001D   4591
     120       0       0       1       0                               0D   4592
     124    4056       0       0       0       0       0       001020201D   4593
     124       0       0       2       0                               0D   4594
     100    4058       0       0       0       0    4593       001010001D   4595
     100       0       0       1       0                               0D   4596
     110    4059       0       0       0       0       0       001010001D   4597
     110       0       0       1       0                               0D   4598
     124    4060       0       0       0       0       0       001020201D   4599
     124       0       0       2       0                               0D   4600
     100    4062       0       0       0       0    4599       001010001D   4601
     100       0       0       1       0                               0D   4602
     126    4063       0       0       0       0       0       001010001D   4603
     126       0       0       7       0                               0D   4604
     110    4070       0       0       0       0       0       001010001D   4605
     110       0       0       2       0                               0D   4606
     126    4072       0       0       0       0       0       001010001D   4607
     126       0       0       7       0                               0D   4608
     124    4079       0       0       0       0       0       001020201D   4609
     124       0       0       2       0                               0D   4610
     100    4081       0       0       0       0    4609       001010001D   4611
     100       0       0       1       0                               0D   4612
     110    4082       0       0       0       0       0       001010001D   4613
     110       0       0       1       0                               0D   4614
     126    4083       0       0       0       0       0       001010001D   4615
     126       0       0       9       0                               0D   4616
     126    4092       0       0       0       0       0       001010001D   4617
     126       0       0       5       0                               0D   4618
     126    4097       0       0       0       0       0       001010001D   4619
     126       0       0       5       0                               0D   4620
     126    4102       0       0       0       0       0       001010001D   4621
     126       0       0       5       0                               0D   4622
     126    4107       0       0       0       0       0       001010001D   4623
     126       0       0      18       0                               0D   4624
     126    4125       0       0       0       0       0       001010001D   4625
     126       0       0       5       0                               0D   4626
     126    4130       0       0       0       0       0       001010001D   4627
     126       0       0       5       0                               0D   4628
     126    4135       0       0       0       0       0       001010001D   4629
     126       0       0       5       0                               0D   4630
     110    4140       0       0       0       0       0       001010001D   4631
     110       0       0       1       0                               0D   4632
     124    4141       0       0       0       0       0       001020201D   4633
     124       0       0       2       0                               0D   4634
     100    4143       0       0       0       0    4633       001010001D   4635
     100       0       0       1       0                               0D   4636
     110    4144       0       0       0       0       0       001010001D   4637
     110       0       0       1       0                               0D   4638
     126    4145       0       0       0       0       0       001010001D   4639
     126       0       0       5       0                               0D   4640
     126    4150       0       0       0       0       0       001010001D   4641
     126       0       0       5       0                               0D   4642
     126    4155       0       0       0       0       0       001010001D   4643
     126       0       0       5       0                               0D   4644
     126    4160       0       0       0       0       0       001010001D   4645
     126       0       0      18       0                               0D   4646
     126    4178       0       0       0       0       0       001010001D   4647
     126       0       0       5       0                               0D   4648
     126    4183       0       0       0       0       0       001010001D   4649
     126       0       0       5       0                               0D   4650
     126    4188       0       0       0       0       0       001010001D   4651
     126       0       0       6       0                               0D   4652
     126    4194       0       0       0       0       0       001010001D   4653
     126       0       0       6       0                               0D   4654
     110    4200       0       0       0       0       0       001010001D   4655
     110       0       0       2       0                               0D   4656
     126    4202       0       0       0       0       0       001010001D   4657
     126       0       0       6       0                               0D   4658
     124    4208       0       0       0       0       0       001020201D   4659
     124       0       0       2       0                               0D   4660
     100    4210       0       0       0       0    4659       001010001D   4661
     100       0       0       1       0                               0D   4662
     110    4211       0       0       0       0       0       001010001D   4663
     110       0       0       1       0                               0D   4664
     102    4212       0       0       0       0       0       001010001D   4665
     102       0       0       3       0                               0D   4666
     142    4215       0       0       0       0       0       001010001D   4667
     142       0       0       1       0                               0D   4668
     144    4216       0       0   10000       0       0       000000000D   4669
     144       0       0       1       0                PartBody       0D   4670
     108    4217       0       0       0       0       0       001010001D   4671
     108       0       0       1       0                               0D   4672
     110    4218       0       0       0       0       0       001010001D   4673
     110       0       0       1       0                               0D   4674
     110    4219       0       0       0       0       0       001010001D   4675
     110       0       0       1       0                               0D   4676
     124    4220       0       0       0       0       0       001020201D   4677
     124       0       0       2       0                               0D   4678
     100    4222       0       0       0       0    4677       001010001D   4679
     100       0       0       1       0                               0D   4680
     110    4223       0       0       0       0       0       001010001D   4681
     110       0       0       1       0                               0D   4682
     102    4224       0       0       0       0       0       001010001D   4683
     102       0       0       1       0                               0D   4684
     142    4225       0       0       0       0       0       001010001D   4685
     142       0       0       1       0                               0D   4686
     124    4226       0       0       0       0       0       001020201D   4687
     124       0       0       1       0                               0D   4688
     100    4227       0       0       0       0    4687       001010001D   4689
     100       0       0       1       0                               0D   4690
     124    4228       0       0       0       0       0       001020201D   4691
     124       0       0       2       0                               0D   4692
     100    4230       0       0       0       0    4691       001010001D   4693
     100       0       0       1       0                               0D   4694
     102    4231       0       0       0       0       0       001010001D   4695
     102       0       0       1       0                               0D   4696
     142    4232       0       0       0       0       0       001010001D   4697
     142       0       0       1       0                               0D   4698
     144    4233       0       0   10000       0       0       000000000D   4699
     144       0       0       1       0                PartBody       0D   4700
     110    4234       0       0       0       0       0       001010001D   4701
     110       0       0       2       0                               0D   4702
     124    4236       0       0       0       0       0       001020201D   4703
     124       0       0       2       0                               0D   4704
     100    4238       0       0       0       0    4703       001010001D   4705
     100       0       0       1       0                               0D   4706
     120    4239       0       0       0       0       0       001010001D   4707
     120       0       0       1       0                               0D   4708
     124    4240       0       0       0       0       0       001020201D   4709
     124       0       0       2       0                               0D   4710
     100    4242       0       0       0       0    4709       001010001D   4711
     100       0       0       1       0                               0D   4712
     124    4243       0       0       0       0       0       001020201D   4713
     124       0       0       2       0                               0D   4714
     100    4245       0       0       0       0    4713       001010001D   4715
     100       0       0       1       0                               0D   4716
     124    4246       0       0       0       0       0       001020201D   4717
     124       0       0       2       0                               0D   4718
     100    4248       0       0       0       0    4717       001010001D   4719
     100       0       0       1       0                               0D   4720
     124    4249       0       0       0       0       0       001020201D   4721
     124       0       0       3       0                               0D   4722
     100    4252       0       0       0       0    4721       001010001D   4723
     100       0       0       1       0                               0D   4724
     102    4253       0       0       0       0       0       001010001D   4725
     102       0       0       1       0                               0D   4726
     142    4254       0       0       0       0       0       001010001D   4727
     142       0       0       1       0                               0D   4728
     144    4255       0       0   10000       0       0       000000000D   4729
     144       0       0       1       0                PartBody       0D   4730
     110    4256       0       0       0       0       0       001010001D   4731
     110       0       0       1       0                               0D   4732
     110    4257       0       0       0       0       0       001010001D   4733
     110       0       0       1       0                               0D   4734
     120    4258       0       0       0       0       0       001010001D   4735
     120       0       0       1       0                               0D   4736
     124    4259       0       0       0       0       0       001020201D   4737
     124       0       0       2       0                               0D   4738
     100    4261       0       0       0       0    4737       001010001D   4739
     100       0       0       1       0                               0D   4740
     110    4262       0       0       0       0       0       001010001D   4741
     110       0       0       1       0                               0D   4742
     124    4263       0       0       0       0       0       001020201D   4743
     124       0       0       1       0                               0D   4744
     100    4264       0       0       0       0    4743       001010001D   4745
     100       0       0       1       0                               0D   4746
     110    4265       0       0       0       0       0       001010001D   4747
     110       0       0       1       0                               0D   4748
     102    4266       0       0       0       0       0       001010001D   4749
     102       0       0       1       0                               0D   4750
     142    4267       0       0       0       0       0       001010001D   4751
     142       0       0       1       0                               0D   4752
     144    4268       0       0   10000       0       0       000000000D   4753
     144       0       0       1       0                PartBody       0D   4754
     110    4269       0       0       0       0       0       001010001D   4755
     110       0       0       1       0                               0D   4756
     110    4270       0       0       0       0       0       001010001D   4757
     110       0       0       1       0                               0D   4758
     120    4271       0       0       0       0       0       001010001D   4759
     120       0       0       1       0                               0D   4760
     124    4272       0       0       0       0       0       001020201D   4761
     124       0       0       2       0                               0D   4762
     100    4274       0       0       0       0    4761       001010001D   4763
     100       0       0       1       0                               0D   4764
     110    4275       0       0       0       0       0       001010001D   4765
     110       0       0       1       0                               0D   4766
     124    4276       0       0       0       0       0       001020201D   4767
     124       0       0       2       0                               0D   4768
     100    4278       0       0       0       0    4767       001010001D   4769
     100       0       0       1       0                               0D   4770
     110    4279       0       0       0       0       0       001010001D   4771
     110       0       0       1       0                               0D   4772
     102    4280       0       0       0       0       0       001010001D   4773
     102       0       0       1       0                               0D   4774
     142    4281       0       0       0       0       0       001010001D   4775
     142       0       0       1       0                               0D   4776
     144    4282       0       0   10000       0       0       000000000D   4777
     144       0       0       1       0                PartBody       0D   4778
     108    4283       0       0       0       0       0       001010001D   4779
     108       0       0       1       0                               0D   4780
     124    4284       0       0       0       0       0       001020201D   4781
     124       0       0       2       0                               0D   4782
     100    4286       0       0       0       0    4781       001010001D   4783
     100       0       0       1       0                               0D   4784
     124    4287       0       0       0       0       0       001020201D   4785
     124       0       0       2       0                               0D   4786
     100    4289       0       0       0       0    4785       001010001D   4787
     100       0       0       1       0                               0D   4788
     102    4290       0       0       0       0       0       001010001D   4789
     102       0       0       1       0                               0D   4790
     142    4291       0       0       0       0       0       001010001D   4791
     142       0       0       1       0                               0D   4792
     124    4292       0       0       0       0       0       001020201D   4793
     124       0       0       2       0                               0D   4794
     100    4294       0       0       0       0    4793       001010001D   4795
     100       0       0       1       0                               0D   4796
     124    4295       0       0       0       0       0       001020201D   4797
     124       0       0       2       0                               0D   4798
     100    4297       0       0       0       0    4797       001010001D   4799
     100       0       0       1       0                               0D   4800
     102    4298       0       0       0       0       0       001010001D   4801
     102       0       0       1       0                               0D   4802
     142    4299       0       0       0       0       0       001010001D   4803
     142       0       0       1       0                               0D   4804
     144    4300       0       0   10000       0       0       000000000D   4805
     144       0       0       1       0                PartBody       0D   4806
     110    4301       0       0       0       0       0       001010001D   4807
     110       0       0       1       0                               0D   4808
     110    4302       0       0       0       0       0       001010001D   4809
     110       0       0       1       0                               0D   4810
     120    4303       0       0       0       0       0       001010001D   4811
     120       0       0       1       0                               0D   4812
     110    4304       0       0       0       0       0       001010001D   4813
     110       0       0       1       0                               0D   4814
     124    4305       0       0       0       0       0       001020201D   4815
     124       0       0       2       0                               0D   4816
     100    4307       0       0       0       0    4815       001010001D   4817
     100       0       0       1       0                               0D   4818
     110    4308       0       0       0       0       0       001010001D   4819
     110       0       0       1       0                               0D   4820
     124    4309       0       0       0       0       0       001020201D   4821
     124       0       0       2       0                               0D   4822
     100    4311       0       0       0       0    4821       001010001D   4823
     100       0       0       1       0                               0D   4824
     102    4312       0       0       0       0       0       001010001D   4825
     102       0       0       1       0                               0D   4826
     142    4313       0       0       0       0       0       001010001D   4827
     142       0       0       1       0                               0D   4828
     144    4314       0       0   10000       0       0       000000000D   4829
     144       0       0       1       0                PartBody       0D   4830
     110    4315       0       0       0       0       0       001010001D   4831
     110       0       0       1       0                               0D   4832
     110    4316       0       0       0       0       0       001010001D   4833
     110       0       0       1       0                               0D   4834
     120    4317       0       0       0       0       0       001010001D   4835
     120       0       0       1       0                               0D   4836
     110    4318       0       0       0       0       0       001010001D   4837
     110       0       0       1       0                               0D   4838
     124    4319       0       0       0       0       0       001020201D   4839
     124       0       0       2       0                               0D   4840
     100    4321       0       0       0       0    4839       001010001D   4841
     100       0       0       1       0                               0D   4842
     110    4322       0       0       0       0       0       001010001D   4843
     110       0       0       1       0                               0D   4844
     124    4323       0       0       0       0       0       001020201D   4845
     124       0       0       2       0                               0D   4846
     100    4325       0       0       0       0    4845       001010001D   4847
     100       0       0       1       0                               0D   4848
     102    4326       0       0       0       0       0       001010001D   4849
     102       0       0       1       0                               0D   4850
     142    4327       0       0       0       0       0       001010001D   4851
     142       0       0       1       0                               0D   4852
     144    4328       0       0   10000       0       0       000000000D   4853
     144       0       0       1       0                PartBody       0D   4854
     108    4329       0       0       0       0       0       001010001D   4855
     108       0       0       1       0                               0D   4856
     124    4330       0       0       0       0       0       001020201D   4857
     124       0       0       2       0                               0D   4858
     100    4332       0       0       0       0    4857       001010001D   4859
     100       0       0       1       0                               0D   4860
     124    4333       0       0       0       0       0       001020201D   4861
     124       0       0       2       0                               0D   4862
     100    4335       0       0       0       0    4861       001010001D   4863
     100       0       0       1       0                               0D   4864
     102    4336       0       0       0       0       0       001010001D   4865
     102       0       0       1       0                               0D   4866
     142    4337       0       0       0       0       0       001010001D   4867
     142       0       0       1       0                               0D   4868
     144    4338       0       0   10000       0       0       000000000D   4869
     144       0       0       1       0                PartBody       0D   4870
     108    4339       0       0       0       0       0       001010001D   4871
     108       0       2       2       0                               0D   4872
     110    4341       0       0       0       0       0       001010001D   4873
     110       0       0       1       0                               0D   4874
     110    4342       0       0       0       0       0       001010001D   4875
     110       0       0       1       0                               0D   4876
     110    4343       0       0       0       0       0       001010001D   4877
     110       0       0       1       0                               0D   4878
     110    4344       0       0       0       0       0       001010001D   4879
     110       0       0       2       0                               0D   4880
     102    4346       0       0       0       0       0       001010001D   4881
     102       0       0       1       0                               0D   4882
     142    4347       0       0       0       0       0       001010001D   4883
     142       0       0       1       0                               0D   4884
     144    4348       0       0   10000       0       0       000000000D   4885
     144       0       2       1       0                Body.2         0D   4886
     108    4349       0       0       0       0       0       001010001D   4887
     108       0       2       2       0                               0D   4888
     110    4351       0       0       0       0       0       001010001D   4889
     110       0       0       1       0                               0D   4890
     110    4352       0       0       0       0       0       001010001D   4891
     110       0       0       2       0                               0D   4892
     110    4354       0       0       0       0       0       001010001D   4893
     110       0       0       1       0                               0D   4894
     110    4355       0       0       0       0       0       001010001D   4895
     110       0       0       1       0                               0D   4896
     102    4356       0       0       0       0       0       001010001D   4897
     102       0       0       1       0                               0D   4898
     142    4357       0       0       0       0       0       001010001D   4899
     142       0       0       1       0                               0D   4900
     144    4358       0       0   10000       0       0       000000000D   4901
     144       0       2       1       0                Body.2         0D   4902
     108    4359       0       0       0       0       0       001010001D   4903
     108       0       2       2       0                               0D   4904
     110    4361       0       0       0       0       0       001010001D   4905
     110       0       0       2       0                               0D   4906
     110    4363       0       0       0       0       0       001010001D   4907
     110       0       0       2       0                               0D   4908
     110    4365       0       0       0       0       0       001010001D   4909
     110       0       0       2       0                               0D   4910
     110    4367       0       0       0       0       0       001010001D   4911
     110       0       0       2       0                               0D   4912
     102    4369       0       0       0       0       0       001010001D   4913
     102       0       0       1       0                               0D   4914
     142    4370       0       0       0       0       0       001010001D   4915
     142       0       0       1       0                               0D   4916
     144    4371       0       0   10000       0       0       000000000D   4917
     144       0       2       1       0                Body.2         0D   4918
     108    4372       0       0       0       0       0       001010001D   4919
     108       0       2       2       0                               0D   4920
     110    4374       0       0       0       0       0       001010001D   4921
     110       0       0       1       0                               0D   4922
     110    4375       0       0       0       0       0       001010001D   4923
     110       0       0       2       0                               0D   4924
     110    4377       0       0       0       0       0       001010001D   4925
     110       0       0       2       0                               0D   4926
     110    4379       0       0       0       0       0       001010001D   4927
     110       0       0       1       0                               0D   4928
     102    4380       0       0       0       0       0       001010001D   4929
     102       0       0       1       0                               0D   4930
     142    4381       0       0       0       0       0       001010001D   4931
     142       0       0       1       0                               0D   4932
     144    4382       0       0   10000       0       0       000000000D   4933
     144       0       2       1       0                Body.2         0D   4934
     108    4383       0       0       0       0       0       001010001D   4935
     108       0       2       2       0                               0D   4936
     110    4385       0       0       0       0       0       001010001D   4937
     110       0       0       2       0                               0D   4938
     110    4387       0       0       0       0       0       001010001D   4939
     110       0       0       2       0                               0D   4940
     110    4389       0       0       0       0       0       001010001D   4941
     110       0       0       2       0                               0D   4942
     110    4391       0       0       0       0       0       001010001D   4943
     110       0       0       2       0                               0D   4944
     102    4393       0       0       0       0       0       001010001D   4945
     102       0       0       1       0                               0D   4946
     142    4394       0       0       0       0       0       001010001D   4947
     142       0       0       1       0                               0D   4948
     144    4395       0       0   10000       0       0       000000000D   4949
     144       0       2       1       0                Body.2         0D   4950
     108    4396       0       0       0       0       0       001010001D   4951
     108       0       2       1       0                               0D   4952
     110    4397       0       0       0       0       0       001010001D   4953
     110       0       0       2       0                               0D   4954
     110    4399       0       0       0       0       0       001010001D   4955
     110       0       0       2       0                               0D   4956
     110    4401       0       0       0       0       0       001010001D   4957
     110       0       0       2       0                               0D   4958
     110    4403       0       0       0       0       0       001010001D   4959
     110       0       0       1       0                               0D   4960
     110    4404       0       0       0       0       0       001010001D   4961
     110       0       0       1       0                               0D   4962
     110    4405       0       0       0       0       0       001010001D   4963
     110       0       0       2       0                               0D   4964
     110    4407       0       0       0       0       0       001010001D   4965
     110       0       0       2       0                               0D   4966
     110    4409       0       0       0       0       0       001010001D   4967
     110       0       0       2       0                               0D   4968
     102    4411       0       0       0       0       0       001010001D   4969
     102       0       0       1       0                               0D   4970
     142    4412       0       0       0       0       0       001010001D   4971
     142       0       0       1       0                               0D   4972
     144    4413       0       0   10000       0       0       000000000D   4973
     144       0       2       1       0                Body.2         0D   4974
     110    4414       0       0       0       0       0       001010001D   4975
     110       0       0       2       0                               0D   4976
     110    4416       0       0       0       0       0       001010001D   4977
     110       0       0       2       0                               0D   4978
     120    4418       0       0       0       0       0       001010001D   4979
     120       0       2       1       0                               0D   4980
     110    4419       0       0       0       0       0       001010001D   4981
     110       0       0       2       0                               0D   4982
     124    4421       0       0       0       0       0       001020201D   4983
     124       0       0       3       0                               0D   4984
     100    4424       0       0       0       0    4983       001010001D   4985
     100       0       0       1       0                               0D   4986
     110    4425       0       0       0       0       0       001010001D   4987
     110       0       0       2       0                               0D   4988
     124    4427       0       0       0       0       0       001020201D   4989
     124       0       0       3       0                               0D   4990
     100    4430       0       0       0       0    4989       001010001D   4991
     100       0       0       1       0                               0D   4992
     102    4431       0       0       0       0       0       001010001D   4993
     102       0       0       1       0                               0D   4994
     142    4432       0       0       0       0       0       001010001D   4995
     142       0       0       1       0                               0D   4996
     144    4433       0       0   10000       0       0       000000000D   4997
     144       0       2       1       0                Body.2         0D   4998
     108    4434       0       0       0       0       0       001010001D   4999
     108       0       2       1       0                               0D   5000
     110    4435       0       0       0       0       0       001010001D   5001
     110       0       0       2       0                               0D   5002
     110    4437       0       0       0       0       0       001010001D   5003
     110       0       0       2       0                               0D   5004
     110    4439       0       0       0       0       0       001010001D   5005
     110       0       0       2       0                               0D   5006
     110    4441       0       0       0       0       0       001010001D   5007
     110       0       0       1       0                               0D   5008
     110    4442       0       0       0       0       0       001010001D   5009
     110       0       0       1       0                               0D   5010
     110    4443       0       0       0       0       0       001010001D   5011
     110       0       0       2       0                               0D   5012
     110    4445       0       0       0       0       0       001010001D   5013
     110       0       0       1       0                               0D   5014
     110    4446       0       0       0       0       0       001010001D   5015
     110       0       0       1       0                               0D   5016
     102    4447       0       0       0       0       0       001010001D   5017
     102       0       0       1       0                               0D   5018
     142    4448       0       0       0       0       0       001010001D   5019
     142       0       0       1       0                               0D   5020
     144    4449       0       0   10000       0       0       000000000D   5021
     144       0       2       1       0                Body.2         0D   5022
     108    4450       0       0       0       0       0       001010001D   5023
     108       0       2       2       0                               0D   5024
     124    4452       0       0       0       0       0       001020201D   5025
     124       0       0       3       0                               0D   5026
     100    4455       0       0       0       0    5025       001010001D   5027
     100       0       0       1       0                               0D   5028
     124    4456       0       0       0       0       0       001020201D   5029
     124       0       0       3       0                               0D   5030
     100    4459       0       0       0       0    5029       001010001D   5031
     100       0       0       1       0                               0D   5032
     110    4460       0       0       0       0       0       001010001D   5033
     110       0       0       2       0                               0D   5034
     110    4462       0       0       0       0       0       001010001D   5035
     110       0       0       2       0                               0D   5036
     110    4464       0       0       0       0       0       001010001D   5037
     110       0       0       2       0                               0D   5038
     102    4466       0       0       0       0       0       001010001D   5039
     102       0       0       1       0                               0D   5040
     142    4467       0       0       0       0       0       001010001D   5041
     142       0       0       1       0                               0D   5042
     144    4468       0       0   10000       0       0       000000000D   5043
     144       0       2       1       0                Body.2         0D   5044
     108    4469       0       0       0       0       0       001010001D   5045
     108       0       2       2       0                               0D   5046
     110    4471       0       0       0       0       0       001010001D   5047
     110       0       0       1       0                               0D   5048
     110    4472       0       0       0       0       0       001010001D   5049
     110       0       0       1       0                               0D   5050
     110    4473       0       0       0       0       0       001010001D   5051
     110       0       0       2       0                               0D   5052
     124    4475       0       0       0       0       0       001020201D   5053
     124       0       0       3       0                               0D   5054
     100    4478       0       0       0       0    5053       001010001D   5055
     100       0       0       1       0                               0D   5056
     124    4479       0       0       0       0       0       001020201D   5057
     124       0       0       3       0                               0D   5058
     100    4482       0       0       0       0    5057       001010001D   5059
     100       0       0       1       0                               0D   5060
     102    4483       0       0       0       0       0       001010001D   5061
     102       0       0       1       0                               0D   5062
     142    4484       0       0       0       0       0       001010001D   5063
     142       0       0       1       0                               0D   5064
     144    4485       0       0   10000       0       0       000000000D   5065
     144       0       2       1       0                Body.2         0D   5066
     110    4486       0       0       0       0       0       001010001D   5067
     110       0       0       2       0                               0D   5068
     110    4488       0       0       0       0       0       001010001D   5069
     110       0       0       2       0                               0D   5070
     120    4490       0       0       0       0       0       001010001D   5071
     120       0       2       1       0                               0D   5072
     110    4491       0       0       0       0       0       001010001D   5073
     110       0       0       2       0                               0D   5074
     124    4493       0       0       0       0       0       001020201D   5075
     124       0       0       3       0                               0D   5076
     100    4496       0       0       0       0    5075       001010001D   5077
     100       0       0       1       0                               0D   5078
     110    4497       0       0       0       0       0       001010001D   5079
     110       0       0       2       0                               0D   5080
     124    4499       0       0       0       0       0       001020201D   5081
     124       0       0       3       0                               0D   5082
     100    4502       0       0       0       0    5081       001010001D   5083
     100       0       0       1       0                               0D   5084
     102    4503       0       0       0       0       0       001010001D   5085
     102       0       0       1       0                               0D   5086
     142    4504       0       0       0       0       0       001010001D   5087
     142       0       0       1       0                               0D   5088
     144    4505       0       0   10000       0       0       000000000D   5089
     144       0       2       1       0                Body.2         0D   5090
     110    4506       0       0       0       0       0       001010001D   5091
     110       0       0       1       0                               0D   5092
     110    4507       0       0       0       0       0       001010001D   5093
     110       0       0       2       0                               0D   5094
     120    4509       0       0       0       0       0       001010001D   5095
     120       0       2       1       0                               0D   5096
     110    4510       0       0       0       0       0       001010001D   5097
     110       0       0       2       0                               0D   5098
     124    4512       0       0       0       0       0       001020201D   5099
     124       0       0       2       0                               0D   5100
     100    4514       0       0       0       0    5099       001010001D   5101
     100       0       0       1       0                               0D   5102
     110    4515       0       0       0       0       0       001010001D   5103
     110       0       0       2       0                               0D   5104
     124    4517       0       0       0       0       0       001020201D   5105
     124       0       0       2       0                               0D   5106
     100    4519       0       0       0       0    5105       001010001D   5107
     100       0       0       1       0                               0D   5108
     102    4520       0       0       0       0       0       001010001D   5109
     102       0       0       1       0                               0D   5110
     142    4521       0       0       0       0       0       001010001D   5111
     142       0       0       1       0                               0D   5112
     144    4522       0       0   10000       0       0       000000000D   5113
     144       0       2       1       0                Body.2         0D   5114
     110    4523       0       0       0       0       0       001010001D   5115
     110       0       0       1       0                               0D   5116
     110    4524       0       0       0       0       0       001010001D   5117
     110       0       0       2       0                               0D   5118
     120    4526       0       0       0       0       0       001010001D   5119
     120       0       2       1       0                               0D   5120
     110    4527       0       0       0       0       0       001010001D   5121
     110       0       0       2       0                               0D   5122
     124    4529       0       0       0       0       0       001020201D   5123
     124       0       0       2       0                               0D   5124
     100    4531       0       0       0       0    5123       001010001D   5125
     100       0       0       1       0                               0D   5126
     110    4532       0       0       0       0       0       001010001D   5127
     110       0       0       2       0                               0D   5128
     124    4534       0       0       0       0       0       001020201D   5129
     124       0       0       2       0                               0D   5130
     100    4536       0       0       0       0    5129       001010001D   5131
     100       0       0       1       0                               0D   5132
     102    4537       0       0       0       0       0       001010001D   5133
     102       0       0       1       0                               0D   5134
     142    4538       0       0       0       0       0       001010001D   5135
     142       0       0       1       0                               0D   5136
     144    4539       0       0   10000       0       0       000000000D   5137
     144       0       2       1       0                Body.2         0D   5138
     110    4540       0       0       0       0       0       001010001D   5139
     110       0       0       1       0                               0D   5140
     110    4541       0       0       0       0       0       001010001D   5141
     110       0       0       2       0                               0D   5142
     120    4543       0       0       0       0       0       001010001D   5143
     120       0       2       1       0                               0D   5144
     110    4544       0       0       0       0       0       001010001D   5145
     110       0       0       2       0                               0D   5146
     124    4546       0       0       0       0       0       001020201D   5147
     124       0       0       2       0                               0D   5148
     100    4548       0       0       0       0    5147       001010001D   5149
     100       0       0       1       0                               0D   5150
     110    4549       0       0       0       0       0       001010001D   5151
     110       0       0       2       0                               0D   5152
     124    4551       0       0       0       0       0       001020201D   5153
     124       0       0       2       0                               0D   5154
     100    4553       0       0       0       0    5153       001010001D   5155
     100       0       0       1       0                               0D   5156
     102    4554       0       0       0       0       0       001010001D   5157
     102       0       0       1       0                               0D   5158
     142    4555       0       0       0       0       0       001010001D   5159
     142       0       0       1       0                               0D   5160
     144    4556       0       0   10000       0       0       000000000D   5161
     144       0       2       1       0                Body.2         0D   5162
     110    4557       0       0       0       0       0       001010001D   5163
     110       0       0       1       0                               0D   5164
     110    4558       0       0       0       0       0       001010001D   5165
     110       0       0       2       0                               0D   5166
     120    4560       0       0       0       0       0       001010001D   5167
     120       0       2       1       0                               0D   5168
     110    4561       0       0       0       0       0       001010001D   5169
     110       0       0       2       0                               0D   5170
     124    4563       0       0       0       0       0       001020201D   5171
     124       0       0       2       0                               0D   5172
     100    4565       0       0       0       0    5171       001010001D   5173
     100       0       0       1       0                               0D   5174
     110    4566       0       0       0       0       0       001010001D   5175
     110       0       0       2       0                               0D   5176
     124    4568       0       0       0       0       0       001020201D   5177
     124       0       0       2       0                               0D   5178
     100    4570       0       0       0       0    5177       001010001D   5179
     100       0       0       1       0                               0D   5180
     102    4571       0       0       0       0       0       001010001D   5181
     102       0       0       1       0                               0D   5182
     142    4572       0       0       0       0       0       001010001D   5183
     142       0       0       1       0                               0D   5184
     144    4573       0       0   10000       0       0       000000000D   5185
     144       0       2       1       0                Body.2         0D   5186
     124    4574       0       0       0       0       0       001020201D   5187
     124       0       0       2       0                               0D   5188
     100    4576       0       0       0       0    5187       001010001D   5189
     100       0       0       1       0                               0D   5190
     124    4577       0       0       0       0       0       001020201D   5191
     124       0       0       2       0                               0D   5192
     100    4579       0       0       0       0    5191       001010001D   5193
     100       0       0       1       0                               0D   5194
     102    4580       0       0       0       0       0       001010001D   5195
     102       0       0       1       0                               0D   5196
     142    4581       0       0       0       0       0       001010001D   5197
     142       0       0       1       0                               0D   5198
     144    4582       0       0   10000       0       0       000000000D   5199
     144       0       2       1       0                Body.2         0D   5200
     108    4583       0       0       0       0       0       001010001D   5201
     108       0       2       1       0                               0D   5202
     124    4584       0       0       0       0       0       001020201D   5203
     124       0       0       2       0                               0D   5204
     100    4586       0       0       0       0    5203       001010001D   5205
     100       0       0       1       0                               0D   5206
     124    4587       0       0       0       0       0       001020201D   5207
     124       0       0       2       0                               0D   5208
     100    4589       0       0       0       0    5207       001010001D   5209
     100       0       0       1       0                               0D   5210
     102    4590       0       0       0       0       0       001010001D   5211
     102       0       0       1       0                               0D   5212
     142    4591       0       0       0       0       0       001010001D   5213
     142       0       0       1       0                               0D   5214
     124    4592       0       0       0       0       0       001020201D   5215
     124       0       0       2       0                               0D   5216
     100    4594       0       0       0       0    5215       001010001D   5217
     100       0       0       1       0                               0D   5218
     124    4595       0       0       0       0       0       001020201D   5219
     124       0       0       2       0                               0D   5220
     100    4597       0       0       0       0    5219       001010001D   5221
     100       0       0       1       0                               0D   5222
     102    4598       0       0       0       0       0       001010001D   5223
     102       0       0       1       0                               0D   5224
     142    4599       0       0       0       0       0       001010001D   5225
     142       0       0       1       0                               0D   5226
     144    4600       0       0   10000       0       0       000000000D   5227
     144       0       2       1       0                Body.2         0D   5228
     108    4601       0       0       0       0       0       001010001D   5229
     108       0       2       1       0                               0D   5230
     124    4602       0       0       0       0       0       001020201D   5231
     124       0       0       2       0                               0D   5232
     100    4604       0       0       0       0    5231       001010001D   5233
     100       0       0       1       0                               0D   5234
     124    4605       0       0       0       0       0       001020201D   5235
     124       0       0       2       0                               0D   5236
     100    4607       0       0       0       0    5235       001010001D   5237
     100       0       0       1       0                               0D   5238
     102    4608       0       0       0       0       0       001010001D   5239
     102       0       0       1       0                               0D   5240
     142    4609       0       0       0       0       0       001010001D   5241
     142       0       0       1       0                               0D   5242
     144    4610       0       0   10000       0       0       000000000D   5243
     144       0       2       1       0                Body.2         0D   5244
     314    4611       0       0       0       0       0       000000201D   5245
     314       0       0       1       0                               0D   5246
     108    4612       0       0       0       0       0       001010001D   5247
     108       0   -5245       1       0                               0D   5248
     110    4613       0       0       0       0       0       001010001D   5249
     110       0       0       2       0                               0D   5250
     110    4615       0       0       0       0       0       001010001D   5251
     110       0       0       2       0                               0D   5252
     110    4617       0       0       0       0       0       001010001D   5253
     110       0       0       2       0                               0D   5254
     110    4619       0       0       0       0       0       001010001D   5255
     110       0       0       2       0                               0D   5256
     102    4621       0       0       0       0       0       001010001D   5257
     102       0       0       1       0                               0D   5258
     142    4622       0       0       0       0       0       001010001D   5259
     142       0       0       1       0                               0D   5260
     144    4623       0       0   10000       0       0       000000000D   5261
     144       0   -5245       1       0                Body.3         0D   5262
     110    4624       0       0       0       0       0       001010001D   5263
     110       0       0       2       0                               0D   5264
     110    4626       0       0       0       0       0       001010001D   5265
     110       0       0       2       0                               0D   5266
     120    4628       0       0       0       0       0       001010001D   5267
     120       0   -5245       1       0                               0D   5268
     124    4629       0       0       0       0       0       001020201D   5269
     124       0       0       3       0                               0D   5270
     100    4632       0       0       0       0    5269       001010001D   5271
     100       0       0       1       0                               0D   5272
     110    4633       0       0       0       0       0       001010001D   5273
     110       0       0       2       0                               0D   5274
     124    4635       0       0       0       0       0       001020201D   5275
     124       0       0       3       0                               0D   5276
     100    4638       0       0       0       0    5275       001010001D   5277
     100       0       0       1       0                               0D   5278
     110    4639       0       0       0       0       0       001010001D   5279
     110       0       0       2       0                               0D   5280
     102    4641       0       0       0       0       0       001010001D   5281
     102       0       0       1       0                               0D   5282
     142    4642       0       0       0       0       0       001010001D   5283
     142       0       0       1       0                               0D   5284
     144    4643       0       0   10000       0       0       000000000D   5285
     144       0   -5245       1       0                Body.3         0D   5286
     108    4644       0       0       0       0       0       001010001D   5287
     108       0   -5245       2       0                               0D   5288
     110    4646       0       0       0       0       0       001010001D   5289
     110       0       0       2       0                               0D   5290
     110    4648       0       0       0       0       0       001010001D   5291
     110       0       0       2       0                               0D   5292
     110    4650       0       0       0       0       0       001010001D   5293
     110       0       0       2       0                               0D   5294
     110    4652       0       0       0       0       0       001010001D   5295
     110       0       0       2       0                               0D   5296
     102    4654       0       0       0       0       0       001010001D   5297
     102       0       0       1       0                               0D   5298
     142    4655       0       0       0       0       0       001010001D   5299
     142       0       0       1       0                               0D   5300
     144    4656       0       0   10000       0       0       000000000D   5301
     144       0   -5245       1       0                Body.3         0D   5302
     110    4657       0       0       0       0       0       001010001D   5303
     110       0       0       2       0                               0D   5304
     110    4659       0       0       0       0       0       001010001D   5305
     110       0       0       2       0                               0D   5306
     120    4661       0       0       0       0       0       001010001D   5307
     120       0   -5245       1       0                               0D   5308
     124    4662       0       0       0       0       0       001020201D   5309
     124       0       0       3       0                               0D   5310
     100    4665       0       0       0       0    5309       001010001D   5311
     100       0       0       1       0                               0D   5312
     110    4666       0       0       0       0       0       001010001D   5313
     110       0       0       2       0                               0D   5314
     124    4668       0       0       0       0       0       001020201D   5315
     124       0       0       2       0                               0D   5316
     100    4670       0       0       0       0    5315       001010001D   5317
     100       0       0       1       0                               0D   5318
     110    4671       0       0       0       0       0       001010001D   5319
     110       0       0       2       0                               0D   5320
     102    4673       0       0       0       0       0       001010001D   5321
     102       0       0       1       0                               0D   5322
     142    4674       0       0       0       0       0       001010001D   5323
     142       0       0       1       0                               0D   5324
     144    4675       0       0   10000       0       0       000000000D   5325
     144       0   -5245       1       0                Body.3         0D   5326
     108    4676       0       0       0       0       0       001010001D   5327
     108       0   -5245       2       0                               0D   5328
     110    4678       0       0       0       0       0       001010001D   5329
     110       0       0       2       0                               0D   5330
     110    4680       0       0       0       0       0       001010001D   5331
     110       0       0       2       0                               0D   5332
     110    4682       0       0       0       0       0       001010001D   5333
     110       0       0       2       0                               0D   5334
     110    4684       0       0       0       0       0       001010001D   5335
     110       0       0       2       0                               0D   5336
     102    4686       0       0       0       0       0       001010001D   5337
     102       0       0       1       0                               0D   5338
     142    4687       0       0       0       0       0       001010001D   5339
     142       0       0       1       0                               0D   5340
     144    4688       0       0   10000       0       0       000000000D   5341
     144       0   -5245       1       0                Body.3         0D   5342
     110    4689       0       0       0       0       0       001010001D   5343
     110       0       0       2       0                               0D   5344
     110    4691       0       0       0       0       0       001010001D   5345
     110       0       0       2       0                               0D   5346
     120    4693       0       0       0       0       0       001010001D   5347
     120       0   -5245       1       0                               0D   5348
     124    4694       0       0       0       0       0       001020201D   5349
     124       0       0       3       0                               0D   5350
     100    4697       0       0       0       0    5349       001010001D   5351
     100       0       0       1       0                               0D   5352
     110    4698       0       0       0       0       0       001010001D   5353
     110       0       0       2       0                               0D   5354
     124    4700       0       0       0       0       0       001020201D   5355
     124       0       0       3       0                               0D   5356
     100    4703       0       0       0       0    5355       001010001D   5357
     100       0       0       1       0                               0D   5358
     110    4704       0       0       0       0       0       001010001D   5359
     110       0       0       2       0                               0D   5360
     102    4706       0       0       0       0       0       001010001D   5361
     102       0       0       1       0                               0D   5362
     142    4707       0       0       0       0       0       001010001D   5363
     142       0       0       1       0                               0D   5364
     144    4708       0       0   10000       0       0       000000000D   5365
     144       0   -5245       1       0                Body.3         0D   5366
     108    4709       0       0       0       0       0       001010001D   5367
     108       0   -5245       1       0                               0D   5368
     110    4710       0       0       0       0       0       001010001D   5369
     110       0       0       2       0                               0D   5370
     110    4712       0       0       0       0       0       001010001D   5371
     110       0       0       2       0                               0D   5372
     110    4714       0       0       0       0       0       001010001D   5373
     110       0       0       2       0                               0D   5374
     110    4716       0       0       0       0       0       001010001D   5375
     110       0       0       2       0                               0D   5376
     102    4718       0       0       0       0       0       001010001D   5377
     102       0       0       1       0                               0D   5378
     142    4719       0       0       0       0       0       001010001D   5379
     142       0       0       1       0                               0D   5380
     144    4720       0       0   10000       0       0       000000000D   5381
     144       0   -5245       1       0                Body.3         0D   5382
     108    4721       0       0       0       0       0       001010001D   5383
     108       0   -5245       2       0                               0D   5384
     110    4723       0       0       0       0       0       001010001D   5385
     110       0       0       1       0                               0D   5386
     110    4724       0       0       0       0       0       001010001D   5387
     110       0       0       2       0                               0D   5388
     110    4726       0       0       0       0       0       001010001D   5389
     110       0       0       2       0                               0D   5390
     110    4728       0       0       0       0       0       001010001D   5391
     110       0       0       2       0                               0D   5392
     102    4730       0       0       0       0       0       001010001D   5393
     102       0       0       1       0                               0D   5394
     142    4731       0       0       0       0       0       001010001D   5395
     142       0       0       1       0                               0D   5396
     144    4732       0       0   10000       0       0       000000000D   5397
     144       0   -5245       1       0                Body.3         0D   5398
     108    4733       0       0       0       0       0       001010001D   5399
     108       0   -5245       1       0                               0D   5400
     110    4734       0       0       0       0       0       001010001D   5401
     110       0       0       2       0                               0D   5402
     110    4736       0       0       0       0       0       001010001D   5403
     110       0       0       2       0                               0D   5404
     110    4738       0       0       0       0       0       001010001D   5405
     110       0       0       2       0                               0D   5406
     110    4740       0       0       0       0       0       001010001D   5407
     110       0       0       2       0                               0D   5408
     102    4742       0       0       0       0       0       001010001D   5409
     102       0       0       1       0                               0D   5410
     142    4743       0       0       0       0       0       001010001D   5411
     142       0       0       1       0                               0D   5412
     144    4744       0       0   10000       0       0       000000000D   5413
     144       0   -5245       1       0                Body.3         0D   5414
     110    4745       0       0       0       0       0       001010001D   5415
     110       0       0       2       0                               0D   5416
     110    4747       0       0       0       0       0       001010001D   5417
     110       0       0       2       0                               0D   5418
     120    4749       0       0       0       0       0       001010001D   5419
     120       0   -5245       1       0                               0D   5420
     110    4750       0       0       0       0       0       001010001D   5421
     110       0       0       2       0                               0D   5422
     124    4752       0       0       0       0       0       001020201D   5423
     124       0       0       3       0                               0D   5424
     100    4755       0       0       0       0    5423       001010001D   5425
     100       0       0       1       0                               0D   5426
     110    4756       0       0       0       0       0       001010001D   5427
     110       0       0       2       0                               0D   5428
     124    4758       0       0       0       0       0       001020201D   5429
     124       0       0       2       0                               0D   5430
     100    4760       0       0       0       0    5429       001010001D   5431
     100       0       0       1       0                               0D   5432
     102    4761       0       0       0       0       0       001010001D   5433
     102       0       0       1       0                               0D   5434
     142    4762       0       0       0       0       0       001010001D   5435
     142       0       0       1       0                               0D   5436
     144    4763       0       0   10000       0       0       000000000D   5437
     144       0   -5245       1       0                Body.3         0D   5438
     108    4764       0       0       0       0       0       001010001D   5439
     108       0   -5245       2       0                               0D   5440
     110    4766       0       0       0       0       0       001010001D   5441
     110       0       0       2       0                               0D   5442
     110    4768       0       0       0       0       0       001010001D   5443
     110       0       0       2       0                               0D   5444
     110    4770       0       0       0       0       0       001010001D   5445
     110       0       0       2       0                               0D   5446
     110    4772       0       0       0       0       0       001010001D   5447
     110       0       0       2       0                               0D   5448
     102    4774       0       0       0       0       0       001010001D   5449
     102       0       0       1       0                               0D   5450
     142    4775       0       0       0       0       0       001010001D   5451
     142       0       0       1       0                               0D   5452
     144    4776       0       0   10000       0       0       000000000D   5453
     144       0   -5245       1       0                Body.3         0D   5454
     110    4777       0       0       0       0       0       001010001D   5455
     110       0       0       2       0                               0D   5456
     110    4779       0       0       0       0       0       001010001D   5457
     110       0       0       2       0                               0D   5458
     120    4781       0       0       0       0       0       001010001D   5459
     120       0   -5245       1       0                               0D   5460
     110    4782       0       0       0       0       0       001010001D   5461
     110       0       0       2       0                               0D   5462
     124    4784       0       0       0       0       0       001020201D   5463
     124       0       0       3       0                               0D   5464
     100    4787       0       0       0       0    5463       001010001D   5465
     100       0       0       1       0                               0D   5466
     110    4788       0       0       0       0       0       001010001D   5467
     110       0       0       2       0                               0D   5468
     124    4790       0       0       0       0       0       001020201D   5469
     124       0       0       2       0                               0D   5470
     100    4792       0       0       0       0    5469       001010001D   5471
     100       0       0       1       0                               0D   5472
     102    4793       0       0       0       0       0       001010001D   5473
     102       0       0       1       0                               0D   5474
     142    4794       0       0       0       0       0       001010001D   5475
     142       0       0       1       0                               0D   5476
     144    4795       0       0   10000       0       0       000000000D   5477
     144       0   -5245       1       0                Body.3         0D   5478
     108    4796       0       0       0       0       0       001010001D   5479
     108       0   -5245       2       0                               0D   5480
     110    4798       0       0       0       0       0       001010001D   5481
     110       0       0       2       0                               0D   5482
     110    4800       0       0       0       0       0       001010001D   5483
     110       0       0       2       0                               0D   5484
     110    4802       0       0       0       0       0       001010001D   5485
     110       0       0       2       0                               0D   5486
     110    4804       0       0       0       0       0       001010001D   5487
     110       0       0       2       0                               0D   5488
     102    4806       0       0       0       0       0       001010001D   5489
     102       0       0       1       0                               0D   5490
     142    4807       0       0       0       0       0       001010001D   5491
     142       0       0       1       0                               0D   5492
     144    4808       0       0   10000       0       0       000000000D   5493
     144       0   -5245       1       0                Body.3         0D   5494
     110    4809       0       0       0       0       0       001010001D   5495
     110       0       0       2       0                               0D   5496
     110    4811       0       0       0       0       0       001010001D   5497
     110       0       0       2       0                               0D   5498
     120    4813       0       0       0       0       0       001010001D   5499
     120       0   -5245       1       0                               0D   5500
     110    4814       0       0       0       0       0       001010001D   5501
     110       0       0       2       0                               0D   5502
     124    4816       0       0       0       0       0       001020201D   5503
     124       0       0       2       0                               0D   5504
     100    4818       0       0       0       0    5503       001010001D   5505
     100       0       0       1       0                               0D   5506
     110    4819       0       0       0       0       0       001010001D   5507
     110       0       0       2       0                               0D   5508
     124    4821       0       0       0       0       0       001020201D   5509
     124       0       0       3       0                               0D   5510
     100    4824       0       0       0       0    5509       001010001D   5511
     100       0       0       1       0                               0D   5512
     102    4825       0       0       0       0       0       001010001D   5513
     102       0       0       1       0                               0D   5514
     142    4826       0       0       0       0       0       001010001D   5515
     142       0       0       1       0                               0D   5516
     144    4827       0       0   10000       0       0       000000000D   5517
     144       0   -5245       1       0                Body.3         0D   5518
     108    4828       0       0       0       0       0       001010001D   5519
     108       0   -5245       1       0                               0D   5520
     110    4829       0       0       0       0       0       001010001D   5521
     110       0       0       2       0                               0D   5522
     110    4831       0       0       0       0       0       001010001D   5523
     110       0       0       2       0                               0D   5524
     110    4833       0       0       0       0       0       001010001D   5525
     110       0       0       2       0                               0D   5526
     110    4835       0       0       0       0       0       001010001D   5527
     110       0       0       2       0                               0D   5528
     102    4837       0       0       0       0       0       001010001D   5529
     102       0       0       1       0                               0D   5530
     142    4838       0       0       0       0       0       001010001D   5531
     142       0       0       1       0                               0D   5532
     144    4839       0       0   10000       0       0       000000000D   5533
     144       0   -5245       1       0                Body.3         0D   5534
     110    4840       0       0       0       0       0       001010001D   5535
     110       0       0       2       0                               0D   5536
     110    4842       0       0       0       0       0       001010001D   5537
     110       0       0       2       0                               0D   5538
     110    4844       0       0       0       0       0       001010001D   5539
     110       0       0       2       0                               0D   5540
     110    4846       0       0       0       0       0       001010001D   5541
     110       0       0       2       0                               0D   5542
     102    4848       0       0       0       0       0       001010001D   5543
     102       0       0       1       0                               0D   5544
     142    4849       0       0       0       0       0       001010001D   5545
     142       0       0       1       0                               0D   5546
     144    4850       0       0   10000       0       0       000000000D   5547
     144       0   -5245       1       0                Body.3         0D   5548
     108    4851       0       0       0       0       0       001010001D   5549
     108       0   -5245       2       0                               0D   5550
     110    4853       0       0       0       0       0       001010001D   5551
     110       0       0       2       0                               0D   5552
     124    4855       0       0       0       0       0       001020201D   5553
     124       0       0       3       0                               0D   5554
     100    4858       0       0       0       0    5553       001010001D   5555
     100       0       0       1       0                               0D   5556
     110    4859       0       0       0       0       0       001010001D   5557
     110       0       0       2       0                               0D   5558
     124    4861       0       0       0       0       0       001020201D   5559
     124       0       0       3       0                               0D   5560
     100    4864       0       0       0       0    5559       001010001D   5561
     100       0       0       1       0                               0D   5562
     110    4865       0       0       0       0       0       001010001D   5563
     110       0       0       2       0                               0D   5564
     124    4867       0       0       0       0       0       001020201D   5565
     124       0       0       3       0                               0D   5566
     100    4870       0       0       0       0    5565       001010001D   5567
     100       0       0       1       0                               0D   5568
     110    4871       0       0       0       0       0       001010001D   5569
     110       0       0       2       0                               0D   5570
     110    4873       0       0       0       0       0       001010001D   5571
     110       0       0       2       0                               0D   5572
     110    4875       0       0       0       0       0       001010001D   5573
     110       0       0       2       0                               0D   5574
     124    4877       0       0       0       0       0       001020201D   5575
     124       0       0       2       0                               0D   5576
     100    4879       0       0       0       0    5575       001010001D   5577
     100       0       0       1       0                               0D   5578
     110    4880       0       0       0       0       0       001010001D   5579
     110       0       0       2       0                               0D   5580
     124    4882       0       0       0       0       0       001020201D   5581
     124       0       0       2       0                               0D   5582
     100    4884       0       0       0       0    5581       001010001D   5583
     100       0       0       1       0                               0D   5584
     110    4885       0       0       0       0       0       001010001D   5585
     110       0       0       2       0                               0D   5586
     124    4887       0       0       0       0       0       001020201D   5587
     124       0       0       3       0                               0D   5588
     100    4890       0       0       0       0    5587       001010001D   5589
     100       0       0       1       0                               0D   5590
     110    4891       0       0       0       0       0       001010001D   5591
     110       0       0       2       0                               0D   5592
     110    4893       0       0       0       0       0       001010001D   5593
     110       0       0       2       0                               0D   5594
     102    4895       0       0       0       0       0       001010001D   5595
     102       0       0       2       0                               0D   5596
     142    4897       0       0       0       0       0       001010001D   5597
     142       0       0       1       0                               0D   5598
     144    4898       0       0   10000       0       0       000000000D   5599
     144       0   -5245       1       0                Body.3         0D   5600
     108    4899       0       0       0       0       0       001010001D   5601
     108       0   -5245       2       0                               0D   5602
     110    4901       0       0       0       0       0       001010001D   5603
     110       0       0       2       0                               0D   5604
     110    4903       0       0       0       0       0       001010001D   5605
     110       0       0       2       0                               0D   5606
     124    4905       0       0       0       0       0       001020201D   5607
     124       0       0       2       0                               0D   5608
     100    4907       0       0       0       0    5607       001010001D   5609
     100       0       0       1       0                               0D   5610
     110    4908       0       0       0       0       0       001010001D   5611
     110       0       0       2       0                               0D   5612
     124    4910       0       0       0       0       0       001020201D   5613
     124       0       0       3       0                               0D   5614
     100    4913       0       0       0       0    5613       001010001D   5615
     100       0       0       1       0                               0D   5616
     110    4914       0       0       0       0       0       001010001D   5617
     110       0       0       2       0                               0D   5618
     124    4916       0       0       0       0       0       001020201D   5619
     124       0       0       3       0                               0D   5620
     100    4919       0       0       0       0    5619       001010001D   5621
     100       0       0       1       0                               0D   5622
     110    4920       0       0       0       0       0       001010001D   5623
     110       0       0       2       0                               0D   5624
     110    4922       0       0       0       0       0       001010001D   5625
     110       0       0       1       0                               0D   5626
     110    4923       0       0       0       0       0       001010001D   5627
     110       0       0       2       0                               0D   5628
     124    4925       0       0       0       0       0       001020201D   5629
     124       0       0       3       0                               0D   5630
     100    4928       0       0       0       0    5629       001010001D   5631
     100       0       0       1       0                               0D   5632
     110    4929       0       0       0       0       0       001010001D   5633
     110       0       0       2       0                               0D   5634
     124    4931       0       0       0       0       0       001020201D   5635
     124       0       0       2       0                               0D   5636
     100    4933       0       0       0       0    5635       001010001D   5637
     100       0       0       1       0                               0D   5638
     110    4934       0       0       0       0       0       001010001D   5639
     110       0       0       2       0                               0D   5640
     124    4936       0       0       0       0       0       001020201D   5641
     124       0       0       3       0                               0D   5642
     100    4939       0       0       0       0    5641       001010001D   5643
     100       0       0       1       0                               0D   5644
     110    4940       0       0       0       0       0       001010001D   5645
     110       0       0       2       0                               0D   5646
     102    4942       0       0       0       0       0       001010001D   5647
     102       0       0       2       0                               0D   5648
     142    4944       0       0       0       0       0       001010001D   5649
     142       0       0       1       0                               0D   5650
     144    4945       0       0   10000       0       0       000000000D   5651
     144       0   -5245       1       0                Body.3         0D   5652
     110    4946       0       0       0       0       0       001010001D   5653
     110       0       0       1       0                               0D   5654
     124    4947       0       0       0       0       0       001020201D   5655
     124       0       0       2       0                               0D   5656
     100    4949       0       0       0       0    5655       001010001D   5657
     100       0       0       1       0                               0D   5658
     120    4950       0       0       0       0       0       001010001D   5659
     120       0   -5245       1       0                               0D   5660
     124    4951       0       0       0       0       0       001020201D   5661
     124       0       0       2       0                               0D   5662
     100    4953       0       0       0       0    5661       001010001D   5663
     100       0       0       1       0                               0D   5664
     124    4954       0       0       0       0       0       001020201D   5665
     124       0       0       2       0                               0D   5666
     100    4956       0       0       0       0    5665       001010001D   5667
     100       0       0       1       0                               0D   5668
     124    4957       0       0       0       0       0       001020201D   5669
     124       0       0       1       0                               0D   5670
     100    4958       0       0       0       0    5669       001010001D   5671
     100       0       0       1       0                               0D   5672
     124    4959       0       0       0       0       0       001020201D   5673
     124       0       0       1       0                               0D   5674
     100    4960       0       0       0       0    5673       001010001D   5675
     100       0       0       1       0                               0D   5676
     102    4961       0       0       0       0       0       001010001D   5677
     102       0       0       1       0                               0D   5678
     142    4962       0       0       0       0       0       001010001D   5679
     142       0       0       1       0                               0D   5680
     144    4963       0       0   10000       0       0       000000000D   5681
     144       0   -5245       1       0                Body.3         0D   5682
     110    4964       0       0       0       0       0       001010001D   5683
     110       0       0       1       0                               0D   5684
     124    4965       0       0       0       0       0       001020201D   5685
     124       0       0       2       0                               0D   5686
     100    4967       0       0       0       0    5685       001010001D   5687
     100       0       0       1       0                               0D   5688
     120    4968       0       0       0       0       0       001010001D   5689
     120       0   -5245       1       0                               0D   5690
     124    4969       0       0       0       0       0       001020201D   5691
     124       0       0       2       0                               0D   5692
     100    4971       0       0       0       0    5691       001010001D   5693
     100       0       0       1       0                               0D   5694
     124    4972       0       0       0       0       0       001020201D   5695
     124       0       0       2       0                               0D   5696
     100    4974       0       0       0       0    5695       001010001D   5697
     100       0       0       1       0                               0D   5698
     124    4975       0       0       0       0       0       001020201D   5699
     124       0       0       2       0                               0D   5700
     100    4977       0       0       0       0    5699       001010001D   5701
     100       0       0       1       0                               0D   5702
     124    4978       0       0       0       0       0       001020201D   5703
     124       0       0       2       0                               0D   5704
     100    4980       0       0       0       0    5703       001010001D   5705
     100       0       0       1       0                               0D   5706
     102    4981       0       0       0       0       0       001010001D   5707
     102       0       0       1       0                               0D   5708
     142    4982       0       0       0       0       0       001010001D   5709
     142       0       0       1       0                               0D   5710
     144    4983       0       0   10000       0       0       000000000D   5711
     144       0   -5245       1       0                Body.3         0D   5712
     110    4984       0       0       0       0       0       001010001D   5713
     110       0       0       1       0                               0D   5714
     110    4985       0       0       0       0       0       001010001D   5715
     110       0       0       1       0                               0D   5716
     120    4986       0       0       0       0       0       001010001D   5717
     120       0   -5245       1       0                               0D   5718
     124    4987       0       0       0       0       0       001020201D   5719
     124       0       0       1       0                               0D   5720
     100    4988       0       0       0       0    5719       001010001D   5721
     100       0       0       1       0                               0D   5722
     110    4989       0       0       0       0       0       001010001D   5723
     110       0       0       1       0                               0D   5724
     124    4990       0       0       0       0       0       001020201D   5725
     124       0       0       2       0                               0D   5726
     100    4992       0       0       0       0    5725       001010001D   5727
     100       0       0       1       0                               0D   5728
     110    4993       0       0       0       0       0       001010001D   5729
     110       0       0       1       0                               0D   5730
     102    4994       0       0       0       0       0       001010001D   5731
     102       0       0       1       0                               0D   5732
     142    4995       0       0       0       0       0       001010001D   5733
     142       0       0       1       0                               0D   5734
     144    4996       0       0   10000       0       0       000000000D   5735
     144       0   -5245       1       0                Body.3         0D   5736
     110    4997       0       0       0       0       0       001010001D   5737
     110       0       0       1       0                               0D   5738
     110    4998       0       0       0       0       0       001010001D   5739
     110       0       0       1       0                               0D   5740
     120    4999       0       0       0       0       0       001010001D   5741
     120       0   -5245       1       0                               0D   5742
     124    5000       0       0       0       0       0       001020201D   5743
     124       0       0       1       0                               0D   5744
     100    5001       0       0       0       0    5743       001010001D   5745
     100       0       0       1       0                               0D   5746
     110    5002       0       0       0       0       0       001010001D   5747
     110       0       0       1       0                               0D   5748
     124    5003       0       0       0       0       0       001020201D   5749
     124       0       0       2       0                               0D   5750
     100    5005       0       0       0       0    5749       001010001D   5751
     100       0       0       1       0                               0D   5752
     110    5006       0       0       0       0       0       001010001D   5753
     110       0       0       1       0                               0D   5754
     102    5007       0       0       0       0       0       001010001D   5755
     102       0       0       1       0                               0D   5756
     142    5008       0       0       0       0       0       001010001D   5757
     142       0       0       1       0                               0D   5758
     144    5009       0       0   10000       0       0       000000000D   5759
     144       0   -5245       1       0                Body.3         0D   5760
     108    5010       0       0       0       0       0       001010001D   5761
     108       0   -5245       1       0                               0D   5762
     124    5011       0       0       0       0       0       001020201D   5763
     124       0       0       1       0                               0D   5764
     100    5012       0       0       0       0    5763       001010001D   5765
     100       0       0       1       0                               0D   5766
     124    5013       0       0       0       0       0       001020201D   5767
     124       0       0       1       0                               0D   5768
     100    5014       0       0       0       0    5767       001010001D   5769
     100       0       0       1       0                               0D   5770
     102    5015       0       0       0       0       0       001010001D   5771
     102       0       0       1       0                               0D   5772
     142    5016       0       0       0       0       0       001010001D   5773
     142       0       0       1       0                               0D   5774
     144    5017       0       0   10000       0       0       000000000D   5775
     144       0   -5245       1       0                Body.3         0D   5776
     108    5018       0       0       0       0       0       001010001D   5777
     108       0   -5245       1       0                               0D   5778
     124    5019       0       0       0       0       0       001020201D   5779
     124       0       0       2       0                               0D   5780
     100    5021       0       0       0       0    5779       001010001D   5781
     100       0       0       1       0                               0D   5782
     124    5022       0       0       0       0       0       001020201D   5783
     124       0       0       2       0                               0D   5784
     100    5024       0       0       0       0    5783       001010001D   5785
     100       0       0       1       0                               0D   5786
     102    5025       0       0       0       0       0       001010001D   5787
     102       0       0       1       0                               0D   5788
     142    5026       0       0       0       0       0       001010001D   5789
     142       0       0       1       0                               0D   5790
     124    5027       0       0       0       0       0       001020201D   5791
     124       0       0       2       0                               0D   5792
     100    5029       0       0       0       0    5791       001010001D   5793
     100       0       0       1       0                               0D   5794
     124    5030       0       0       0       0       0       001020201D   5795
     124       0       0       1       0                               0D   5796
     100    5031       0       0       0       0    5795       001010001D   5797
     100       0       0       1       0                               0D   5798
     102    5032       0       0       0       0       0       001010001D   5799
     102       0       0       1       0                               0D   5800
     142    5033       0       0       0       0       0       001010001D   5801
     142       0       0       1       0                               0D   5802
     144    5034       0       0   10000       0       0       000000000D   5803
     144       0   -5245       1       0                Body.3         0D   5804
     124    5035       0       0       0       0       0       001020201D   5805
     124       0       0       2       0                               0D   5806
     100    5037       0       0       0       0    5805       001010001D   5807
     100       0       0       1       0                               0D   5808
     124    5038       0       0       0       0       0       001020201D   5809
     124       0       0       2       0                               0D   5810
     100    5040       0       0       0       0    5809       001010001D   5811
     100       0       0       1       0                               0D   5812
     102    5041       0       0       0       0       0       001010001D   5813
     102       0       0       1       0                               0D   5814
     142    5042       0       0       0       0       0       001010001D   5815
     142       0       0       1       0                               0D   5816
     144    5043       0       0   10000       0       0       000000000D   5817
     144       0   -5245       1       0                Body.3         0D   5818
     110    5044       0       0       0       0       0       001010001D   5819
     110       0       0       1       0                               0D   5820
     110    5045       0       0       0       0       0       001010001D   5821
     110       0       0       1       0                               0D   5822
     120    5046       0       0       0       0       0       001010001D   5823
     120       0   -5245       1       0                               0D   5824
     110    5047       0       0       0       0       0       001010001D   5825
     110       0       0       1       0                               0D   5826
     124    5048       0       0       0       0       0       001020201D   5827
     124       0       0       2       0                               0D   5828
     100    5050       0       0       0       0    5827       001010001D   5829
     100       0       0       1       0                               0D   5830
     110    5051       0       0       0       0       0       001010001D   5831
     110       0       0       1       0                               0D   5832
     124    5052       0       0       0       0       0       001020201D   5833
     124       0       0       2       0                               0D   5834
     100    5054       0       0       0       0    5833       001010001D   5835
     100       0       0       1       0                               0D   5836
     102    5055       0       0       0       0       0       001010001D   5837
     102       0       0       1       0                               0D   5838
     142    5056       0       0       0       0       0       001010001D   5839
     142       0       0       1       0                               0D   5840
     144    5057       0       0   10000       0       0       000000000D   5841
     144       0   -5245       1       0                Body.3         0D   5842
     110    5058       0       0       0       0       0       001010001D   5843
     110       0       0       1       0                               0D   5844
     110    5059       0       0       0       0       0       001010001D   5845
     110       0       0       1       0                               0D   5846
     120    5060       0       0       0       0       0       001010001D   5847
     120       0   -5245       1       0                               0D   5848
     110    5061       0       0       0       0       0       001010001D   5849
     110       0       0       1       0                               0D   5850
     124    5062       0       0       0       0       0       001020201D   5851
     124       0       0       2       0                               0D   5852
     100    5064       0       0       0       0    5851       001010001D   5853
     100       0       0       1       0                               0D   5854
     110    5065       0       0       0       0       0       001010001D   5855
     110       0       0       1       0                               0D   5856
     124    5066       0       0       0       0       0       001020201D   5857
     124       0       0       2       0                               0D   5858
     100    5068       0       0       0       0    5857       001010001D   5859
     100       0       0       1       0                               0D   5860
     102    5069       0       0       0       0       0       001010001D   5861
     102       0       0       1       0                               0D   5862
     142    5070       0       0       0       0       0       001010001D   5863
     142       0       0       1       0                               0D   5864
     144    5071       0       0   10000       0       0       000000000D   5865
     144       0   -5245       1       0                Body.3         0D   5866
     110    5072       0       0       0       0       0       001010001D   5867
     110       0       0       1       0                               0D   5868
     124    5073       0       0       0       0       0       001020201D   5869
     124       0       0       3       0                               0D   5870
     100    5076       0       0       0       0    5869       001010001D   5871
     100       0       0       1       0                               0D   5872
     120    5077       0       0       0       0       0       001010001D   5873
     120       0   -5245       1       0                               0D   5874
     124    5078       0       0       0       0       0       001020201D   5875
     124       0       0       3       0                               0D   5876
     100    5081       0       0       0       0    5875       001010001D   5877
     100       0       0       1       0                               0D   5878
     124    5082       0       0       0       0       0       001020201D   5879
     124       0       0       2       0                               0D   5880
     100    5084       0       0       0       0    5879       001010001D   5881
     100       0       0       2       0                               0D   5882
     124    5086       0       0       0       0       0       001020201D   5883
     124       0       0       3       0                               0D   5884
     100    5089       0       0       0       0    5883       001010001D   5885
     100       0       0       1       0                               0D   5886
     124    5090       0       0       0       0       0       001020201D   5887
     124       0       0       2       0                               0D   5888
     100    5092       0       0       0       0    5887       001010001D   5889
     100       0       0       2       0                               0D   5890
     102    5094       0       0       0       0       0       001010001D   5891
     102       0       0       1       0                               0D   5892
     142    5095       0       0       0       0       0       001010001D   5893
     142       0       0       1       0                               0D   5894
     144    5096       0       0   10000       0       0       000000000D   5895
     144       0   -5245       1       0                Body.4         0D   5896
     110    5097       0       0       0       0       0       001010001D   5897
     110       0       0       1       0                               0D   5898
     124    5098       0       0       0       0       0       001020201D   5899
     124       0       0       3       0                               0D   5900
     100    5101       0       0       0       0    5899       001010001D   5901
     100       0       0       1       0                               0D   5902
     120    5102       0       0       0       0       0       001010001D   5903
     120       0   -5245       1       0                               0D   5904
     124    5103       0       0       0       0       0       001020201D   5905
     124       0       0       3       0                               0D   5906
     100    5106       0       0       0       0    5905       001010001D   5907
     100       0       0       1       0                               0D   5908
     124    5107       0       0       0       0       0       001020201D   5909
     124       0       0       2       0                               0D   5910
     100    5109       0       0       0       0    5909       001010001D   5911
     100       0       0       1       0                               0D   5912
     124    5110       0       0       0       0       0       001020201D   5913
     124       0       0       3       0                               0D   5914
     100    5113       0       0       0       0    5913       001010001D   5915
     100       0       0       1       0                               0D   5916
     124    5114       0       0       0       0       0       001020201D   5917
     124       0       0       2       0                               0D   5918
     100    5116       0       0       0       0    5917       001010001D   5919
     100       0       0       2       0                               0D   5920
     102    5118       0       0       0       0       0       001010001D   5921
     102       0       0       1       0                               0D   5922
     142    5119       0       0       0       0       0       001010001D   5923
     142       0       0       1       0                               0D   5924
     144    5120       0       0   10000       0       0       000000000D   5925
     144       0   -5245       1       0                Body.4         0D   5926
     110    5121       0       0       0       0       0       001010001D   5927
     110       0       0       1       0                               0D   5928
     110    5122       0       0       0       0       0       001010001D   5929
     110       0       0       1       0                               0D   5930
     120    5123       0       0       0       0       0       001010001D   5931
     120       0   -5245       1       0                               0D   5932
     110    5124       0       0       0       0       0       001010001D   5933
     110       0       0       2       0                               0D   5934
     124    5126       0       0       0       0       0       001020201D   5935
     124       0       0       2       0                               0D   5936
     100    5128       0       0       0       0    5935       001010001D   5937
     100       0       0       1       0                               0D   5938
     110    5129       0       0       0       0       0       001010001D   5939
     110       0       0       1       0                               0D   5940
     124    5130       0       0       0       0       0       001020201D   5941
     124       0       0       2       0                               0D   5942
     100    5132       0       0       0       0    5941       001010001D   5943
     100       0       0       1       0                               0D   5944
     102    5133       0       0       0       0       0       001010001D   5945
     102       0       0       1       0                               0D   5946
     142    5134       0       0       0       0       0       001010001D   5947
     142       0       0       1       0                               0D   5948
     144    5135       0       0   10000       0       0       000000000D   5949
     144       0   -5245       1       0                Body.4         0D   5950
     110    5136       0       0       0       0       0       001010001D   5951
     110       0       0       1       0                               0D   5952
     110    5137       0       0       0       0       0       001010001D   5953
     110       0       0       2       0                               0D   5954
     120    5139       0       0       0       0       0       001010001D   5955
     120       0   -5245       1       0                               0D   5956
     110    5140       0       0       0       0       0       001010001D   5957
     110       0       0       1       0                               0D   5958
     124    5141       0       0       0       0       0       001020201D   5959
     124       0       0       2       0                               0D   5960
     100    5143       0       0       0       0    5959       001010001D   5961
     100       0       0       1       0                               0D   5962
     110    5144       0       0       0       0       0       001010001D   5963
     110       0       0       2       0                               0D   5964
     124    5146       0       0       0       0       0       001020201D   5965
     124       0       0       2       0                               0D   5966
     100    5148       0       0       0       0    5965       001010001D   5967
     100       0       0       1       0                               0D   5968
     102    5149       0       0       0       0       0       001010001D   5969
     102       0       0       1       0                               0D   5970
     142    5150       0       0       0       0       0       001010001D   5971
     142       0       0       1       0                               0D   5972
     144    5151       0       0   10000       0       0       000000000D   5973
     144       0   -5245       1       0                Body.4         0D   5974
     108    5152       0       0       0       0       0       001010001D   5975
     108       0   -5245       1       0                               0D   5976
     124    5153       0       0       0       0       0       001020201D   5977
     124       0       0       2       0                               0D   5978
     100    5155       0       0       0       0    5977       001010001D   5979
     100       0       0       2       0                               0D   5980
     124    5157       0       0       0       0       0       001020201D   5981
     124       0       0       2       0                               0D   5982
     100    5159       0       0       0       0    5981       001010001D   5983
     100       0       0       1       0                               0D   5984
     102    5160       0       0       0       0       0       001010001D   5985
     102       0       0       1       0                               0D   5986
     142    5161       0       0       0       0       0       001010001D   5987
     142       0       0       1       0                               0D   5988
     124    5162       0       0       0       0       0       001020201D   5989
     124       0       0       2       0                               0D   5990
     100    5164       0       0       0       0    5989       001010001D   5991
     100       0       0       1       0                               0D   5992
     124    5165       0       0       0       0       0       001020201D   5993
     124       0       0       2       0                               0D   5994
     100    5167       0       0       0       0    5993       001010001D   5995
     100       0       0       1       0                               0D   5996
     102    5168       0       0       0       0       0       001010001D   5997
     102       0       0       1       0                               0D   5998
     142    5169       0       0       0       0       0       001010001D   5999
     142       0       0       1       0                               0D   6000
     144    5170       0       0   10000       0       0       000000000D   6001
     144       0   -5245       1       0                Body.4         0D   6002
     108    5171       0       0       0       0       0       001010001D   6003
     108       0   -5245       1       0                               0D   6004
     124    5172       0       0       0       0       0       001020201D   6005
     124       0       0       2       0                               0D   6006
     100    5174       0       0       0       0    6005       001010001D   6007
     100       0       0       2       0                               0D   6008
     124    5176       0       0       0       0       0       001020201D   6009
     124       0       0       2       0                               0D   6010
     100    5178       0       0       0       0    6009       001010001D   6011
     100       0       0       2       0                               0D   6012
     102    5180       0       0       0       0       0       001010001D   6013
     102       0       0       1       0                               0D   6014
     142    5181       0       0       0       0       0       001010001D   6015
     142       0       0       1       0                               0D   6016
     124    5182       0       0       0       0       0       001020201D   6017
     124       0       0       2       0                               0D   6018
     100    5184       0       0       0       0    6017       001010001D   6019
     100       0       0       1       0                               0D   6020
     124    5185       0       0       0       0       0       001020201D   6021
     124       0       0       2       0                               0D   6022
     100    5187       0       0       0       0    6021       001010001D   6023
     100       0       0       1       0                               0D   6024
     102    5188       0       0       0       0       0       001010001D   6025
     102       0       0       1       0                               0D   6026
     142    5189       0       0       0       0       0       001010001D   6027
     142       0       0       1       0                               0D   6028
     144    5190       0       0   10000       0       0       000000000D   6029
     144       0   -5245       1       0                Body.4         0D   6030
108,0.0,1.0,0.0,-3.4,0,22.19137853,-3.4,-11.0,1.0,0,0;                 1P      1
110,14.19859148,-3.4,2.8,14.19859148,-3.4,4.8,0,0;                     3P      2
110,14.19859148,-3.4,4.8,12.13260071,-3.4,4.8,0,0;                     5P      3
110,12.13260071,-3.4,4.8,12.13260071,-3.4,2.8,0,0;                     7P      4
110,12.13260071,-3.4,2.8,14.19859148,-3.4,2.8,0,0;                     9P      5
102,4,3,5,7,9,0,0;                                                    11P      6
142,0,1,0,11,2,0,0;                                                   13P      7
144,1,1,0,13,0,0;                                                     15P      8
110,0.0,0.0,-2.9,0.0,0.0,-1.9,0,0;                                    17P      9
110,-15.48933222,-8.461860756,-2.0,-15.48933222,-8.461860756,         19P     10
0.0,0,0;                                                              19P     11
120,17,19,0.0,6.283185307,0,0;                                        21P     12
110,15.48933222,8.461860756,0.0,15.48933222,8.461860756,-2.0,0,       23P     13
0;                                                                    23P     14
124,0.8775825619,0.4794255386,0.0,0.0,0.4794255386,                   25P     15
-0.8775825619,0.0,0.0,0.0,0.0,-1.0,-2.0,0,0;                          25P     16
100,0.0,0.0,0.0,17.65,0.0,13.56917898,11.28715561,0,0;                27P     17
124,0.9812705671,-0.1926345609,0.0,0.0,-0.1926345609,                 29P     18
-0.9812705671,0.0,0.0,0.0,0.0,-1.0,-2.0,0,0;                          29P     19
100,0.0,0.0,0.0,17.65,0.0,17.24526012,3.758124977,0,0;                31P     20
124,0.9177519221,-0.3971541382,0.0,0.0,-0.3971541382,                 33P     21
-0.9177519221,0.0,0.0,0.0,0.0,-1.0,-2.0,0,0;                          33P     22
100,0.0,0.0,0.0,17.65,0.0,-10.8547014,13.91754136,0,0;                35P     23
110,-15.48933222,-8.461860756,-2.0,-15.48933222,-8.461860756,         37P     24
0.0,0,0;                                                              37P     25
124,-0.8775825619,0.4794255386,0.0,0.0,-0.4794255386,                 39P     26
-0.8775825619,0.0,0.0,0.0,0.0,1.0,0.0,0,0;                            39P     27
100,0.0,0.0,0.0,17.65,0.0,-17.65,-9.797718192E-016,0,0;               41P     28
102,6,23,27,31,35,37,41,0,0;                                          43P     29
142,0,21,0,43,2,0,0;                                                  45P     30
144,21,1,0,45,0,0;                                                    47P     31
110,0.0,0.0,-2.9,0.0,0.0,-1.9,0,0;                                    49P     32
110,15.48933222,8.461860756,-2.0,15.48933222,8.461860756,0.0,0,       51P     33
0;                                                                    51P     34
120,49,51,0.0,6.283185307,0,0;                                        53P     35
110,-15.48933222,-8.461860756,0.0,-15.48933222,-8.461860756,          55P     36
-2.0,0,0;                                                             55P     37
124,-0.8775825619,-0.4794255386,0.0,0.0,-0.4794255386,                57P     38
0.8775825619,0.0,0.0,0.0,0.0,-1.0,-2.0,0,0;                           57P     39
100,0.0,0.0,0.0,17.65,0.0,-17.65,9.797718192E-016,0,0;                59P     40
110,15.48933222,8.461860756,-2.0,15.48933222,8.461860756,0.0,0,       61P     41
0;                                                                    61P     42
124,0.8775825619,-0.4794255386,0.0,0.0,0.4794255386,                  63P     43
0.8775825619,0.0,0.0,0.0,0.0,1.0,0.0,0,0;                             63P     44
100,0.0,0.0,0.0,17.65,0.0,-17.65,9.797718192E-016,0,0;                65P     45
102,4,55,59,61,65,0,0;                                                67P     46
142,0,53,0,67,2,0,0;                                                  69P     47
144,53,1,0,69,0,0;                                                    71P     48
110,0.0,0.0,-2.9,0.0,0.0,-1.9,0,0;                                    73P     49
110,5.80285421,7.009770539,-5.2,5.80285421,7.009770539,-2.0,0,0;      75P     50
120,73,75,0.0,6.283185307,0,0;                                        77P     51
110,4.0,8.173738435,-2.0,4.0,8.173738435,-5.2,0,0;                    79P     52
124,0.4395604396,0.8982130148,0.0,0.0,0.8982130148,                   81P     53
-0.4395604396,0.0,0.0,0.0,0.0,-1.0,-5.2,0,0;                          81P     54
100,0.0,0.0,0.0,9.1,0.0,8.846972277,2.130981355,0,0;                  83P     55
110,5.80285421,7.009770539,-5.2,5.80285421,7.009770539,-2.0,0,0;      85P     56
124,0.6376762869,-0.7703044549,0.0,0.0,0.7703044549,                  87P     57
0.6376762869,0.0,0.0,-2.928060724E-016,0.0,1.0,-2.0,0,0;              87P     58
100,0.0,0.0,0.0,9.1,0.0,8.846972277,2.130981355,0,0;                  89P     59
102,4,79,83,85,89,0,0;                                                91P     60
142,0,77,0,91,2,0,0;                                                  93P     61
144,77,1,0,93,0,0;                                                    95P     62
108,0.0,-1.0,0.0,-7.009770539,0,-0.8523059777,7.009770539,-11.0,      97P     63
1.0,0,0;                                                              97P     64
110,5.80285421,7.009770539,-2.0,5.80285421,7.009770539,-5.2,0,0;      99P     65
126,17,5,0,0,1,0,0.0,0.0,0.0,0.0,0.0,0.0,0.1340575969,               101P     66
0.1340575969,0.1340575969,0.2718134182,0.2718134182,                 101P     67
0.2718134182,0.5689798865,0.5689798865,0.5689798865,1.101344846,     101P     68
1.101344846,1.101344846,1.793859234,1.793859234,1.793859234,         101P     69
1.793859234,1.793859234,1.793859234,1.0,1.0,1.0,1.0,1.0,1.0,1.0,     101P     70
1.0,1.0,1.0,1.0,1.0,1.0,1.0,1.0,1.0,1.0,1.0,5.80285421,              101P     71
7.009770539,-5.2,5.80285421,7.009770539,-5.218958607,                101P     72
5.801679931,7.009770539,-5.23791711,5.799304487,7.009770539,         101P     73
-5.256960139,5.792207501,7.009770539,-5.29483065,5.780633183,        101P     74
7.009770539,-5.3316264,5.77361395,7.009770539,-5.350066929,          101P     75
5.748426379,7.009770539,-5.406481171,5.713957586,7.009770539,        101P     76
-5.458309619,5.686864864,7.009770539,-5.491220537,5.603767839,       101P     77
7.009770539,-5.575906308,5.503721505,7.009770539,-5.641619196,       101P     78
5.435510205,7.009770539,-5.67666389,5.273004402,7.009770539,         101P     79
-5.743011545,5.101600117,7.009770539,-5.780312327,5.00375413,        101P     80
7.009770539,-5.79360748,4.905546644,7.009770539,-5.8,4.80761032,     101P     81
7.009770539,-5.8,0.0,1.793859234,0.0,0.0,0.0,0,0;                    101P     82
110,4.80761032,7.009770539,-5.8,4.628511314,7.009770539,-5.8,0,      103P     83
0;                                                                   103P     84
126,17,5,0,0,1,0,0.0,0.0,0.0,0.0,0.0,0.0,0.7097263196,               105P     85
0.7097263196,0.7097263196,1.248861318,1.248861318,1.248861318,       105P     86
1.547570298,1.547570298,1.547570298,1.685538656,1.685538656,         105P     87
1.685538656,1.8196278,1.8196278,1.8196278,1.8196278,1.8196278,       105P     88
1.8196278,1.0,1.0,1.0,1.0,1.0,1.0,1.0,1.0,1.0,1.0,1.0,1.0,1.0,       105P     89
1.0,1.0,1.0,1.0,1.0,4.628511314,7.009770539,-5.8,4.728881773,        105P     90
7.009770539,-5.8,4.829539737,7.009770539,-5.793627645,               105P     91
4.92985057,7.009770539,-5.780332874,5.104826073,7.009770539,         105P     92
-5.743101582,5.271007564,7.009770539,-5.67652336,5.340374147,        105P     93
7.009770539,-5.641562368,5.442057576,7.009770539,-5.576043067,       105P     94
5.526764508,7.009770539,-5.491208603,5.554302162,7.009770539,        105P     95
-5.458349188,5.589351791,7.009770539,-5.406571549,5.615004622,       105P     96
7.009770539,-5.350078603,5.622143135,7.009770539,-5.331641201,       105P     97
5.633909219,7.009770539,-5.294863288,5.64113056,7.009770539,         105P     98
-5.256977536,5.643547952,7.009770539,-5.237926029,5.64474242,        105P     99
7.009770539,-5.218963069,5.64474242,7.009770539,-5.2,0.0,            105P    100
1.8196278,0.0,0.0,0.0,0,0;                                           105P    101
110,5.64474242,7.009770539,-5.2,5.64474242,7.009770539,-2.0,0,0;     107P    102
110,5.64474242,7.009770539,-2.0,5.80285421,7.009770539,-2.0,0,0;     109P    103
102,6,99,101,103,105,107,109,0,0;                                    111P    104
142,0,97,0,111,2,0,0;                                                113P    105
144,97,1,0,113,0,0;                                                  115P    106
110,0.0,0.0,-5.8,0.0,0.0,-4.8,0,0;                                   117P    107
110,7.898243057,4.314829847,-5.2,7.898243057,4.314829847,-2.0,0,     119P    108
0;                                                                   119P    109
120,117,119,0.0,6.283185307,0,0;                                     121P    110
110,5.64474242,7.009770539,-2.0,5.64474242,7.009770539,-5.2,0,0;     123P    111
124,0.6271936022,0.7788633933,0.0,0.0,0.7788633933,                  125P    112
-0.6271936022,0.0,0.0,0.0,0.0,-1.0,-5.2,0,0;                         125P    113
100,0.0,0.0,0.0,9.0,0.0,8.31439053,3.445418713,0,0;                  127P    114
110,7.898243057,4.314829847,-5.2,7.898243057,4.314829847,-2.0,0,     129P    115
0;                                                                   129P    116
124,0.8775825619,-0.4794255386,0.0,0.0,0.4794255386,                 131P    117
0.8775825619,0.0,0.0,0.0,0.0,1.0,-2.0,0,0;                           131P    118
100,0.0,0.0,0.0,9.0,0.0,8.31439053,3.445418713,0,0;                  133P    119
102,4,123,127,129,133,0,0;                                           135P    120
142,0,121,0,135,2,0,0;                                               137P    121
144,121,1,0,137,0,0;                                                 139P    122
110,0.0,0.0,-5.8,0.0,0.0,-4.8,0,0;                                   141P    123
110,8.333066662,3.4,-5.2,8.333066662,3.4,-2.0,0,0;                   143P    124
120,141,143,0.0,6.283185307,0,0;                                     145P    125
110,8.333066662,3.4,-5.2,8.333066662,3.4,-2.0,0,0;                   147P    126
124,0.9258962958,-0.3777777778,0.0,0.0,0.3777777778,                 149P    127
0.9258962958,0.0,0.0,0.0,0.0,1.0,-2.0,0,0;                           149P    128
100,0.0,0.0,0.0,9.0,0.0,8.943000821,1.011304262,0,0;                 151P    129
110,7.898243057,4.314829847,-2.0,7.898243057,4.314829847,-5.2,0,     153P    130
0;                                                                   153P    131
124,0.8775825619,0.4794255386,0.0,0.0,0.4794255386,                  155P    132
-0.8775825619,0.0,0.0,0.0,0.0,-1.0,-5.2,0,0;                         155P    133
100,0.0,0.0,0.0,9.0,0.0,8.943000821,1.011304262,0,0;                 157P    134
102,4,147,151,153,157,0,0;                                           159P    135
142,0,145,0,159,2,0,0;                                               161P    136
144,145,1,0,161,0,0;                                                 163P    137
110,0.0,0.0,-5.8,0.0,0.0,-4.8,0,0;                                   165P    138
110,5.773135043,-6.904412486,-5.2,5.773135043,-6.904412486,-2.0,     167P    139
0,0;                                                                 167P    140
120,165,167,0.0,6.283185307,0,0;                                     169P    141
124,0.6414594492,0.7671569429,0.0,0.0,-0.7671569429,                 171P    142
0.6414594492,0.0,0.0,0.0,0.0,1.0,-2.0,0,0;                           171P    143
100,0.0,0.0,0.0,9.0,0.0,7.953657957,4.211807818,0,0;                 173P    144
110,8.333066662,-3.4,-2.0,8.333066662,-3.4,-5.2,0,0;                 175P    145
124,0.9258962958,-0.3777777778,0.0,0.0,-0.3777777778,                177P    146
-0.9258962958,0.0,0.0,0.0,0.0,-1.0,-5.2,0,0;                         177P    147
100,0.0,0.0,0.0,9.0,0.0,7.953657957,4.211807818,0,0;                 179P    148
110,5.773135043,-6.904412486,-5.2,5.773135043,-6.904412486,-2.0,     181P    149
0,0;                                                                 181P    150
102,4,173,175,179,181,0,0;                                           183P    151
142,0,169,0,183,2,0,0;                                               185P    152
144,169,1,0,185,0,0;                                                 187P    153
110,0.0,0.0,-2.9,0.0,0.0,-1.9,0,0;                                   189P    154
110,-2.0,-8.877499648,-5.2,-2.0,-8.877499648,-2.0,0,0;               191P    155
120,189,191,0.0,6.283185307,0,0;                                     193P    156
110,-2.0,-8.877499648,-5.2,-2.0,-8.877499648,-2.0,0,0;               195P    157
124,-0.2197802198,0.9755494119,0.0,0.0,-0.9755494119,                197P    158
-0.2197802198,0.0,0.0,0.0,0.0,1.0,-2.0,0,0;                          197P    159
100,0.0,0.0,0.0,9.1,0.0,8.989740949,1.412288098,0,0;                 199P    160
110,-0.5980104179,-9.080329484,-2.0,-0.5980104179,-9.080329484,      201P    161
-5.2,0,0;                                                            201P    162
124,-0.06571543054,-0.9978384048,0.0,0.0,-0.9978384048,              203P    163
0.06571543054,0.0,0.0,0.0,0.0,-1.0,-5.2,0,0;                         203P    164
100,0.0,0.0,0.0,9.1,0.0,8.989740949,1.412288098,0,0;                 205P    165
102,4,195,199,201,205,0,0;                                           207P    166
142,0,193,0,207,2,0,0;                                               209P    167
144,193,1,0,209,0,0;                                                 211P    168
110,0.0,0.0,-2.9,0.0,0.0,-1.9,0,0;                                   213P    169
110,-7.761926307,-4.75,-5.2,-7.761926307,-4.75,-2.0,0,0;             215P    170
120,213,215,0.0,6.283185307,0,0;                                     217P    171
110,-4.0,-8.173738435,-2.0,-4.0,-8.173738435,-5.2,0,0;               219P    172
124,-0.4395604396,-0.8982130148,0.0,0.0,-0.8982130148,               221P    173
0.4395604396,0.0,0.0,0.0,0.0,-1.0,-5.2,0,0;                          221P    174
100,0.0,0.0,0.0,9.1,0.0,7.67834756,4.883951141,0,0;                  223P    175
110,-7.761926307,-4.75,-5.2,-7.761926307,-4.75,-2.0,0,0;             225P    176
124,-0.8529589349,0.521978022,0.0,0.0,-0.521978022,                  227P    177
-0.8529589349,0.0,0.0,0.0,0.0,1.0,-2.0,0,0;                          227P    178
100,0.0,0.0,0.0,9.1,0.0,7.67834756,4.883951141,0,0;                  229P    179
102,4,219,223,225,229,0,0;                                           231P    180
142,0,217,0,231,2,0,0;                                               233P    181
144,217,1,0,233,0,0;                                                 235P    182
110,0.0,0.0,-2.9,0.0,0.0,-1.9,0,0;                                   237P    183
110,2.0,8.877499648,-5.2,2.0,8.877499648,-2.0,0,0;                   239P    184
120,237,239,0.0,6.283185307,0,0;                                     241P    185
110,2.0,8.877499648,-5.2,2.0,8.877499648,-2.0,0,0;                   243P    186
124,0.2197802198,-0.9755494119,0.0,0.0,0.9755494119,                 245P    187
0.2197802198,0.0,0.0,-2.928060724E-016,0.0,1.0,-2.0,0,0;             245P    188
100,0.0,0.0,0.0,9.1,0.0,2.927941837,8.616098688,0,0;                 247P    189
110,-7.761926307,4.75,-2.0,-7.761926307,4.75,-5.2,0,0;               249P    190
124,-0.8529589349,0.521978022,0.0,0.0,0.521978022,0.8529589349,      251P    191
0.0,0.0,0.0,0.0,-1.0,-5.2,0,0;                                       251P    192
100,0.0,0.0,0.0,9.1,0.0,2.927941837,8.616098688,0,0;                 253P    193
102,4,243,247,249,253,0,0;                                           255P    194
142,0,241,0,255,2,0,0;                                               257P    195
144,241,1,0,257,0,0;                                                 259P    196
108,0.0,1.0,0.0,-4.75,0,0.0,-4.75,-5.95,1.0,0,0;                     261P    197
110,-2.0,-4.75,-5.8,3.06173141,-4.75,-5.8,0,0;                       263P    198
110,3.06173141,-4.75,-5.8,3.06173141,-4.75,-5.95,0,0;                265P    199
110,3.06173141,-4.75,-5.95,-2.0,-4.75,-5.95,0,0;                     267P    200
110,-2.0,-4.75,-5.95,-2.0,-4.75,-5.8,0,0;                            269P    201
102,4,263,265,267,269,0,0;                                           271P    202
142,0,261,0,271,2,0,0;                                               273P    203
144,261,1,0,273,0,0;                                                 275P    204
108,0.0,0.0,1.0,-5.8,0,8.5,0.0,-5.8,1.0,0,0;                         277P    205
124,-0.2352941176,0.9719242142,0.0,0.0,-0.9719242142,                279P    206
-0.2352941176,0.0,0.0,-2.089831576E-016,0.0,1.0,-5.8,0,0;            279P    207
100,0.0,0.0,0.0,8.5,0.0,8.369636228,1.482966422,0,0;                 281P    208
124,-0.9799986657,0.1990040583,0.0,3.0,0.1990040583,                 283P    209
0.9799986657,0.0,-9.2,-4.934324554E-016,0.0,-1.0,-5.8,0,0;           283P    210
100,0.0,0.0,0.0,3.6,0.0,-1.762388001,3.139106328,0,0;                285P    211
124,0.6371229509,0.7707621847,0.0,0.0,-0.7707621847,                 287P    212
0.6371229509,0.0,0.0,0.0,0.0,1.0,-5.8,0,0;                           287P    213
100,0.0,0.0,0.0,8.4,0.0,8.075122712,2.313523977,0,0;                 289P    214
124,0.8247646198,0.5654761905,0.0,0.0,-0.5654761905,                 291P    215
0.8247646198,0.0,0.0,0.0,0.0,1.0,-5.8,0,0;                           291P    216
100,0.0,0.0,0.0,8.4,0.0,8.2577563,1.539305329,0,0;                   293P    217
110,7.681145748,-3.4,-5.8,5.935898385,-3.4,-5.8,0,0;                 295P    218
124,-4.440892099E-016,-1.0,0.0,5.935898385,1.0,                      297P    219
-4.440892099E-016,0.0,-5.4,-8.881784197E-016,0.0,1.0,-5.8,0,0;       297P    220
100,0.0,0.0,0.0,2.0,0.0,1.732050808,1.0,0,0;                         299P    221
110,4.935898385,-3.667949192,-5.8,3.06173141,-4.75,-5.8,0,0;         301P    222
110,3.06173141,-4.75,-5.8,-2.0,-4.75,-5.8,0,0;                       303P    223
110,-2.0,-4.75,-5.8,-2.0,-8.261355821,-5.8,0,0;                      305P    224
102,9,281,285,289,293,295,299,301,303,305,0,0;                       307P    225
142,0,277,0,307,2,0,0;                                               309P    226
144,277,1,0,309,0,0;                                                 311P    227
110,0.0,0.0,-5.2,0.0,0.0,-4.2,0,0;                                   313P    228
124,4.435711058E-012,-0.2352941177,-0.9719242142,-2.0,               315P    229
1.83201602E-011,-0.9719242142,0.2352941177,-8.261355821,-1.0,        315P    230
-1.884999429E-011,-5.490539446E-016,-5.2,0,0;                        315P    231
100,0.0,0.0,0.0,0.6,0.0,-2.638925401E-011,0.6,0,0;                   317P    232
120,313,317,0.0,0.1753640725,0,0;                                    319P    233
126,4,4,0,0,1,0,0.0,0.0,0.0,0.0,0.0,1.350475613,1.350475613,         321P    234
1.350475613,1.350475613,1.350475613,1.0,1.0,1.0,1.0,1.0,-2.0,        321P    235
-8.261355821,-5.8,-2.0,-8.500088437,-5.8,-1.999999967,               321P    236
-8.743306951,-5.679776551,-2.0,-8.877499648,-5.438732616,-2.0,       321P    237
-8.877499648,-5.2,0.0,1.350475613,0.0,0.0,0.0,0,0;                   321P    238
124,-0.2197802198,0.9755494119,0.0,0.0,-0.9755494119,                323P    239
-0.2197802198,0.0,0.0,0.0,0.0,1.0,-5.2,0,0;                          323P    240
100,0.0,0.0,0.0,9.1,0.0,8.989740949,1.412288098,0,0;                 325P    241
126,4,4,0,0,1,0,0.0,0.0,0.0,0.0,0.0,1.334852332,1.334852332,         327P    242
1.334852332,1.334852332,1.334852332,1.0,1.0,1.0,1.0,1.0,             327P    243
-0.5980104179,-9.080329484,-5.2,-0.5980104179,-9.080329484,          327P    244
-5.435970784,-0.5979287985,-8.954207517,-5.675376012,                327P    245
-0.5749543402,-8.714836444,-5.8,-0.5279951965,-8.48358539,-5.8,      327P    246
0.0,1.334852332,0.0,0.0,0.0,0,0;                                     327P    247
124,-0.06211708195,-0.9980688694,0.0,0.0,-0.9980688694,              329P    248
0.06211708195,0.0,0.0,0.0,0.0,-1.0,-5.8,0,0;                         329P    249
100,0.0,0.0,0.0,8.5,0.0,8.369636228,1.482966422,0,0;                 331P    250
102,4,321,325,327,331,0,0;                                           333P    251
142,0,319,0,333,2,0,0;                                               335P    252
144,319,1,0,335,0,0;                                                 337P    253
110,-4.0,-4.75,-5.8,-7.04893609,-4.75,-5.8,0,0;                      339P    254
124,-0.8292865988,0.5588235294,0.0,0.0,-0.5588235294,                341P    255
-0.8292865988,0.0,0.0,-2.089831576E-016,0.0,1.0,-5.8,0,0;            341P    256
100,0.0,0.0,0.0,8.5,0.0,7.508322866,3.984355373,0,0;                 343P    257
110,-4.0,-7.5,-5.8,-4.0,-4.75,-5.8,0,0;                              345P    258
102,3,339,343,345,0,0;                                               347P    259
142,0,277,0,347,2,0,0;                                               349P    260
144,277,1,0,349,0,0;                                                 351P    261
110,0.0,0.0,-5.2,0.0,0.0,-4.2,0,0;                                   353P    262
124,1.609083237E-011,-0.8535334307,-0.5210380818,-7.255034161,       355P    263
9.820292727E-012,-0.5210380818,0.8535334307,-4.428823696,-1.0,       355P    264
-1.884999429E-011,-1.988291635E-015,-5.2,0,0;                        355P    265
100,0.0,0.0,0.0,0.6,0.0,-2.638912079E-011,0.6,0,0;                   357P    266
120,353,357,0.0,0.5685046633,0,0;                                    359P    267
126,5,5,0,0,1,0,0.0,0.0,0.0,0.0,0.0,0.0,1.414511457,1.414511457,     361P    268
1.414511457,1.414511457,1.414511457,1.414511457,1.0,1.0,1.0,1.0,     361P    269
1.0,1.0,-4.0,-8.173738435,-5.2,-4.0,-8.173738435,-5.400042129,       361P    270
-4.000000575,-8.079340071,-5.601813469,-3.999998968,                 361P    271
-7.899034253,-5.735624323,-4.0,-7.700042129,-5.8,-4.0,-7.5,-5.8,     361P    272
0.0,1.414511457,0.0,0.0,0.0,0,0;                                     361P    273
124,-0.4705882353,-0.8823529412,0.0,0.0,-0.8823529412,               363P    274
0.4705882353,0.0,0.0,0.0,0.0,-1.0,-5.8,0,0;                          363P    275
100,0.0,0.0,0.0,8.5,0.0,7.508322866,3.984355373,0,0;                 365P    276
126,5,5,0,0,1,0,0.0,0.0,0.0,0.0,0.0,0.0,1.458948599,1.458948599,     367P    277
1.458948599,1.458948599,1.458948599,1.458948599,1.0,1.0,1.0,1.0,     367P    278
1.0,1.0,-7.04893609,-4.75,-5.8,-7.255262579,-4.75,-5.8,              367P    279
-7.459713898,-4.749998572,-5.738932403,-7.654515725,                 367P    280
-4.750000766,-5.614670522,-7.761926307,-4.75,-5.40632649,            367P    281
-7.761926307,-4.75,-5.2,0.0,1.458948599,0.0,0.0,0.0,0,0;             367P    282
124,-0.8529589349,0.521978022,0.0,0.0,-0.521978022,                  369P    283
-0.8529589349,0.0,0.0,0.0,0.0,1.0,-5.2,0,0;                          369P    284
100,0.0,0.0,0.0,9.1,0.0,7.67834756,4.883951141,0,0;                  371P    285
102,4,361,365,367,371,0,0;                                           373P    286
142,0,359,0,373,2,0,0;                                               375P    287
144,359,1,0,375,0,0;                                                 377P    288
108,0.0,0.0,1.0,0.0,0,0.0,0.0,0.0,1.0,0,0;                           379P    289
124,-0.8775825619,-0.4794255386,0.0,0.0,-0.4794255386,               381P    290
0.8775825619,0.0,0.0,0.0,0.0,-1.0,0.0,0,0;                           381P    291
100,0.0,0.0,0.0,17.65,0.0,-17.65,9.797718192E-016,0,0;               383P    292
124,0.8775825619,0.4794255386,0.0,0.0,0.4794255386,                  385P    293
-0.8775825619,0.0,0.0,0.0,0.0,-1.0,0.0,0,0;                          385P    294
100,0.0,0.0,0.0,17.65,0.0,-17.65,-9.797718192E-016,0,0;              387P    295
102,2,383,387,0,0;                                                   389P    296
142,0,379,0,389,2,0,0;                                               391P    297
124,-1.0,-1.224606354E-016,0.0,0.0,1.224606354E-016,-1.0,0.0,        393P    298
0.0,0.0,0.0,1.0,0.0,0,0;                                             393P    299
100,0.0,0.0,0.0,12.6,0.0,-12.6,1.543004006E-015,0,0;                 395P    300
124,1.0,2.449212708E-016,0.0,0.0,-2.449212708E-016,1.0,0.0,0.0,      397P    301
0.0,0.0,1.0,0.0,0,0;                                                 397P    302
100,0.0,0.0,0.0,12.6,0.0,-12.6,-1.543004006E-015,0,0;                399P    303
102,2,395,399,0,0;                                                   401P    304
142,0,379,0,401,2,0,0;                                               403P    305
144,379,1,1,391,403,0,0;                                             405P    306
110,0.0,0.0,-5.2,0.0,0.0,-4.2,0,0;                                   407P    307
124,-9.017971555E-012,0.6378655916,0.7701477047,5.421857529,         409P    308
-1.088610683E-011,0.7701477047,-0.6378655916,6.54625549,-1.0,        409P    309
-1.41373196E-011,-1.297119835E-015,-5.2,0,0;                         409P    310
100,0.0,0.0,0.0,0.6,0.0,-1.979173148E-011,0.6,0,0;                   411P    311
120,407,411,0.0,0.2374986999,0,0;                                    413P    312
126,5,5,0,0,1,0,0.0,0.0,0.0,0.0,0.0,0.0,1.414511457,1.414511457,     415P    313
1.414511457,1.414511457,1.414511457,1.414511457,1.0,1.0,1.0,1.0,     415P    314
1.0,1.0,4.0,8.173738435,-5.2,4.0,8.173738435,-5.400042129,           415P    315
4.000000575,8.079340071,-5.601813469,3.999998968,7.899034253,        415P    316
-5.735624323,4.0,7.700042129,-5.8,4.0,7.5,-5.8,0.0,1.414511457,      415P    317
0.0,0.0,0.0,0,0;                                                     415P    318
124,0.4705882353,0.8823529412,0.0,0.0,0.8823529412,                  417P    319
-0.4705882353,0.0,0.0,0.0,0.0,-1.0,-5.8,0,0;                         417P    320
100,0.0,0.0,0.0,8.5,0.0,8.447496509,0.9432935578,0,0;                419P    321
126,11,5,0,0,1,0,0.0,0.0,0.0,0.0,0.0,0.0,0.6925143881,               421P    322
0.6925143881,0.6925143881,1.224879347,1.224879347,1.224879347,       421P    323
1.793859234,1.793859234,1.793859234,1.793859234,1.793859234,         421P    324
1.793859234,1.0,1.0,1.0,1.0,1.0,1.0,1.0,1.0,1.0,1.0,1.0,1.0,         421P    325
4.80761032,7.009770539,-5.8,4.905546644,7.009770539,-5.8,            421P    326
5.003754251,7.009770714,-5.793607555,5.101599841,7.009770235,        421P    327
-5.780312241,5.273004614,7.009770773,-5.743011612,5.435510042,       421P    328
7.00977036,-5.676663839,5.503721144,7.009770181,-5.641619282,        421P    329
5.63655051,7.009770923,-5.554374007,5.73950161,7.00977013,           421P    330
-5.433685401,5.781700706,7.009770539,-5.360930729,5.80285421,        421P    331
7.009770539,-5.280465907,5.80285421,7.009770539,-5.2,0.0,            421P    332
1.793859234,0.0,0.0,0.0,0,0;                                         421P    333
124,0.6376762869,-0.7703044549,0.0,0.0,0.7703044549,                 423P    334
0.6376762869,0.0,0.0,0.0,0.0,1.0,-5.2,0,0;                           423P    335
100,0.0,0.0,0.0,9.1,0.0,8.846972277,2.130981355,0,0;                 425P    336
102,4,415,419,421,425,0,0;                                           427P    337
142,0,413,0,427,2,0,0;                                               429P    338
144,413,1,0,429,0,0;                                                 431P    339
110,0.0,0.0,-5.2,0.0,0.0,-4.2,0,0;                                   433P    340
124,-4.134470544E-012,0.8775825619,0.4794255386,7.37169352,          435P    341
-2.258933781E-012,0.4794255386,-0.8775825619,4.027174524,-1.0,       435P    342
-4.712858386E-012,2.301272109E-016,-5.2,0,0;                         435P    343
100,0.0,0.0,0.0,0.6,0.0,-6.596433706E-012,-0.6,0,0;                  437P    344
120,433,437,0.0,0.4872183677,0,0;                                    439P    345
126,11,5,0,0,1,0,0.0,0.0,0.0,0.0,0.0,0.0,0.5707664822,               441P    346
0.5707664822,0.5707664822,1.109901481,1.109901481,1.109901481,       441P    347
1.8196278,1.8196278,1.8196278,1.8196278,1.8196278,1.8196278,1.0,     441P    348
1.0,1.0,1.0,1.0,1.0,1.0,1.0,1.0,1.0,1.0,1.0,5.64474242,              441P    349
7.009770539,-5.2,5.64474242,7.009770539,-5.28071857,5.623100088,     441P    350
7.009770539,-5.361435986,5.579984757,7.009770124,-5.434078709,       441P    351
5.47507573,7.009770932,-5.554768122,5.340373784,7.009770168,         441P    352
-5.641562445,5.271007407,7.00977036,-5.676523305,5.10482628,         441P    353
7.009770775,-5.743101655,4.929850297,7.009770229,-5.780332778,       441P    354
4.829539851,7.009770711,-5.793627723,4.728881773,7.009770539,        441P    355
-5.8,4.628511314,7.009770539,-5.8,0.0,1.8196278,0.0,0.0,0.0,0,0;     441P    356
124,0.5510132517,0.8344964928,0.0,0.0,0.8344964928,                  443P    357
-0.5510132517,0.0,0.0,0.0,0.0,-1.0,-5.8,0,0;                         443P    358
100,0.0,0.0,0.0,8.4,0.0,7.781290715,3.164097788,0,0;                 445P    359
124,0.8247646198,0.5654761905,0.0,0.0,0.5654761905,                  447P    360
-0.8247646198,0.0,0.0,0.0,0.0,-1.0,-5.8,0,0;                         447P    361
100,0.0,0.0,0.0,8.4,0.0,8.357183311,0.8470461038,0,0;                449P    362
124,0.0,0.8775825619,0.4794255386,7.37169352,0.0,0.4794255386,       451P    363
-0.8775825619,4.027174524,-1.0,0.0,0.0,-5.2,0,0;                     451P    364
100,0.0,0.0,0.0,0.6,0.0,0.0,0.6,0,0;                                 453P    365
124,0.8775825619,-0.4794255386,0.0,0.0,0.4794255386,                 455P    366
0.8775825619,0.0,0.0,0.0,0.0,1.0,-5.2,0,0;                           455P    367
100,0.0,0.0,0.0,9.0,0.0,8.31439053,3.445418713,0,0;                  457P    368
102,5,441,445,449,453,457,0,0;                                       459P    369
142,0,439,0,459,2,0,0;                                               461P    370
144,439,1,0,461,0,0;                                                 463P    371
110,0.0,0.0,-5.2,0.0,0.0,-4.2,0,0;                                   465P    372
124,-4.365396933E-012,0.9261782749,0.377085936,7.779897509,          467P    373
-1.777096988E-012,0.377085936,-0.9261782749,3.167521862,-1.0,        467P    374
-4.712858386E-012,-2.211654966E-016,-5.2,0,0;                        467P    375
100,0.0,0.0,0.0,0.6,0.0,-6.597352562E-012,0.6,0,0;                   469P    376
120,465,469,0.0,0.1133520582,0,0;                                    471P    377
126,5,5,0,0,1,0,0.0,0.0,0.0,0.0,0.0,0.0,1.390088078,1.390088078,     473P    378
1.390088078,1.390088078,1.390088078,1.390088078,1.0,1.0,1.0,1.0,     473P    379
1.0,1.0,7.681145748,3.4,-5.8,7.877733889,3.4,-5.8,8.07375731,        473P    380
3.399999767,-5.733322741,8.245271087,3.40000006,-5.594564979,        473P    381
8.333066662,3.4,-5.396588141,8.333066662,3.4,-5.2,0.0,               473P    382
1.390088078,0.0,0.0,0.0,0,0;                                         473P    383
124,0.9258962958,-0.3777777778,0.0,0.0,0.3777777778,                 475P    384
0.9258962958,0.0,0.0,0.0,0.0,1.0,-5.2,0,0;                           475P    385
100,0.0,0.0,0.0,9.0,0.0,8.943000821,1.011304262,0,0;                 477P    386
124,0.8775825619,0.0,-0.4794255386,7.37169352,0.4794255386,0.0,      479P    387
0.8775825619,4.027174524,0.0,-1.0,0.0,-5.2,0,0;                      479P    388
100,0.0,0.0,0.0,0.6,0.0,-6.491070971E-017,0.6,0,0;                   481P    389
124,0.8775825619,0.4794255386,0.0,0.0,0.4794255386,                  483P    390
-0.8775825619,0.0,0.0,0.0,0.0,-1.0,-5.8,0,0;                         483P    391
100,0.0,0.0,0.0,8.4,0.0,8.370886395,0.6987567268,0,0;                485P    392
102,4,473,477,481,485,0,0;                                           487P    393
142,0,471,0,487,2,0,0;                                               489P    394
144,471,1,0,489,0,0;                                                 491P    395
110,0.0,0.0,-5.2,0.0,0.0,-4.2,0,0;                                   493P    396
124,-6.004086117E-012,0.6371229509,-0.7707621848,5.351832788,        495P    397
7.263819176E-012,-0.7707621848,-0.6371229509,-6.474402352,-1.0,      495P    398
-9.424644902E-012,-2.233749281E-016,-5.2,0,0;                        495P    399
100,0.0,0.0,0.0,0.6,0.0,-1.319420896E-011,0.6,0,0;                   497P    400
120,493,497,0.0,0.4933886372,0,0;                                    499P    401
124,0.6414594492,0.7671569429,0.0,0.0,-0.7671569429,                 501P    402
0.6414594492,0.0,0.0,0.0,0.0,1.0,-5.2,0,0;                           501P    403
100,0.0,0.0,0.0,9.0,0.0,7.953657957,4.211807818,0,0;                 503P    404
126,5,5,0,0,1,0,0.0,0.0,0.0,0.0,0.0,0.0,1.390088078,1.390088078,     505P    405
1.390088078,1.390088078,1.390088078,1.390088078,1.0,1.0,1.0,1.0,     505P    406
1.0,1.0,8.333066662,-3.4,-5.2,8.333066662,-3.4,-5.396588141,         505P    407
8.245271087,-3.40000006,-5.594564979,8.07375731,-3.399999767,        505P    408
-5.733322741,7.877733889,-3.4,-5.8,7.681145748,-3.4,-5.8,0.0,        505P    409
1.390088078,0.0,0.0,0.0,0,0;                                         505P    410
124,0.9144221128,-0.4047619048,0.0,0.0,-0.4047619048,                507P    411
-0.9144221128,0.0,0.0,0.0,0.0,-1.0,-5.8,0,0;                         507P    412
100,0.0,0.0,0.0,8.4,0.0,8.2577563,1.539305329,0,0;                   509P    413
124,0.8247646198,-0.5654761905,0.0,0.0,-0.5654761905,                511P    414
-0.8247646198,0.0,0.0,0.0,0.0,-1.0,-5.8,0,0;                         511P    415
100,0.0,0.0,0.0,8.4,0.0,8.075122712,2.313523977,0,0;                 513P    416
126,4,4,0,0,1,0,0.0,0.0,0.0,0.0,0.0,1.336378914,1.336378914,         515P    417
1.336378914,1.336378914,1.336378914,1.0,1.0,1.0,1.0,1.0,             515P    418
5.351832788,-6.474402352,-5.8,5.530693053,-6.628735269,-5.8,         515P    419
5.695766256,-6.804458505,-5.676158236,5.773135043,-6.904412486,      515P    420
-5.436240648,5.773135043,-6.904412486,-5.2,0.0,1.336378914,0.0,      515P    421
0.0,0.0,0,0;                                                         515P    422
102,5,503,505,509,513,515,0,0;                                       517P    423
142,0,499,0,517,2,0,0;                                               519P    424
144,499,1,0,519,0,0;                                                 521P    425
124,0.2352941176,-0.9719242142,0.0,0.0,0.9719242142,                 523P    426
0.2352941176,0.0,0.0,-2.089831576E-016,0.0,1.0,-5.8,0,0;             523P    427
100,0.0,0.0,0.0,8.5,0.0,2.95806682,7.968678729,0,0;                  525P    428
110,-7.04893609,4.75,-5.8,2.0,4.75,-5.8,0,0;                         527P    429
110,2.0,4.75,-5.8,2.0,8.261355821,-5.8,0,0;                          529P    430
102,3,525,527,529,0,0;                                               531P    431
142,0,277,0,531,2,0,0;                                               533P    432
144,277,1,0,533,0,0;                                                 535P    433
110,0.0,0.0,-5.2,0.0,0.0,-4.2,0,0;                                   537P    434
124,-3.326228182E-012,0.2352941176,0.9719242142,2.0,                 539P    435
-1.374012015E-011,0.9719242142,-0.2352941176,8.261355821,-1.0,       539P    436
-1.41373196E-011,1.277358164E-016,-5.2,0,0;                          539P    437
100,0.0,0.0,0.0,0.6,0.0,-1.979174522E-011,-0.6,0,0;                  541P    438
120,537,541,0.0,1.260250781,0,0;                                     543P    439
126,4,4,0,0,1,0,0.0,0.0,0.0,0.0,0.0,1.350475613,1.350475613,         545P    440
1.350475613,1.350475613,1.350475613,1.0,1.0,1.0,1.0,1.0,2.0,         545P    441
8.261355821,-5.8,2.0,8.500088437,-5.8,1.999999967,8.743306951,       545P    442
-5.679776551,2.0,8.877499648,-5.438732616,2.0,8.877499648,-5.2,      545P    443
0.0,1.350475613,0.0,0.0,0.0,0,0;                                     545P    444
124,0.2197802198,-0.9755494119,0.0,0.0,0.9755494119,                 547P    445
0.2197802198,0.0,0.0,0.0,0.0,1.0,-5.2,0,0;                           547P    446
100,0.0,0.0,0.0,9.1,0.0,2.927941837,8.616098688,0,0;                 549P    447
126,5,5,0,0,1,0,0.0,0.0,0.0,0.0,0.0,0.0,1.458948599,1.458948599,     551P    448
1.458948599,1.458948599,1.458948599,1.458948599,1.0,1.0,1.0,1.0,     551P    449
1.0,1.0,-7.761926307,4.75,-5.2,-7.761926307,4.75,-5.40632649,        551P    450
-7.654515725,4.750000766,-5.614670522,-7.459713898,4.749998572,      551P    451
-5.738932403,-7.255262579,4.75,-5.8,-7.04893609,4.75,-5.8,0.0,       551P    452
1.458948599,0.0,0.0,0.0,0,0;                                         551P    453
124,-0.8292865988,0.5588235294,0.0,0.0,0.5588235294,                 553P    454
0.8292865988,0.0,0.0,0.0,0.0,-1.0,-5.8,0,0;                          553P    455
100,0.0,0.0,0.0,8.5,0.0,2.95806682,7.968678729,0,0;                  555P    456
102,4,545,549,551,555,0,0;                                           557P    457
142,0,543,0,557,2,0,0;                                               559P    458
144,543,1,0,559,0,0;                                                 561P    459
108,0.0,0.0,1.0,-9.7,0,5.415736752,0.0,-9.7,1.0,0,0;                 563P    460
110,5.415736752,2.915475947,-9.7,-7.9,2.915475947,-9.7,0,0;          565P    461
110,-7.9,2.915475947,-9.7,-7.9,-2.915475947,-9.7,0,0;                567P    462
110,-7.9,-2.915475947,-9.7,5.415736752,-2.915475947,-9.7,0,0;        569P    463
110,5.415736752,-2.915475947,-9.7,5.415736752,2.915475947,-9.7,      571P    464
0,0;                                                                 571P    465
102,4,565,567,569,571,0,0;                                           573P    466
142,0,563,0,573,2,0,0;                                               575P    467
144,563,1,0,575,0,0;                                                 577P    468
108,-1.0,0.0,0.0,7.9,0,-7.9,0.0,-9.7,1.0,0,0;                        579P    469
110,-7.9,-2.915475947,-9.7,-7.9,2.915475947,-9.7,0,0;                581P    470
124,0.0,0.0,-1.0,-7.9,0.61378441,-0.7894736842,0.0,                  583P    471
-2.220446049E-016,-0.7894736842,-0.61378441,0.0,-5.95,0,0;           583P    472
100,0.0,0.0,0.0,4.75,0.0,1.171052632,4.603383075,0,0;                585P    473
102,2,581,585,0,0;                                                   587P    474
142,0,579,0,587,2,0,0;                                               589P    475
144,579,1,0,589,0,0;                                                 591P    476
108,-0.5,0.8660254038,0.0,-5.644486373,0,4.935898385,                593P    477
-3.667949192,-11.0,1.0,0,0;                                          593P    478
110,3.06173141,-4.75,-5.8,4.935898385,-3.667949192,-5.8,0,0;         595P    479
110,4.935898385,-3.667949192,-5.8,4.935898385,-3.667949192,          597P    480
-8.968053797,0,0;                                                    597P    481
126,11,5,0,0,1,0,0.0,0.0,0.0,0.0,0.0,0.0,2.265982392,                599P    482
2.265982392,2.265982392,3.981262764,3.981262764,3.981262764,         599P    483
5.48739718,5.48739718,5.48739718,5.48739718,5.48739718,              599P    484
5.48739718,1.0,1.0,1.0,1.0,1.0,1.0,1.0,1.0,1.0,1.0,1.0,1.0,          599P    485
4.935898385,-3.667949192,-8.968053797,4.698728718,-3.804879164,      599P    486
-8.801637884,4.468952216,-3.937540689,-8.621173503,4.248384729,      599P    487
-4.064885387,-8.425030225,3.882504233,-4.27612659,-8.049593516,      599P    488
3.571213828,-4.455850189,-7.614619224,3.449364226,-4.526200089,      599P    489
-7.415162261,3.251150374,-4.64063891,-7.01837755,3.123778856,        599P    490
-4.71417689,-6.585166107,3.082410646,-4.738060837,-6.375998788,      599P    491
3.06173141,-4.75,-6.162999572,3.06173141,-4.75,-5.95,0.0,            599P    492
5.48739718,0.0,0.0,0.0,0,0;                                          599P    493
110,3.06173141,-4.75,-5.95,3.06173141,-4.75,-5.8,0,0;                601P    494
102,4,595,597,599,601,0,0;                                           603P    495
142,0,593,0,603,2,0,0;                                               605P    496
144,593,1,0,605,0,0;                                                 607P    497
110,0.0,0.0,6.0,0.0,0.0,7.0,0,0;                                     609P    498
110,12.6,0.0,0.0,12.6,0.0,12.0,0,0;                                  611P    499
120,609,611,0.0,6.283185307,0,0;                                     613P    500
110,11.38419958,5.4,6.0,11.38419958,5.4,7.657142857,0,0;             615P    501
124,0.9035079029,0.4285714286,0.0,0.0,0.4285714286,                  617P    502
-0.9035079029,0.0,0.0,0.0,0.0,-1.0,7.657142857,0,0;                  617P    503
100,0.0,0.0,0.0,12.6,0.0,11.38419958,5.4,0,0;                        619P    504
110,12.6,0.0,7.657142857,12.6,0.0,12.0,0,0;                          621P    505
124,1.0,0.0,0.0,0.0,0.0,1.0,0.0,0.0,0.0,0.0,1.0,12.0,0,0;            623P    506
100,0.0,0.0,0.0,12.6,0.0,-12.6,1.543004006E-015,0,0;                 625P    507
110,-12.6,1.543004006E-015,12.0,-12.6,1.543004006E-015,              627P    508
7.657142857,0,0;                                                     627P    509
124,-1.0,1.224606354E-016,0.0,0.0,1.224606354E-016,1.0,0.0,0.0,      629P    510
0.0,0.0,-1.0,7.657142857,0,0;                                        629P    511
100,0.0,0.0,0.0,12.6,0.0,12.56025477,1.0,0,0;                        631P    512
110,-12.56025477,1.0,7.657142857,-12.56025477,1.0,4.8,0,0;           633P    513
124,-0.996845617,-0.07936507937,0.0,0.0,0.07936507937,               635P    514
-0.996845617,0.0,0.0,7.049035077E-017,0.0,1.0,4.8,0,0;               635P    515
100,0.0,0.0,0.0,12.6,0.0,12.56025477,1.0,0,0;                        637P    516
110,-12.6,1.543004006E-015,4.8,-12.6,1.543004006E-015,0.0,0,0;       639P    517
124,-1.0,1.224606354E-016,0.0,0.0,1.224606354E-016,1.0,0.0,0.0,      641P    518
0.0,0.0,-1.0,0.0,0,0;                                                641P    519
100,0.0,0.0,0.0,12.6,0.0,-12.6,-1.543004006E-015,0,0;                643P    520
110,12.6,-3.086008012E-015,0.0,12.6,0.0,4.8,0,0;                     645P    521
124,1.0,0.0,0.0,0.0,0.0,1.0,0.0,0.0,-7.049035077E-017,0.0,1.0,       647P    522
4.8,0,0;                                                             647P    523
100,0.0,0.0,0.0,12.6,0.0,11.8967533,4.150573554,0,0;                 649P    524
126,3,3,0,0,1,0,0.0,0.0,0.0,0.0,2.555250305,2.555250305,             651P    525
2.555250305,2.555250305,1.0,1.0,1.0,1.0,11.8967533,4.150573554,      651P    526
4.8,11.75015549,4.57076561,5.205816257,11.579639,4.987977527,        651P    527
5.606579064,11.38419958,5.4,6.0,0.0,2.555250305,0.0,0.0,0.0,0,0;     651P    528
102,13,615,619,621,625,627,631,633,637,639,643,645,649,651,0,0;      653P    529
142,0,613,0,653,2,0,0;                                               655P    530
110,-1.85,12.46344655,6.0,-1.85,12.46344655,7.657142857,0,0;         657P    531
124,-0.1468253968,0.9891624249,0.0,0.0,0.9891624249,                 659P    532
0.1468253968,0.0,0.0,0.0,0.0,-1.0,7.657142857,0,0;                   659P    533
100,0.0,0.0,0.0,12.6,0.0,11.43730992,5.28658129,0,0;                 661P    534
110,3.55,12.08956161,7.657142857,3.55,12.08956161,4.8,0,0;           663P    535
124,0.2817460317,-0.9594890169,0.0,0.0,0.9594890169,                 665P    536
0.2817460317,0.0,0.0,7.049035077E-017,0.0,1.0,4.8,0,0;               665P    537
100,0.0,0.0,0.0,12.6,0.0,11.8903293,4.168940996,0,0;                 667P    538
126,3,3,0,0,1,0,0.0,0.0,0.0,0.0,2.406264795,2.406264795,             669P    539
2.406264795,2.406264795,1.0,1.0,1.0,1.0,-0.65,12.58322296,4.8,       669P    540
-1.050776868,12.56252039,5.200776868,-1.4511468,12.52264995,         669P    541
5.6011468,-1.85,12.46344655,6.0,0.0,2.406264795,0.0,0.0,0.0,0,0;     669P    542
102,5,657,661,663,667,669,0,0;                                       671P    543
142,0,613,0,671,2,0,0;                                               673P    544
144,613,1,1,655,673,0,0;                                             675P    545
110,0.0,0.0,6.0,0.0,0.0,7.0,0,0;                                     677P    546
110,-12.6,1.543004006E-015,0.0,-12.6,1.543004006E-015,12.0,0,0;      679P    547
120,677,679,0.0,6.283185307,0,0;                                     681P    548
124,0.9035079029,0.4285714286,0.0,0.0,-0.4285714286,                 683P    549
0.9035079029,0.0,0.0,0.0,0.0,1.0,2.8,0,0;                            683P    550
100,0.0,0.0,0.0,12.6,0.0,12.41904348,2.127759149,0,0;                685P    551
110,12.13260071,-3.4,2.8,12.13260071,-3.4,4.8,0,0;                   687P    552
124,0.9629048183,0.2698412698,0.0,0.0,-0.2698412698,                 689P    553
0.9629048183,0.0,0.0,0.0,0.0,1.0,4.8,0,0;                            689P    554
100,0.0,0.0,0.0,12.6,0.0,12.13260071,3.4,0,0;                        691P    555
110,12.6,0.0,4.8,12.6,-3.086008012E-015,0.0,0,0;                     693P    556
124,1.0,-2.449212708E-016,0.0,0.0,-2.449212708E-016,-1.0,0.0,        695P    557
0.0,0.0,0.0,-1.0,0.0,0,0;                                            695P    558
100,0.0,0.0,0.0,12.6,0.0,-12.6,1.543004006E-015,0,0;                 697P    559
110,-12.6,1.543004006E-015,0.0,-12.6,1.543004006E-015,4.8,0,0;       699P    560
124,-1.0,-1.224606354E-016,0.0,0.0,1.224606354E-016,-1.0,0.0,        701P    561
0.0,-7.049035077E-017,0.0,1.0,4.8,0,0;                               701P    562
100,0.0,0.0,0.0,12.6,0.0,12.40644994,2.2,0,0;                        703P    563
126,3,3,0,0,1,0,0.0,0.0,0.0,0.0,2.431366392,2.431366392,             705P    564
2.431366392,2.431366392,1.0,1.0,1.0,1.0,-12.40644994,-2.2,4.8,       705P    565
-12.33515039,-2.602079223,5.202079223,-12.24399444,-3.002501279,     705P    566
5.602501279,-12.13260071,-3.4,6.0,0.0,2.431366392,0.0,0.0,0.0,0,     705P    567
0;                                                                   705P    568
110,-12.13260071,-3.4,6.0,-12.13260071,-3.4,7.657142857,0,0;         707P    569
124,-0.9629048183,-0.2698412698,0.0,0.0,-0.2698412698,               709P    570
0.9629048183,0.0,0.0,7.049035077E-017,0.0,-1.0,7.657142857,0,0;      709P    571
100,0.0,0.0,0.0,12.6,0.0,12.13260071,3.4,0,0;                        711P    572
110,-12.6,1.543004006E-015,7.657142857,-12.6,1.543004006E-015,       713P    573
12.0,0,0;                                                            713P    574
124,-1.0,-1.224606354E-016,0.0,0.0,1.224606354E-016,-1.0,0.0,        715P    575
0.0,0.0,0.0,1.0,12.0,0,0;                                            715P    576
100,0.0,0.0,0.0,12.6,0.0,-12.6,-1.543004006E-015,0,0;                717P    577
110,12.6,0.0,12.0,12.6,0.0,7.657142857,0,0;                          719P    578
124,1.0,0.0,0.0,0.0,0.0,-1.0,0.0,0.0,0.0,0.0,-1.0,7.657142857,0,     721P    579
0;                                                                   721P    580
100,0.0,0.0,0.0,12.6,0.0,11.38419958,5.4,0,0;                        723P    581
110,11.38419958,-5.4,7.657142857,11.38419958,-5.4,2.8,0,0;           725P    582
102,15,685,687,691,693,697,699,703,705,707,711,713,717,719,723,      727P    583
725,0,0;                                                             727P    584
142,0,681,0,727,2,0,0;                                               729P    585
110,1.85,-12.46344655,6.0,1.85,-12.46344655,7.657142857,0,0;         731P    586
124,0.1468253968,-0.9891624249,0.0,0.0,-0.9891624249,                733P    587
-0.1468253968,0.0,0.0,-7.049035077E-017,0.0,-1.0,7.657142857,0,      733P    588
0;                                                                   733P    589
100,0.0,0.0,0.0,12.6,0.0,12.05674603,3.659900972,0,0;                735P    590
110,-1.85,-12.46344655,7.657142857,-1.85,-12.46344655,4.8,0,0;       737P    591
124,-0.1468253968,0.9891624249,0.0,0.0,-0.9891624249,                739P    592
-0.1468253968,0.0,0.0,7.049035077E-017,0.0,1.0,4.8,0,0;              739P    593
100,0.0,0.0,0.0,12.6,0.0,12.35141483,2.49049228,0,0;                 741P    594
126,3,3,0,0,1,0,0.0,0.0,0.0,0.0,2.406264795,2.406264795,             743P    595
2.406264795,2.406264795,1.0,1.0,1.0,1.0,0.65,-12.58322296,4.8,       743P    596
1.050776868,-12.56252039,5.200776868,1.4511468,-12.52264995,         743P    597
5.6011468,1.85,-12.46344655,6.0,0.0,2.406264795,0.0,0.0,0.0,0,0;     743P    598
102,5,731,735,737,741,743,0,0;                                       745P    599
142,0,681,0,745,2,0,0;                                               747P    600
144,681,1,1,729,747,0,0;                                             749P    601
108,0.06162841672,0.7044160264,-0.7071067812,0.2627960509,0,         751P    602
10.84562638,5.447119049,6.0,1.0,0,0;                                 751P    603
110,13.64162698,5.202500694,6.0,11.38419958,5.4,6.0,0,0;             753P    604
126,3,3,0,0,1,0,0.0,0.0,0.0,0.0,2.555250305,2.555250305,             755P    605
2.555250305,2.555250305,1.0,1.0,1.0,1.0,11.38419958,5.4,6.0,         755P    606
11.579639,4.987977527,5.606579064,11.75015549,4.57076561,            755P    607
5.205816257,11.8967533,4.150573554,4.8,0.0,2.555250305,0.0,0.0,      755P    608
0.0,0,0;                                                             755P    609
110,11.8967533,4.150573554,4.8,14.05213651,3.962001958,4.8,0,0;      757P    610
126,3,3,0,0,1,0,0.0,0.0,0.0,0.0,2.509153487,2.509153487,             759P    611
2.509153487,2.509153487,1.0,1.0,1.0,1.0,14.05213651,3.962001958,     759P    612
4.8,13.93491508,4.3777543,5.203953757,13.79828977,4.791710663,       759P    613
5.604427211,13.64162698,5.202500694,6.0,0.0,2.509153487,0.0,0.0,     759P    614
0.0,0,0;                                                             759P    615
102,4,753,755,757,759,0,0;                                           761P    616
142,0,751,0,761,2,0,0;                                               763P    617
144,751,1,0,763,0,0;                                                 765P    618
108,0.0,0.0,1.0,4.8,0,0.0,-14.6,4.8,1.0,0,0;                         767P    619
124,0.9725062657,0.2328767123,0.0,0.0,-0.2328767123,                 769P    620
0.9725062657,0.0,0.0,0.0,0.0,1.0,4.8,0,0;                            769P    621
100,0.0,0.0,0.0,14.6,0.0,12.74313281,7.125487081,0,0;                771P    622
110,14.05213651,3.962001958,4.8,11.8967533,4.150573554,4.8,0,0;      773P    623
124,0.9441867701,0.3294105996,0.0,0.0,0.3294105996,                  775P    624
-0.9441867701,0.0,1.776356839E-015,0.0,0.0,-1.0,4.8,0,0;             775P    625
100,0.0,0.0,0.0,12.6,0.0,11.8967533,4.150573554,0,0;                 777P    626
124,1.0,0.0,0.0,-8.881784197E-016,0.0,-1.0,0.0,0.0,                  779P    627
-7.049035077E-017,0.0,-1.0,4.8,0,0;                                  779P    628
100,0.0,0.0,0.0,12.6,0.0,12.13260071,3.4,0,0;                        781P    629
110,12.13260071,-3.4,4.8,14.19859148,-3.4,4.8,0,0;                   783P    630
102,5,771,773,777,781,783,0,0;                                       785P    631
142,0,767,0,785,2,0,0;                                               787P    632
144,767,1,0,787,0,0;                                                 789P    633
124,-0.9846388838,-0.1746031746,0.0,-8.881784197E-016,               791P    634
-0.1746031746,0.9846388838,0.0,0.0,0.0,0.0,-1.0,4.8,0,0;             791P    635
100,0.0,0.0,0.0,12.6,0.0,12.40644994,2.2,0,0;                        793P    636
124,-1.0,-1.852006616E-017,0.0,0.0,-1.852006616E-017,1.0,0.0,        795P    637
1.776356839E-015,-7.049035077E-017,0.0,-1.0,4.8,0,0;                 795P    638
100,0.0,0.0,0.0,12.6,0.0,12.56025477,1.0,0,0;                        797P    639
110,-12.56025477,1.0,4.8,-14.56571316,1.0,4.8,0,0;                   799P    640
124,-0.9976515866,-0.06849315068,0.0,0.0,0.06849315068,              801P    641
-0.9976515866,0.0,0.0,0.0,0.0,1.0,4.8,0,0;                           801P    642
100,0.0,0.0,0.0,14.6,0.0,14.24871457,3.183415329,0,0;                803P    643
110,-14.43329484,-2.2,4.8,-12.40644994,-2.2,4.8,0,0;                 805P    644
102,5,793,797,799,803,805,0,0;                                       807P    645
142,0,767,0,807,2,0,0;                                               809P    646
144,767,1,0,809,0,0;                                                 811P    647
108,0.0,-1.0,0.0,-1.0,0,-12.56025477,1.0,12.0,1.0,0,0;               813P    648
110,-12.56025477,1.0,4.8,-12.56025477,1.0,7.657142857,0,0;           815P    649
126,5,5,0,0,1,0,0.0,0.0,0.0,0.0,0.0,0.0,3.084326862,3.084326862,     817P    650
3.084326862,3.084326862,3.084326862,3.084326862,1.0,1.0,1.0,1.0,     817P    651
1.0,1.0,-12.56025477,1.0,7.657142857,-12.96128888,1.0,               817P    652
7.485813249,-13.36236302,1.0,7.314423464,-13.76347736,1.0,           817P    653
7.142980228,-14.16459042,1.0,6.971506033,-14.56571316,1.0,6.8,       817P    654
0.0,3.084326862,0.0,0.0,0.0,0,0;                                     817P    655
110,-14.56571316,1.0,6.8,-14.56571316,1.0,4.8,0,0;                   819P    656
110,-14.56571316,1.0,4.8,-12.56025477,1.0,4.8,0,0;                   821P    657
102,4,815,817,819,821,0,0;                                           823P    658
142,0,813,0,823,2,0,0;                                               825P    659
144,813,1,0,825,0,0;                                                 827P    660
110,0.0,0.0,7.7,0.0,0.0,6.7,0,0;                                     829P    661
110,-12.13260071,-3.4,7.657142857,-14.05841035,-3.93968254,6.8,      831P    662
0,0;                                                                 831P    663
120,829,831,0.0,0.3526768166,0,0;                                    833P    664
124,-0.9725062657,-0.2328767123,0.0,0.0,-0.2328767123,               835P    665
0.9725062657,0.0,0.0,0.0,0.0,-1.0,6.8,0,0;                           835P    666
100,0.0,0.0,0.0,14.6,0.0,13.93237061,4.36452166,0,0;                 837P    667
126,3,3,0,0,1,0,0.0,0.0,0.0,0.0,3.084326862,3.084326862,             839P    668
3.084326862,3.084326862,1.0,1.0,1.0,1.0,-14.56571316,1.0,6.8,        839P    669
-13.89717525,1.0,7.085843389,-13.22864494,1.0,7.37159351,            839P    670
-12.56025477,1.0,7.657142857,0.0,3.084326862,0.0,0.0,0.0,0,0;        839P    671
124,-0.996845617,-0.07936507937,0.0,0.0,0.07936507937,               841P    672
-0.996845617,0.0,0.0,-7.049035077E-017,0.0,1.0,7.657142857,0,0;      841P    673
100,0.0,0.0,0.0,12.6,0.0,12.56025477,1.0,0,0;                        843P    674
124,-1.0,-1.224606354E-016,0.0,0.0,1.224606354E-016,-1.0,0.0,        845P    675
0.0,0.0,0.0,1.0,7.657142857,0,0;                                     845P    676
100,0.0,0.0,0.0,12.6,0.0,12.13260071,3.4,0,0;                        847P    677
126,3,3,0,0,1,0,0.0,0.0,0.0,0.0,3.163152634,3.163152634,             849P    678
3.163152634,3.163152634,1.0,1.0,1.0,1.0,-12.13260071,-3.4,           849P    679
7.657142857,-12.8201137,-3.4,7.373424468,-13.509305,-3.4,            849P    680
7.08728661,-14.19859148,-3.4,6.8,0.0,3.163152634,0.0,0.0,0.0,0,      849P    681
0;                                                                   849P    682
102,5,837,839,843,847,849,0,0;                                       851P    683
142,0,833,0,851,2,0,0;                                               853P    684
144,833,1,0,853,0,0;                                                 855P    685
108,0.08715574275,0.9961946981,0.0,6.371649739,0,11.38419958,        857P    686
5.4,12.0,1.0,0,0;                                                    857P    687
110,11.38419958,5.4,6.0,13.64162698,5.202500694,6.0,0,0;             859P    688
110,13.64162698,5.202500694,6.0,13.64162698,5.202500694,6.8,0,0;     861P    689
126,5,5,0,0,1,0,0.0,0.0,0.0,0.0,0.0,0.0,3.427235886,3.427235886,     863P    690
3.427235886,3.427235886,3.427235886,3.427235886,1.0,1.0,1.0,1.0,     863P    691
1.0,1.0,13.64162698,5.202500694,6.8,13.18850806,5.242143462,         863P    692
6.975392494,12.73586229,5.281744836,7.149156025,12.28389426,         863P    693
5.321286915,7.321014588,11.83314196,5.36072263,7.490518641,          863P    694
11.38419958,5.4,7.657142857,0.0,3.427235886,0.0,0.0,0.0,0,0;         863P    695
110,11.38419958,5.4,7.657142857,11.38419958,5.4,6.0,0,0;             865P    696
102,4,859,861,863,865,0,0;                                           867P    697
142,0,857,0,867,2,0,0;                                               869P    698
144,857,1,0,869,0,0;                                                 871P    699
108,-0.7071067812,0.0,-0.7071067812,-2.934493142,0,-1.85,            873P    700
11.58747394,6.0,1.0,0,0;                                             873P    701
110,-1.85,14.4823168,6.0,-1.85,12.46344655,6.0,0,0;                  875P    702
126,3,3,0,0,1,0,0.0,0.0,0.0,0.0,2.406264795,2.406264795,             877P    703
2.406264795,2.406264795,1.0,1.0,1.0,1.0,-1.85,12.46344655,6.0,       877P    704
-1.4511468,12.52264995,5.6011468,-1.050776868,12.56252039,           877P    705
5.200776868,-0.65,12.58322296,4.8,0.0,2.406264795,0.0,0.0,0.0,0,     877P    706
0;                                                                   877P    707
110,-0.65,12.58322296,4.8,-0.65,14.58552365,4.8,0,0;                 879P    708
126,3,3,0,0,1,0,0.0,0.0,0.0,0.0,2.404605321,2.404605321,             881P    709
2.404605321,2.404605321,1.0,1.0,1.0,1.0,-0.65,14.58552365,4.8,       881P    710
-1.050568719,14.56767241,5.200568719,-1.450857442,14.53330407,       881P    711
5.600857442,-1.85,14.4823168,6.0,0.0,2.404605321,0.0,0.0,0.0,0,      881P    712
0;                                                                   881P    713
102,4,875,877,879,881,0,0;                                           883P    714
142,0,873,0,883,2,0,0;                                               885P    715
144,873,1,0,885,0,0;                                                 887P    716
124,-0.05158730159,0.9986684887,0.0,0.0,0.9986684887,                889P    717
0.05158730159,0.0,1.776356839E-015,0.0,0.0,-1.0,4.8,0,0;             889P    718
100,0.0,0.0,0.0,12.6,0.0,11.8903293,4.168940996,0,0;                 891P    719
110,3.55,12.08956161,4.8,3.55,14.16183251,4.8,0,0;                   893P    720
124,0.2431506849,-0.969988528,0.0,0.0,0.969988528,0.2431506849,      895P    721
0.0,0.0,0.0,0.0,1.0,4.8,0,0;                                         895P    722
100,0.0,0.0,0.0,14.6,0.0,13.98974267,4.176972608,0,0;                897P    723
110,-0.65,14.58552365,4.8,-0.65,12.58322296,4.8,0,0;                 899P    724
102,4,891,893,897,899,0,0;                                           901P    725
142,0,767,0,901,2,0,0;                                               903P    726
144,767,1,0,903,0,0;                                                 905P    727
108,-1.0,0.0,0.0,-3.55,0,3.55,12.08956161,12.0,1.0,0,0;              907P    728
110,3.55,12.08956161,4.8,3.55,12.08956161,7.657142857,0,0;           909P    729
126,5,5,0,0,1,0,0.0,0.0,0.0,0.0,0.0,0.0,3.17135118,3.17135118,       911P    730
3.17135118,3.17135118,3.17135118,3.17135118,1.0,1.0,1.0,1.0,1.0,     911P    731
1.0,3.55,12.08956161,7.657142857,3.55,12.50326038,7.487025962,       911P    732
3.55,12.91747936,7.316117523,3.55,13.33223444,7.144498316,3.55,      911P    733
13.74696924,6.972462547,3.55,14.16183251,6.8,0.0,3.17135118,0.0,     911P    734
0.0,0.0,0,0;                                                         911P    735
110,3.55,14.16183251,6.8,3.55,14.16183251,4.8,0,0;                   913P    736
110,3.55,14.16183251,4.8,3.55,12.08956161,4.8,0,0;                   915P    737
102,4,909,911,913,915,0,0;                                           917P    738
142,0,907,0,917,2,0,0;                                               919P    739
144,907,1,0,919,0,0;                                                 921P    740
110,0.0,0.0,7.7,0.0,0.0,6.7,0,0;                                     923P    741
110,-1.85,12.46344655,7.657142857,-2.143650794,14.4417714,6.8,0,     925P    742
0;                                                                   925P    743
120,923,925,0.0,0.4329714933,0,0;                                    927P    744
124,0.2817460317,-0.9594890169,0.0,0.0,0.9594890169,                 929P    745
0.2817460317,0.0,0.0,-7.049035077E-017,0.0,1.0,7.657142857,0,0;      929P    746
100,0.0,0.0,0.0,12.6,0.0,11.43730992,5.28658129,0,0;                 931P    747
126,3,3,0,0,1,0,0.0,0.0,0.0,0.0,3.10176033,3.10176033,               933P    748
3.10176033,3.10176033,1.0,1.0,1.0,1.0,-1.85,12.46344655,             933P    749
7.657142857,-1.85,13.13607217,7.371998865,-1.85,13.80918124,         933P    750
7.086161327,-1.85,14.4823168,6.8,0.0,3.10176033,0.0,0.0,0.0,0,0;     933P    751
124,-0.1267123288,0.9919395071,0.0,0.0,0.9919395071,                 935P    752
0.1267123288,0.0,0.0,0.0,0.0,-1.0,6.8,0,0;                           935P    753
100,0.0,0.0,0.0,14.6,0.0,13.59785239,5.315864027,0,0;                937P    754
126,3,3,0,0,1,0,0.0,0.0,0.0,0.0,3.17135118,3.17135118,               939P    755
3.17135118,3.17135118,1.0,1.0,1.0,1.0,3.55,14.16183251,6.8,3.55,     939P    756
13.47039373,7.087437578,3.55,12.77905956,7.373614698,3.55,           939P    757
12.08956161,7.657142857,0.0,3.17135118,0.0,0.0,0.0,0,0;              939P    758
102,4,931,933,937,939,0,0;                                           941P    759
142,0,927,0,941,2,0,0;                                               943P    760
144,927,1,0,943,0,0;                                                 945P    761
108,-1.0,0.0,0.0,1.85,0,-1.85,12.46344655,12.0,1.0,0,0;              947P    762
110,-1.85,12.46344655,6.0,-1.85,14.4823168,6.0,0,0;                  949P    763
110,-1.85,14.4823168,6.0,-1.85,14.4823168,6.8,0,0;                   951P    764
126,5,5,0,0,1,0,0.0,0.0,0.0,0.0,0.0,0.0,3.10176033,3.10176033,       953P    765
3.10176033,3.10176033,3.10176033,3.10176033,1.0,1.0,1.0,1.0,1.0,     953P    766
1.0,-1.85,14.4823168,6.8,-1.85,14.07843546,6.971696796,-1.85,        953P    767
13.67458762,7.14328325,-1.85,13.27073518,7.314762327,-1.85,          953P    768
12.86702192,7.486056462,-1.85,12.46344655,7.657142857,0.0,           953P    769
3.10176033,0.0,0.0,0.0,0,0;                                          953P    770
110,-1.85,12.46344655,7.657142857,-1.85,12.46344655,6.0,0,0;         955P    771
102,4,949,951,953,955,0,0;                                           957P    772
142,0,947,0,957,2,0,0;                                               959P    773
144,947,1,0,959,0,0;                                                 961P    774
110,-14.19859148,-3.4,6.0,-14.19859148,-3.4,6.8,0,0;                 963P    775
126,5,5,0,0,1,0,0.0,0.0,0.0,0.0,0.0,0.0,3.163152634,3.163152634,     965P    776
3.163152634,3.163152634,3.163152634,3.163152634,1.0,1.0,1.0,1.0,     965P    777
1.0,1.0,-14.19859148,-3.4,6.8,-13.78501959,-3.4,6.972371966,         965P    778
-13.37156499,-3.4,7.144354691,-12.95809215,-3.4,7.315957623,         965P    779
-12.54510851,-3.4,7.486911824,-12.13260071,-3.4,7.657142857,0.0,     965P    780
3.163152634,0.0,0.0,0.0,0,0;                                         965P    781
110,-12.13260071,-3.4,7.657142857,-12.13260071,-3.4,6.0,0,0;         967P    782
110,-12.13260071,-3.4,6.0,-14.19859148,-3.4,6.0,0,0;                 969P    783
102,4,963,965,967,969,0,0;                                           971P    784
142,0,1,0,971,2,0,0;                                                 973P    785
144,1,1,0,973,0,0;                                                   975P    786
108,0.0,0.7071067812,0.7071067812,1.838477631,0,-15.09347986,        977P    787
-3.4,6.0,1.0,0,0;                                                    977P    788
126,3,3,0,0,1,0,0.0,0.0,0.0,0.0,2.423024148,2.423024148,             979P    789
2.423024148,2.423024148,1.0,1.0,1.0,1.0,-14.43329484,-2.2,4.8,       979P    790
-14.37209424,-2.601511961,5.201511961,-14.29393737,-3.001830197,     979P    791
5.601830197,-14.19859148,-3.4,6.0,0.0,2.423024148,0.0,0.0,0.0,0,     979P    792
0;                                                                   979P    793
110,-14.19859148,-3.4,6.0,-12.13260071,-3.4,6.0,0,0;                 981P    794
126,3,3,0,0,1,0,0.0,0.0,0.0,0.0,2.431366392,2.431366392,             983P    795
2.431366392,2.431366392,1.0,1.0,1.0,1.0,-12.13260071,-3.4,6.0,       983P    796
-12.24399444,-3.002501279,5.602501279,-12.33515039,-2.602079223,     983P    797
5.202079223,-12.40644994,-2.2,4.8,0.0,2.431366392,0.0,0.0,0.0,0,     983P    798
0;                                                                   983P    799
110,-12.40644994,-2.2,4.8,-14.43329484,-2.2,4.8,0,0;                 985P    800
102,4,979,981,983,985,0,0;                                           987P    801
142,0,977,0,987,2,0,0;                                               989P    802
144,977,1,0,989,0,0;                                                 991P    803
108,0.7071067812,0.0,-0.7071067812,-2.934493142,0,1.85,              993P    804
-12.03613586,6.0,1.0,0,0;                                            993P    805
110,1.85,-14.4823168,6.0,1.85,-12.46344655,6.0,0,0;                  995P    806
126,3,3,0,0,1,0,0.0,0.0,0.0,0.0,2.406264795,2.406264795,             997P    807
2.406264795,2.406264795,1.0,1.0,1.0,1.0,1.85,-12.46344655,6.0,       997P    808
1.4511468,-12.52264995,5.6011468,1.050776868,-12.56252039,           997P    809
5.200776868,0.65,-12.58322296,4.8,0.0,2.406264795,0.0,0.0,0.0,0,     997P    810
0;                                                                   997P    811
110,0.65,-12.58322296,4.8,0.65,-14.58552365,4.8,0,0;                 999P    812
126,3,3,0,0,1,0,0.0,0.0,0.0,0.0,2.404605321,2.404605321,            1001P    813
2.404605321,2.404605321,1.0,1.0,1.0,1.0,0.65,-14.58552365,4.8,      1001P    814
1.050568719,-14.56767241,5.200568719,1.450857442,-14.53330407,      1001P    815
5.600857442,1.85,-14.4823168,6.0,0.0,2.404605321,0.0,0.0,0.0,0,     1001P    816
0;                                                                  1001P    817
102,4,995,997,999,1001,0,0;                                         1003P    818
142,0,993,0,1003,2,0,0;                                             1005P    819
144,993,1,0,1005,0,0;                                               1007P    820
124,0.05158730159,-0.9986684887,0.0,-8.881784197E-016,              1009P    821
-0.9986684887,-0.05158730159,0.0,0.0,0.0,0.0,-1.0,4.8,0,0;          1009P    822
100,0.0,0.0,0.0,12.6,0.0,12.35141483,2.49049228,0,0;                1011P    823
110,-1.85,-12.46344655,4.8,-1.67147423,-14.50400544,4.8,0,0;        1013P    824
124,-0.1144845363,0.9934250304,0.0,0.0,-0.9934250304,               1015P    825
-0.1144845363,0.0,0.0,0.0,0.0,1.0,4.8,0,0;                          1015P    826
100,0.0,0.0,0.0,14.6,0.0,14.41520932,2.315543181,0,0;               1017P    827
110,0.65,-14.58552365,4.8,0.65,-12.58322296,4.8,0,0;                1019P    828
102,4,1011,1013,1017,1019,0,0;                                      1021P    829
142,0,767,0,1021,2,0,0;                                             1023P    830
144,767,1,0,1023,0,0;                                               1025P    831
108,0.9961946981,0.08715574275,0.0,-2.929221133,0,-1.85,            1027P    832
-12.46344655,12.0,1.0,0,0;                                          1027P    833
110,-1.85,-12.46344655,4.8,-1.85,-12.46344655,7.657142857,0,0;      1029P    834
126,5,5,0,0,1,0,0.0,0.0,0.0,0.0,0.0,0.0,3.140147883,3.140147883,    1031P    835
3.140147883,3.140147883,3.140147883,3.140147883,1.0,1.0,1.0,1.0,    1031P    836
1.0,1.0,-1.85,-12.46344655,7.657142857,-1.814339039,-12.8710532,    1031P    837
7.486591467,-1.778647539,-13.27900892,7.315509321,-1.742924856,     1031P    838
-13.68732105,7.143952382,-1.707203287,-14.09562046,6.972118333,     1031P    839
-1.67147423,-14.50400544,6.8,0.0,3.140147883,0.0,0.0,0.0,0,0;       1031P    840
110,-1.67147423,-14.50400544,6.8,-1.67147423,-14.50400544,4.8,0,    1033P    841
0;                                                                  1033P    842
110,-1.67147423,-14.50400544,4.8,-1.85,-12.46344655,4.8,0,0;        1035P    843
102,4,1029,1031,1033,1035,0,0;                                      1037P    844
142,0,1027,0,1037,2,0,0;                                            1039P    845
144,1027,1,0,1039,0,0;                                              1041P    846
110,0.0,0.0,7.7,0.0,0.0,6.7,0,0;                                    1043P    847
110,1.85,-12.46344655,7.657142857,2.143650794,-14.4417714,6.8,0,    1045P    848
0;                                                                  1045P    849
120,1043,1045,0.0,0.2947162346,0,0;                                 1047P    850
124,-0.1468253968,0.9891624249,0.0,0.0,-0.9891624249,               1049P    851
-0.1468253968,0.0,0.0,-7.049035077E-017,0.0,1.0,7.657142857,0,0;    1049P    852
100,0.0,0.0,0.0,12.6,0.0,12.05674603,3.659900972,0,0;               1051P    853
126,3,3,0,0,1,0,0.0,0.0,0.0,0.0,3.10176033,3.10176033,              1053P    854
3.10176033,3.10176033,1.0,1.0,1.0,1.0,1.85,-12.46344655,            1053P    855
7.657142857,1.85,-13.13607217,7.371998865,1.85,-13.80918124,        1053P    856
7.086161327,1.85,-14.4823168,6.8,0.0,3.10176033,0.0,0.0,0.0,0,0;    1053P    857
124,0.1267123288,-0.9919395071,0.0,0.0,-0.9919395071,               1055P    858
-0.1267123288,0.0,0.0,0.0,0.0,-1.0,6.8,0,0;                         1055P    859
100,0.0,0.0,0.0,14.6,0.0,14.17529962,3.49583763,0,0;                1057P    860
126,3,3,0,0,1,0,0.0,0.0,0.0,0.0,3.140147883,3.140147883,            1059P    861
3.140147883,3.140147883,1.0,1.0,1.0,1.0,-1.67147423,                1059P    862
-14.50400544,6.8,-1.731022658,-13.8233638,7.086863889,              1059P    863
-1.790565065,-13.14279096,7.37289054,-1.85,-12.46344655,            1059P    864
7.657142857,0.0,3.140147883,0.0,0.0,0.0,0,0;                        1059P    865
102,4,1051,1053,1057,1059,0,0;                                      1061P    866
142,0,1047,0,1061,2,0,0;                                            1063P    867
144,1047,1,0,1063,0,0;                                              1065P    868
108,1.0,0.0,0.0,1.85,0,1.85,-12.46344655,12.0,1.0,0,0;              1067P    869
110,1.85,-12.46344655,6.0,1.85,-14.4823168,6.0,0,0;                 1069P    870
110,1.85,-14.4823168,6.0,1.85,-14.4823168,6.8,0,0;                  1071P    871
126,5,5,0,0,1,0,0.0,0.0,0.0,0.0,0.0,0.0,3.10176033,3.10176033,      1073P    872
3.10176033,3.10176033,3.10176033,3.10176033,1.0,1.0,1.0,1.0,1.0,    1073P    873
1.0,1.85,-14.4823168,6.8,1.85,-14.07843546,6.971696796,1.85,        1073P    874
-13.67458762,7.14328325,1.85,-13.27073518,7.314762327,1.85,         1073P    875
-12.86702192,7.486056462,1.85,-12.46344655,7.657142857,0.0,         1073P    876
3.10176033,0.0,0.0,0.0,0,0;                                         1073P    877
110,1.85,-12.46344655,7.657142857,1.85,-12.46344655,6.0,0,0;        1075P    878
102,4,1069,1071,1073,1075,0,0;                                      1077P    879
142,0,1067,0,1077,2,0,0;                                            1079P    880
144,1067,1,0,1079,0,0;                                              1081P    881
110,0.0,0.0,6.25,0.0,0.0,7.25,0,0;                                  1083P    882
110,-14.56571316,1.0,4.8,-14.56571316,1.0,6.8,0,0;                  1085P    883
120,1083,1085,0.0,6.283185307,0,0;                                  1087P    884
126,3,3,0,0,1,0,0.0,0.0,0.0,0.0,2.423024148,2.423024148,            1089P    885
2.423024148,2.423024148,1.0,1.0,1.0,1.0,-14.19859148,-3.4,6.0,      1089P    886
-14.29393737,-3.001830197,5.601830197,-14.37209424,-2.601511961,    1089P    887
5.201511961,-14.43329484,-2.2,4.8,0.0,2.423024148,0.0,0.0,0.0,0,    1089P    888
0;                                                                  1089P    889
124,-0.9885818385,-0.1506849315,0.0,0.0,-0.1506849315,              1091P    890
0.9885818385,0.0,0.0,0.0,0.0,-1.0,4.8,0,0;                          1091P    891
100,0.0,0.0,0.0,14.6,0.0,14.24871457,3.183415329,0,0;               1093P    892
110,-14.56571316,1.0,4.8,-14.56571316,1.0,6.8,0,0;                  1095P    893
124,-0.9976515866,-0.06849315068,0.0,0.0,0.06849315068,             1097P    894
-0.9976515866,0.0,0.0,6.083413834E-017,0.0,1.0,6.8,0,0;             1097P    895
100,0.0,0.0,0.0,14.6,0.0,13.93237061,4.36452166,0,0;                1099P    896
110,-14.19859148,-3.4,6.8,-14.19859148,-3.4,6.0,0,0;                1101P    897
102,5,1089,1093,1095,1099,1101,0,0;                                 1103P    898
142,0,1087,0,1103,2,0,0;                                            1105P    899
144,1087,1,0,1105,0,0;                                              1107P    900
108,0.2173734941,-0.9760885022,0.0,4.5,0,-7.519397097,              1109P    901
-6.284796519,0.0,1.0,0,0;                                           1109P    902
110,-6.854283315,-6.136676644,12.0,-6.854283315,-6.136676644,       1111P    903
0.0,0,0;                                                            1111P    904
110,-6.854283315,-6.136676644,0.0,-7.519397097,-6.284796519,0.0,    1113P    905
0,0;                                                                1113P    906
110,-7.519397097,-6.284796519,0.0,-7.519397097,-6.284796519,        1115P    907
12.0,0,0;                                                           1115P    908
110,-7.519397097,-6.284796519,12.0,-6.854283315,-6.136676644,       1117P    909
12.0,0,0;                                                           1117P    910
102,4,1111,1113,1115,1117,0,0;                                      1119P    911
142,0,1109,0,1119,2,0,0;                                            1121P    912
144,1109,1,0,1121,0,0;                                              1123P    913
110,0.0,0.0,6.0,0.0,0.0,7.0,0,0;                                    1125P    914
110,-6.854283315,-6.136676644,0.0,-6.854283315,-6.136676644,        1127P    915
12.0,0,0;                                                           1127P    916
120,1125,1127,0.0,6.283185307,0,0;                                  1129P    917
110,-6.854283315,-6.136676644,0.0,-6.854283315,-6.136676644,        1131P    918
12.0,0,0;                                                           1131P    919
124,-0.7450307951,0.66703007,0.0,0.0,-0.66703007,-0.7450307951,     1133P    920
0.0,0.0,0.0,0.0,1.0,12.0,0,0;                                       1133P    921
100,0.0,0.0,0.0,9.2,0.0,6.136676644,6.854283315,0,0;                1135P    922
110,6.481284693E-015,-9.2,12.0,-1.689956768E-015,-9.2,0.0,0,0;      1137P    923
124,-1.836909531E-016,-1.0,0.0,0.0,-1.0,1.836909531E-016,0.0,       1139P    924
0.0,0.0,0.0,-1.0,0.0,0,0;                                           1139P    925
100,0.0,0.0,0.0,9.2,0.0,6.136676644,6.854283315,0,0;                1141P    926
102,4,1131,1135,1137,1141,0,0;                                      1143P    927
142,0,1129,0,1143,2,0,0;                                            1145P    928
144,1129,1,0,1145,0,0;                                              1147P    929
108,-0.9474650518,-0.3198593059,0.0,2.942705615,0,                  1149P    930
1.776356839E-015,-9.2,0.0,1.0,0,0;                                  1149P    931
110,6.481284693E-015,-9.2,12.0,0.9,-11.86591758,12.0,0,0;           1151P    932
110,0.9,-11.86591758,12.0,0.9,-11.86591758,0.0,0,0;                 1153P    933
110,0.9,-11.86591758,0.0,-1.689956768E-015,-9.2,0.0,0,0;            1155P    934
110,-1.689956768E-015,-9.2,0.0,6.481284693E-015,-9.2,12.0,0,0;      1157P    935
102,4,1151,1153,1155,1157,0,0;                                      1159P    936
142,0,1149,0,1159,2,0,0;                                            1161P    937
144,1149,1,0,1161,0,0;                                              1163P    938
110,0.0,0.0,6.0,0.0,0.0,7.0,0,0;                                    1165P    939
110,-11.88486432,-0.6,0.0,-11.88486432,-0.6,12.0,0,0;               1167P    940
120,1165,1167,0.0,6.283185307,0,0;                                  1169P    941
110,0.9,-11.86591758,0.0,0.9,-11.86591758,12.0,0,0;                 1171P    942
124,0.0756302521,-0.997135931,0.0,0.0,-0.997135931,                 1173P    943
-0.0756302521,0.0,0.0,0.0,0.0,-1.0,12.0,0,0;                        1173P    944
100,0.0,0.0,0.0,11.9,0.0,-0.3005737264,11.8962034,0,0;              1175P    945
110,-11.88486432,-0.6,12.0,-11.88486432,-0.6,0.0,0,0;               1177P    946
124,-0.9987280945,0.05042016807,0.0,0.0,-0.05042016807,             1179P    947
-0.9987280945,0.0,0.0,0.0,0.0,1.0,0.0,0,0;                          1179P    948
100,0.0,0.0,0.0,11.9,0.0,-0.3005737264,11.8962034,0,0;              1181P    949
102,4,1171,1175,1177,1181,0,0;                                      1183P    950
142,0,1169,0,1183,2,0,0;                                            1185P    951
144,1169,1,0,1185,0,0;                                              1187P    952
108,0.0,-1.0,0.0,0.6,0,9.180413934,-0.6,0.0,1.0,0,0;                1189P    953
110,-9.781615409,-0.6,12.0,-9.781615409,-0.6,0.0,0,0;               1191P    954
110,-9.781615409,-0.6,0.0,-11.88486432,-0.6,0.0,0,0;                1193P    955
110,-11.88486432,-0.6,0.0,-11.88486432,-0.6,12.0,0,0;               1195P    956
110,-11.88486432,-0.6,12.0,-9.781615409,-0.6,12.0,0,0;              1197P    957
102,4,1191,1193,1195,1197,0,0;                                      1199P    958
142,0,1189,0,1199,2,0,0;                                            1201P    959
144,1189,1,0,1201,0,0;                                              1203P    960
110,0.0,0.0,6.0,0.0,0.0,7.0,0,0;                                    1205P    961
110,-9.781615409,-0.6,0.0,-9.781615409,-0.6,12.0,0,0;               1207P    962
120,1205,1207,0.0,6.283185307,0,0;                                  1209P    963
110,-9.781615409,-0.6,0.0,-9.781615409,-0.6,12.0,0,0;               1211P    964
124,-0.9981240213,0.0612244898,0.0,0.0,-0.0612244898,               1213P    965
-0.9981240213,0.0,0.0,0.0,0.0,1.0,12.0,0,0;                         1213P    966
100,0.0,0.0,0.0,9.8,0.0,7.890074329,5.812635124,0,0;                1215P    967
110,-7.519397097,-6.284796519,12.0,-7.519397097,-6.284796519,       1217P    968
0.0,0,0;                                                            1217P    969
124,-0.7672854181,-0.6413057673,0.0,0.0,-0.6413057673,              1219P    970
0.7672854181,0.0,0.0,0.0,0.0,-1.0,0.0,0,0;                          1219P    971
100,0.0,0.0,0.0,9.8,0.0,7.890074329,5.812635124,0,0;                1221P    972
102,4,1211,1215,1217,1221,0,0;                                      1223P    973
142,0,1209,0,1223,2,0,0;                                            1225P    974
144,1209,1,0,1225,0,0;                                              1227P    975
108,0.2173734941,-0.9760885022,0.0,-4.5,0,-9.475758545,2.5,0.0,     1229P    976
1.0,0,0;                                                            1229P    977
110,6.854283315,6.136676644,0.0,7.519397097,6.284796519,0.0,0,0;    1231P    978
110,7.519397097,6.284796519,0.0,7.519397097,6.284796519,12.0,0,     1233P    979
0;                                                                  1233P    980
110,7.519397097,6.284796519,12.0,6.854283315,6.136676644,12.0,0,    1235P    981
0;                                                                  1235P    982
110,6.854283315,6.136676644,12.0,6.854283315,6.136676644,0.0,0,     1237P    983
0;                                                                  1237P    984
102,4,1231,1233,1235,1237,0,0;                                      1239P    985
142,0,1229,0,1239,2,0,0;                                            1241P    986
144,1229,1,0,1241,0,0;                                              1243P    987
110,0.0,0.0,6.0,0.0,0.0,7.0,0,0;                                    1245P    988
110,6.854283315,6.136676644,0.0,6.854283315,6.136676644,12.0,0,     1247P    989
0;                                                                  1247P    990
120,1245,1247,0.0,6.283185307,0,0;                                  1249P    991
110,6.854283315,6.136676644,0.0,6.854283315,6.136676644,12.0,0,     1251P    992
0;                                                                  1251P    993
124,0.7450307951,-0.66703007,0.0,0.0,0.66703007,0.7450307951,       1253P    994
0.0,0.0,0.0,0.0,1.0,12.0,0,0;                                       1253P    995
100,0.0,0.0,0.0,9.2,0.0,6.570630627,6.439473051,0,0;                1255P    996
110,0.6,9.180413934,12.0,0.6,9.180413934,0.0,0,0;                   1257P    997
124,0.0652173913,0.9978710798,0.0,0.0,0.9978710798,                 1259P    998
-0.0652173913,0.0,0.0,0.0,0.0,-1.0,0.0,0,0;                         1259P    999
100,0.0,0.0,0.0,9.2,0.0,6.570630627,6.439473051,0,0;                1261P   1000
102,4,1251,1255,1257,1261,0,0;                                      1263P   1001
142,0,1249,0,1263,2,0,0;                                            1265P   1002
144,1249,1,0,1265,0,0;                                              1267P   1003
108,1.0,0.0,0.0,0.6,0,0.6,9.180413934,0.0,1.0,0,0;                  1269P   1004
110,0.6,9.180413934,12.0,0.6,11.88486432,12.0,0,0;                  1271P   1005
110,0.6,11.88486432,12.0,0.6,11.88486432,0.0,0,0;                   1273P   1006
110,0.6,11.88486432,0.0,0.6,9.180413934,0.0,0,0;                    1275P   1007
110,0.6,9.180413934,0.0,0.6,9.180413934,12.0,0,0;                   1277P   1008
102,4,1271,1273,1275,1277,0,0;                                      1279P   1009
142,0,1269,0,1279,2,0,0;                                            1281P   1010
144,1269,1,0,1281,0,0;                                              1283P   1011
110,0.0,0.0,6.0,0.0,0.0,7.0,0,0;                                    1285P   1012
110,11.88486432,0.6,0.0,11.88486432,0.6,12.0,0,0;                   1287P   1013
120,1285,1287,0.0,6.283185307,0,0;                                  1289P   1014
110,0.6,11.88486432,0.0,0.6,11.88486432,12.0,0,0;                   1291P   1015
124,0.05042016807,0.9987280945,0.0,0.0,0.9987280945,                1293P   1016
-0.05042016807,0.0,0.0,0.0,0.0,-1.0,12.0,0,0;                       1293P   1017
100,0.0,0.0,0.0,11.9,0.0,1.198473713,11.8394958,0,0;                1295P   1018
110,11.88486432,0.6,12.0,11.88486432,0.6,0.0,0,0;                   1297P   1019
124,0.9987280945,-0.05042016807,0.0,0.0,0.05042016807,              1299P   1020
0.9987280945,0.0,0.0,0.0,0.0,1.0,0.0,0,0;                           1299P   1021
100,0.0,0.0,0.0,11.9,0.0,1.198473713,11.8394958,0,0;                1301P   1022
102,4,1291,1295,1297,1301,0,0;                                      1303P   1023
142,0,1289,0,1303,2,0,0;                                            1305P   1024
144,1289,1,0,1305,0,0;                                              1307P   1025
108,0.0,-1.0,0.0,-0.6,0,9.180413934,0.6,0.0,1.0,0,0;                1309P   1026
110,9.781615409,0.6,0.0,11.88486432,0.6,0.0,0,0;                    1311P   1027
110,11.88486432,0.6,0.0,11.88486432,0.6,12.0,0,0;                   1313P   1028
110,11.88486432,0.6,12.0,9.781615409,0.6,12.0,0,0;                  1315P   1029
110,9.781615409,0.6,12.0,9.781615409,0.6,0.0,0,0;                   1317P   1030
102,4,1311,1313,1315,1317,0,0;                                      1319P   1031
142,0,1309,0,1319,2,0,0;                                            1321P   1032
144,1309,1,0,1321,0,0;                                              1323P   1033
110,0.0,0.0,6.0,0.0,0.0,7.0,0,0;                                    1325P   1034
110,9.781615409,0.6,0.0,9.781615409,0.6,12.0,0,0;                   1327P   1035
120,1325,1327,0.0,6.283185307,0,0;                                  1329P   1036
110,9.781615409,0.6,0.0,9.781615409,0.6,12.0,0,0;                   1331P   1037
124,0.9981240213,-0.0612244898,0.0,0.0,0.0612244898,                1333P   1038
0.9981240213,0.0,0.0,0.0,0.0,1.0,12.0,0,0;                          1333P   1039
100,0.0,0.0,0.0,9.8,0.0,7.890074329,5.812635124,0,0;                1335P   1040
110,7.519397097,6.284796519,12.0,7.519397097,6.284796519,0.0,0,     1337P   1041
0;                                                                  1337P   1042
124,0.7672854181,0.6413057673,0.0,0.0,0.6413057673,                 1339P   1043
-0.7672854181,0.0,0.0,0.0,0.0,-1.0,0.0,0,0;                         1339P   1044
100,0.0,0.0,0.0,9.8,0.0,7.890074329,5.812635124,0,0;                1341P   1045
102,4,1331,1335,1337,1341,0,0;                                      1343P   1046
142,0,1329,0,1343,2,0,0;                                            1345P   1047
144,1329,1,0,1345,0,0;                                              1347P   1048
110,-2.2,8.933084574,6.0,-2.2,8.933084574,7.0,0,0;                  1349P   1049
110,-1.316630363,9.105299802,0.0,-1.316630363,9.105299802,12.0,     1351P   1050
0,0;                                                                1351P   1051
120,1349,1351,0.0,6.283185307,0,0;                                  1353P   1052
110,-1.316630363,9.105299802,0.0,-1.316630363,9.105299802,12.0,     1355P   1053
0,0;                                                                1355P   1054
124,0.9815218186,-0.1913502539,0.0,-2.2,0.1913502539,               1357P   1055
0.9815218186,0.0,8.933084574,0.0,0.0,1.0,12.0,0,0;                  1357P   1056
100,0.0,0.0,0.0,0.9,0.0,-0.8833696367,0.1722152285,0,0;             1359P   1057
110,-3.1,8.933084574,12.0,-3.1,8.933084574,0.0,0,0;                 1361P   1058
124,-1.0,0.0,0.0,-2.2,0.0,1.0,0.0,8.933084574,0.0,0.0,-1.0,0.0,     1363P   1059
0,0;                                                                1363P   1060
100,0.0,0.0,0.0,0.9,0.0,-0.8833696367,0.1722152285,0,0;             1365P   1061
102,4,1355,1359,1361,1365,0,0;                                      1367P   1062
142,0,1353,0,1367,2,0,0;                                            1369P   1063
144,1353,1,0,1369,0,0;                                              1371P   1064
110,-2.2,8.933084574,6.0,-2.2,8.933084574,7.0,0,0;                  1373P   1065
110,-3.1,8.933084574,0.0,-3.1,8.933084574,12.0,0,0;                 1375P   1066
120,1373,1375,0.0,6.283185307,0,0;                                  1377P   1067
110,-3.062315761,8.675380232,12.0,-3.062315761,8.675380232,0.0,     1379P   1068
0,0;                                                                1379P   1069
124,-0.9581286239,-0.2863381569,0.0,-2.2,-0.2863381569,             1381P   1070
0.9581286239,0.0,8.933084574,0.0,0.0,-1.0,0.0,0,0;                  1381P   1071
100,0.0,0.0,0.0,0.9,0.0,0.8623157615,0.2577043412,0,0;              1383P   1072
110,-3.1,8.933084574,0.0,-3.1,8.933084574,12.0,0,0;                 1385P   1073
124,-1.0,0.0,0.0,-2.2,0.0,-1.0,0.0,8.933084574,0.0,0.0,1.0,12.0,    1387P   1074
0,0;                                                                1387P   1075
100,0.0,0.0,0.0,0.9,0.0,0.8623157615,0.2577043412,0,0;              1389P   1076
102,4,1379,1383,1385,1389,0,0;                                      1391P   1077
142,0,1377,0,1391,2,0,0;                                            1393P   1078
144,1377,1,0,1393,0,0;                                              1395P   1079
110,0.0,0.0,6.0,0.0,0.0,7.0,0,0;                                    1397P   1080
110,-3.062315761,8.675380232,0.0,-3.062315761,8.675380232,12.0,     1399P   1081
0,0;                                                                1399P   1082
120,1397,1399,0.0,6.283185307,0,0;                                  1401P   1083
110,-8.810644762,2.648119875,12.0,-8.810644762,2.648119875,0.0,     1403P   1084
0,0;                                                                1403P   1085
124,-0.9576787785,0.2878391168,0.0,0.0,0.2878391168,                1405P   1086
0.9576787785,0.0,0.0,0.0,0.0,-1.0,0.0,0,0;                          1405P   1087
100,0.0,0.0,0.0,9.2,0.0,5.429828602,7.42677328,0,0;                 1407P   1088
110,-3.062315761,8.675380232,0.0,-3.062315761,8.675380232,12.0,     1409P   1089
0,0;                                                                1409P   1090
124,-0.3328604089,-0.9429761122,0.0,0.0,0.9429761122,               1411P   1091
-0.3328604089,0.0,0.0,0.0,0.0,1.0,12.0,0,0;                         1411P   1092
100,0.0,0.0,0.0,9.2,0.0,5.429828602,7.42677328,0,0;                 1413P   1093
102,4,1403,1407,1409,1413,0,0;                                      1415P   1094
142,0,1401,0,1415,2,0,0;                                            1417P   1095
144,1401,1,0,1417,0,0;                                              1419P   1096
110,-8.810644762,2.648119875,12.0,-9.475758545,2.5,12.0,0,0;        1421P   1097
110,-9.475758545,2.5,12.0,-9.475758545,2.5,0.0,0,0;                 1423P   1098
110,-9.475758545,2.5,0.0,-8.810644762,2.648119875,0.0,0,0;          1425P   1099
110,-8.810644762,2.648119875,0.0,-8.810644762,2.648119875,12.0,     1427P   1100
0,0;                                                                1427P   1101
102,4,1421,1423,1425,1427,0,0;                                      1429P   1102
142,0,1229,0,1429,2,0,0;                                            1431P   1103
144,1229,1,0,1431,0,0;                                              1433P   1104
110,0.0,0.0,6.0,0.0,0.0,7.0,0,0;                                    1435P   1105
110,-9.475758545,2.5,0.0,-9.475758545,2.5,12.0,0,0;                 1437P   1106
120,1435,1437,0.0,6.283185307,0,0;                                  1439P   1107
110,-9.781615409,0.6,12.0,-9.781615409,0.6,0.0,0,0;                 1441P   1108
124,-0.9981240213,0.0612244898,0.0,0.0,0.0612244898,                1443P   1109
0.9981240213,0.0,0.0,0.0,0.0,-1.0,0.0,0,0;                          1443P   1110
100,0.0,0.0,0.0,9.8,0.0,9.611043448,1.915161571,0,0;                1445P   1111
110,-9.475758545,2.5,0.0,-9.475758545,2.5,12.0,0,0;                 1447P   1112
124,-0.9669141372,-0.2551020408,0.0,0.0,0.2551020408,               1449P   1113
-0.9669141372,0.0,0.0,0.0,0.0,1.0,12.0,0,0;                         1449P   1114
100,0.0,0.0,0.0,9.8,0.0,9.611043448,1.915161571,0,0;                1451P   1115
102,4,1441,1445,1447,1451,0,0;                                      1453P   1116
142,0,1439,0,1453,2,0,0;                                            1455P   1117
144,1439,1,0,1455,0,0;                                              1457P   1118
110,-9.781615409,0.6,12.0,-11.88486432,0.6,12.0,0,0;                1459P   1119
110,-11.88486432,0.6,12.0,-11.88486432,0.6,0.0,0,0;                 1461P   1120
110,-11.88486432,0.6,0.0,-9.781615409,0.6,0.0,0,0;                  1463P   1121
110,-9.781615409,0.6,0.0,-9.781615409,0.6,12.0,0,0;                 1465P   1122
102,4,1459,1461,1463,1465,0,0;                                      1467P   1123
142,0,1309,0,1467,2,0,0;                                            1469P   1124
144,1309,1,0,1469,0,0;                                              1471P   1125
110,0.0,0.0,6.0,0.0,0.0,7.0,0,0;                                    1473P   1126
110,-0.6,11.88486432,0.0,-0.6,11.88486432,12.0,0,0;                 1475P   1127
120,1473,1475,0.0,6.283185307,0,0;                                  1477P   1128
110,-0.6,11.88486432,12.0,-0.6,11.88486432,0.0,0,0;                 1479P   1129
124,-0.05042016807,-0.9987280945,0.0,0.0,0.9987280945,              1481P   1130
-0.05042016807,0.0,0.0,0.0,0.0,1.0,0.0,0,0;                         1481P   1131
100,0.0,0.0,0.0,11.9,0.0,1.198473713,11.8394958,0,0;                1483P   1132
110,-11.88486432,0.6,0.0,-11.88486432,0.6,12.0,0,0;                 1485P   1133
124,-0.9987280945,0.05042016807,0.0,0.0,0.05042016807,              1487P   1134
0.9987280945,0.0,0.0,0.0,0.0,-1.0,12.0,0,0;                         1487P   1135
100,0.0,0.0,0.0,11.9,0.0,1.198473713,11.8394958,0,0;                1489P   1136
102,4,1479,1483,1485,1489,0,0;                                      1491P   1137
142,0,1477,0,1491,2,0,0;                                            1493P   1138
144,1477,1,0,1493,0,0;                                              1495P   1139
108,1.0,0.0,0.0,-0.6,0,-0.6,9.180413934,0.0,1.0,0,0;                1497P   1140
110,-0.6,11.88486432,12.0,-0.6,9.180413934,12.0,0,0;                1499P   1141
110,-0.6,9.180413934,12.0,-0.6,9.180413934,0.0,0,0;                 1501P   1142
110,-0.6,9.180413934,0.0,-0.6,11.88486432,0.0,0,0;                  1503P   1143
110,-0.6,11.88486432,0.0,-0.6,11.88486432,12.0,0,0;                 1505P   1144
102,4,1499,1501,1503,1505,0,0;                                      1507P   1145
142,0,1497,0,1507,2,0,0;                                            1509P   1146
144,1497,1,0,1509,0,0;                                              1511P   1147
110,0.0,0.0,6.0,0.0,0.0,7.0,0,0;                                    1513P   1148
110,-0.6,9.180413934,0.0,-0.6,9.180413934,12.0,0,0;                 1515P   1149
120,1513,1515,0.0,6.283185307,0,0;                                  1517P   1150
124,-0.0652173913,-0.9978710798,0.0,0.0,0.9978710798,               1519P   1151
-0.0652173913,0.0,0.0,0.0,0.0,1.0,12.0,0,0;                         1519P   1152
100,0.0,0.0,0.0,9.2,0.0,9.171782543,0.7200034621,0,0;               1521P   1153
110,-1.316630363,9.105299802,12.0,-1.316630363,9.105299802,0.0,     1523P   1154
0,0;                                                                1523P   1155
124,-0.143111996,0.9897065002,0.0,0.0,0.9897065002,0.143111996,     1525P   1156
0.0,0.0,0.0,0.0,-1.0,0.0,0,0;                                       1525P   1157
100,0.0,0.0,0.0,9.2,0.0,9.171782543,0.7200034621,0,0;               1527P   1158
110,-0.6,9.180413934,0.0,-0.6,9.180413934,12.0,0,0;                 1529P   1159
102,4,1521,1523,1527,1529,0,0;                                      1531P   1160
142,0,1517,0,1531,2,0,0;                                            1533P   1161
144,1517,1,0,1533,0,0;                                              1535P   1162
110,8.810644762,-2.648119875,0.0,8.810644762,-2.648119875,12.0,     1537P   1163
0,0;                                                                1537P   1164
110,8.810644762,-2.648119875,12.0,9.475758545,-2.5,12.0,0,0;        1539P   1165
110,9.475758545,-2.5,12.0,9.475758545,-2.5,0.0,0,0;                 1541P   1166
110,9.475758545,-2.5,0.0,8.810644762,-2.648119875,0.0,0,0;          1543P   1167
102,4,1537,1539,1541,1543,0,0;                                      1545P   1168
142,0,1109,0,1545,2,0,0;                                            1547P   1169
144,1109,1,0,1547,0,0;                                              1549P   1170
110,0.0,0.0,6.0,0.0,0.0,7.0,0,0;                                    1551P   1171
110,9.475758545,-2.5,0.0,9.475758545,-2.5,12.0,0,0;                 1553P   1172
120,1551,1553,0.0,6.283185307,0,0;                                  1555P   1173
110,9.781615409,-0.6,12.0,9.781615409,-0.6,0.0,0,0;                 1557P   1174
124,0.9981240213,-0.0612244898,0.0,0.0,-0.0612244898,               1559P   1175
-0.9981240213,0.0,0.0,0.0,0.0,-1.0,0.0,0,0;                         1559P   1176
100,0.0,0.0,0.0,9.8,0.0,9.611043448,1.915161571,0,0;                1561P   1177
110,9.475758545,-2.5,0.0,9.475758545,-2.5,12.0,0,0;                 1563P   1178
124,0.9669141372,0.2551020408,0.0,0.0,-0.2551020408,                1565P   1179
0.9669141372,0.0,0.0,0.0,0.0,1.0,12.0,0,0;                          1565P   1180
100,0.0,0.0,0.0,9.8,0.0,9.611043448,1.915161571,0,0;                1567P   1181
102,4,1557,1561,1563,1567,0,0;                                      1569P   1182
142,0,1555,0,1569,2,0,0;                                            1571P   1183
144,1555,1,0,1571,0,0;                                              1573P   1184
110,9.781615409,-0.6,0.0,9.781615409,-0.6,12.0,0,0;                 1575P   1185
110,9.781615409,-0.6,12.0,11.88486432,-0.6,12.0,0,0;                1577P   1186
110,11.88486432,-0.6,12.0,11.88486432,-0.6,0.0,0,0;                 1579P   1187
110,11.88486432,-0.6,0.0,9.781615409,-0.6,0.0,0,0;                  1581P   1188
102,4,1575,1577,1579,1581,0,0;                                      1583P   1189
142,0,1189,0,1583,2,0,0;                                            1585P   1190
144,1189,1,0,1585,0,0;                                              1587P   1191
110,0.0,0.0,6.0,0.0,0.0,7.0,0,0;                                    1589P   1192
110,6.227906908,-10.14017631,0.0,6.227906908,-10.14017631,12.0,     1591P   1193
0,0;                                                                1591P   1194
120,1589,1591,0.0,6.283185307,0,0;                                  1593P   1195
124,0.9987280945,-0.05042016807,0.0,0.0,-0.05042016807,             1595P   1196
-0.9987280945,0.0,0.0,0.0,0.0,-1.0,12.0,0,0;                        1595P   1197
100,0.0,0.0,0.0,11.9,0.0,6.731254992,9.813266848,0,0;               1597P   1198
110,6.227906908,-10.14017631,12.0,6.227906908,-10.14017631,0.0,     1599P   1199
0,0;                                                                1599P   1200
124,0.5233535217,0.8521156561,0.0,0.0,-0.8521156561,                1601P   1201
0.5233535217,0.0,0.0,0.0,0.0,1.0,0.0,0,0;                           1601P   1202
100,0.0,0.0,0.0,11.9,0.0,6.731254992,9.813266848,0,0;               1603P   1203
110,11.88486432,-0.6,0.0,11.88486432,-0.6,12.0,0,0;                 1605P   1204
102,4,1597,1599,1603,1605,0,0;                                      1607P   1205
142,0,1593,0,1607,2,0,0;                                            1609P   1206
144,1593,1,0,1609,0,0;                                              1611P   1207
108,-0.9474650518,-0.3198593059,0.0,-2.657294385,0,5.334976608,     1613P   1208
-7.495200104,0.0,1.0,0,0;                                           1613P   1209
110,6.227906908,-10.14017631,12.0,5.334976608,-7.495200104,12.0,    1615P   1210
0,0;                                                                1615P   1211
110,5.334976608,-7.495200104,12.0,5.334976608,-7.495200104,0.0,     1617P   1212
0,0;                                                                1617P   1213
110,5.334976608,-7.495200104,0.0,6.227906908,-10.14017631,0.0,0,    1619P   1214
0;                                                                  1619P   1215
110,6.227906908,-10.14017631,0.0,6.227906908,-10.14017631,12.0,     1621P   1216
0,0;                                                                1621P   1217
102,4,1615,1617,1619,1621,0,0;                                      1623P   1218
142,0,1613,0,1623,2,0,0;                                            1625P   1219
144,1613,1,0,1625,0,0;                                              1627P   1220
110,0.0,0.0,6.0,0.0,0.0,7.0,0,0;                                    1629P   1221
110,5.334976608,-7.495200104,0.0,5.334976608,-7.495200104,12.0,     1631P   1222
0,0;                                                                1631P   1223
120,1629,1631,0.0,6.283185307,0,0;                                  1633P   1224
110,8.810644762,-2.648119875,12.0,8.810644762,-2.648119875,0.0,     1635P   1225
0,0;                                                                1635P   1226
124,0.9576787785,-0.2878391168,0.0,0.0,-0.2878391168,               1637P   1227
-0.9576787785,0.0,0.0,0.0,0.0,-1.0,0.0,0,0;                         1637P   1228
100,0.0,0.0,0.0,9.2,0.0,7.26660566,5.642379125,0,0;                 1639P   1229
110,5.334976608,-7.495200104,0.0,5.334976608,-7.495200104,12.0,     1641P   1230
0,0;                                                                1641P   1231
124,0.5798887617,0.8146956634,0.0,0.0,-0.8146956634,                1643P   1232
0.5798887617,0.0,0.0,0.0,0.0,1.0,12.0,0,0;                          1643P   1233
100,0.0,0.0,0.0,9.2,0.0,7.26660566,5.642379125,0,0;                 1645P   1234
102,4,1635,1639,1641,1645,0,0;                                      1647P   1235
142,0,1633,0,1647,2,0,0;                                            1649P   1236
144,1633,1,0,1649,0,0;                                              1651P   1237
108,0.3198593059,-0.9474650518,0.0,10.3,0,1.785517943,              1653P   1238
-10.26833175,0.0,1.0,0,0;                                           1653P   1239
110,1.785517943,-10.26833175,12.0,4.533166594,-9.340739759,12.0,    1655P   1240
0,0;                                                                1655P   1241
110,4.533166594,-9.340739759,12.0,4.533166594,-9.340739759,0.0,     1657P   1242
0,0;                                                                1657P   1243
110,4.533166594,-9.340739759,0.0,1.785517943,-10.26833175,0.0,0,    1659P   1244
0;                                                                  1659P   1245
110,1.785517943,-10.26833175,0.0,1.785517943,-10.26833175,12.0,     1661P   1246
0,0;                                                                1661P   1247
102,4,1655,1657,1659,1661,0,0;                                      1663P   1248
142,0,1653,0,1663,2,0,0;                                            1665P   1249
144,1653,1,0,1665,0,0;                                              1667P   1250
108,-0.9474650518,-0.3198593059,0.0,-1.307294385,0,4.533166594,     1669P   1251
-9.340739759,0.0,1.0,0,0;                                           1669P   1252
110,4.533166594,-9.340739759,12.0,5.021903465,-10.78844222,12.0,    1671P   1253
0,0;                                                                1671P   1254
110,5.021903465,-10.78844222,12.0,5.021903465,-10.78844222,0.0,     1673P   1255
0,0;                                                                1673P   1256
110,5.021903465,-10.78844222,0.0,4.533166594,-9.340739759,0.0,0,    1675P   1257
0;                                                                  1675P   1258
110,4.533166594,-9.340739759,0.0,4.533166594,-9.340739759,12.0,     1677P   1259
0,0;                                                                1677P   1260
102,4,1671,1673,1675,1677,0,0;                                      1679P   1261
142,0,1669,0,1679,2,0,0;                                            1681P   1262
144,1669,1,0,1681,0,0;                                              1683P   1263
110,0.0,0.0,6.0,0.0,0.0,7.0,0,0;                                    1685P   1264
110,2.263046729,-11.6828344,0.0,2.263046729,-11.6828344,12.0,0,     1687P   1265
0;                                                                  1687P   1266
120,1685,1687,0.0,6.283185307,0,0;                                  1689P   1267
110,2.263046729,-11.6828344,12.0,2.263046729,-11.6828344,0.0,0,     1691P   1268
0;                                                                  1691P   1269
124,0.190171994,0.9817507895,0.0,0.0,-0.9817507895,0.190171994,     1693P   1270
0.0,0.0,0.0,0.0,1.0,0.0,0,0;                                        1693P   1271
100,0.0,0.0,0.0,11.9,0.0,11.54658707,2.878598122,0,0;               1695P   1272
110,5.021903465,-10.78844222,0.0,5.021903465,-10.78844222,12.0,     1697P   1273
0,0;                                                                1697P   1274
124,0.4220086946,-0.9065917834,0.0,0.0,-0.9065917834,               1699P   1275
-0.4220086946,0.0,0.0,0.0,0.0,-1.0,12.0,0,0;                        1699P   1276
100,0.0,0.0,0.0,11.9,0.0,11.54658707,2.878598122,0,0;               1701P   1277
102,4,1691,1695,1697,1701,0,0;                                      1703P   1278
142,0,1689,0,1703,2,0,0;                                            1705P   1279
144,1689,1,0,1705,0,0;                                              1707P   1280
108,0.9474650518,0.3198593059,0.0,-1.592705615,0,2.263046729,       1709P   1281
-11.6828344,0.0,1.0,0,0;                                            1709P   1282
110,2.263046729,-11.6828344,12.0,1.785517943,-10.26833175,12.0,     1711P   1283
0,0;                                                                1711P   1284
110,1.785517943,-10.26833175,12.0,1.785517943,-10.26833175,0.0,     1713P   1285
0,0;                                                                1713P   1286
110,1.785517943,-10.26833175,0.0,2.263046729,-11.6828344,0.0,0,     1715P   1287
0;                                                                  1715P   1288
110,2.263046729,-11.6828344,0.0,2.263046729,-11.6828344,12.0,0,     1717P   1289
0;                                                                  1717P   1290
102,4,1711,1713,1715,1717,0,0;                                      1719P   1291
142,0,1709,0,1719,2,0,0;                                            1721P   1292
144,1709,1,0,1721,0,0;                                              1723P   1293
110,0.0,0.0,6.25,0.0,0.0,7.25,0,0;                                  1725P   1294
110,3.55,14.16183251,4.8,3.55,14.16183251,6.8,0,0;                  1727P   1295
120,1725,1727,0.0,6.283185307,0,0;                                  1729P   1296
126,3,3,0,0,1,0,0.0,0.0,0.0,0.0,2.404605321,2.404605321,            1731P   1297
2.404605321,2.404605321,1.0,1.0,1.0,1.0,-1.85,14.4823168,6.0,       1731P   1298
-1.450857442,14.53330407,5.600857442,-1.050568719,14.56767241,      1731P   1299
5.200568719,-0.65,14.58552365,4.8,0.0,2.404605321,0.0,0.0,0.0,0,    1731P   1300
0;                                                                  1731P   1301
124,-0.04452054795,0.9990084688,0.0,0.0,0.9990084688,               1733P   1302
0.04452054795,0.0,0.0,0.0,0.0,-1.0,4.8,0,0;                         1733P   1303
100,0.0,0.0,0.0,14.6,0.0,13.98974267,4.176972608,0,0;               1735P   1304
110,3.55,14.16183251,4.8,3.55,14.16183251,6.8,0,0;                  1737P   1305
124,0.2431506849,-0.969988528,0.0,0.0,0.969988528,0.2431506849,     1739P   1306
0.0,0.0,6.083413834E-017,0.0,1.0,6.8,0,0;                           1739P   1307
100,0.0,0.0,0.0,14.6,0.0,13.59785239,5.315864027,0,0;               1741P   1308
110,-1.85,14.4823168,6.8,-1.85,14.4823168,6.0,0,0;                  1743P   1309
102,5,1731,1735,1737,1741,1743,0,0;                                 1745P   1310
142,0,1729,0,1745,2,0,0;                                            1747P   1311
144,1729,1,0,1747,0,0;                                              1749P   1312
110,0.0,0.0,6.25,0.0,0.0,7.25,0,0;                                  1751P   1313
110,-1.67147423,-14.50400544,4.8,-1.67147423,-14.50400544,6.8,0,    1753P   1314
0;                                                                  1753P   1315
120,1751,1753,0.0,6.283185307,0,0;                                  1755P   1316
126,3,3,0,0,1,0,0.0,0.0,0.0,0.0,2.404605321,2.404605321,            1757P   1317
2.404605321,2.404605321,1.0,1.0,1.0,1.0,1.85,-14.4823168,6.0,       1757P   1318
1.450857442,-14.53330407,5.600857442,1.050568719,-14.56767241,      1757P   1319
5.200568719,0.65,-14.58552365,4.8,0.0,2.404605321,0.0,0.0,0.0,0,    1757P   1320
0;                                                                  1757P   1321
124,0.04452054795,-0.9990084688,0.0,0.0,-0.9990084688,              1759P   1322
-0.04452054795,0.0,0.0,0.0,0.0,-1.0,4.8,0,0;                        1759P   1323
100,0.0,0.0,0.0,14.6,0.0,14.41520932,2.315543181,0,0;               1761P   1324
110,-1.67147423,-14.50400544,4.8,-1.67147423,-14.50400544,6.8,0,    1763P   1325
0;                                                                  1763P   1326
124,-0.1144845363,0.9934250304,0.0,0.0,-0.9934250304,               1765P   1327
-0.1144845363,0.0,0.0,6.083413834E-017,0.0,1.0,6.8,0,0;             1765P   1328
100,0.0,0.0,0.0,14.6,0.0,14.17529962,3.49583763,0,0;                1767P   1329
110,1.85,-14.4823168,6.8,1.85,-14.4823168,6.0,0,0;                  1769P   1330
102,5,1757,1761,1763,1767,1769,0,0;                                 1771P   1331
142,0,1755,0,1771,2,0,0;                                            1773P   1332
144,1755,1,0,1773,0,0;                                              1775P   1333
124,-0.9981240213,0.0612244898,0.0,0.0,-0.0612244898,               1777P   1334
-0.9981240213,0.0,0.0,0.0,0.0,1.0,0.0,0,0;                          1777P   1335
100,0.0,0.0,0.0,9.8,0.0,7.890074329,5.812635124,0,0;                1779P   1336
110,-7.519397097,-6.284796519,0.0,-6.854283315,-6.136676644,0.0,    1781P   1337
0,0;                                                                1781P   1338
124,-0.7450307951,0.66703007,0.0,0.0,-0.66703007,-0.7450307951,     1783P   1339
0.0,0.0,0.0,0.0,1.0,0.0,0,0;                                        1783P   1340
100,0.0,0.0,0.0,9.2,0.0,6.136676644,6.854283315,0,0;                1785P   1341
110,-1.689956768E-015,-9.2,0.0,0.9,-11.86591758,0.0,0,0;            1787P   1342
124,0.0756302521,-0.997135931,0.0,0.0,-0.997135931,                 1789P   1343
-0.0756302521,0.0,0.0,0.0,0.0,-1.0,0.0,0,0;                         1789P   1344
100,0.0,0.0,0.0,11.9,0.0,-0.3005737264,11.8962034,0,0;              1791P   1345
110,-11.88486432,-0.6,0.0,-9.781615409,-0.6,0.0,0,0;                1793P   1346
102,6,1779,1781,1785,1787,1791,1793,0,0;                            1795P   1347
142,0,379,0,1795,2,0,0;                                             1797P   1348
144,379,1,0,1797,0,0;                                               1799P   1349
124,0.9981240213,-0.0612244898,0.0,0.0,0.0612244898,                1801P   1350
0.9981240213,0.0,0.0,0.0,0.0,1.0,0.0,0,0;                           1801P   1351
100,0.0,0.0,0.0,9.8,0.0,7.890074329,5.812635124,0,0;                1803P   1352
110,7.519397097,6.284796519,0.0,6.854283315,6.136676644,0.0,0,0;    1805P   1353
124,0.7450307951,-0.66703007,0.0,0.0,0.66703007,0.7450307951,       1807P   1354
0.0,0.0,0.0,0.0,1.0,0.0,0,0;                                        1807P   1355
100,0.0,0.0,0.0,9.2,0.0,6.570630627,6.439473051,0,0;                1809P   1356
110,0.6,9.180413934,0.0,0.6,11.88486432,0.0,0,0;                    1811P   1357
124,0.05042016807,0.9987280945,0.0,0.0,0.9987280945,                1813P   1358
-0.05042016807,0.0,0.0,0.0,0.0,-1.0,0.0,0,0;                        1813P   1359
100,0.0,0.0,0.0,11.9,0.0,1.198473713,11.8394958,0,0;                1815P   1360
110,11.88486432,0.6,0.0,9.781615409,0.6,0.0,0,0;                    1817P   1361
102,6,1803,1805,1809,1811,1815,1817,0,0;                            1819P   1362
142,0,379,0,1819,2,0,0;                                             1821P   1363
144,379,1,0,1821,0,0;                                               1823P   1364
124,-0.0652173913,-0.9978710798,0.0,0.0,0.9978710798,               1825P   1365
-0.0652173913,0.0,0.0,0.0,0.0,1.0,0.0,0,0;                          1825P   1366
100,0.0,0.0,0.0,9.2,0.0,9.171782543,0.7200034621,0,0;               1827P   1367
124,0.9815218186,-0.1913502539,0.0,-2.2,0.1913502539,               1829P   1368
0.9815218186,0.0,8.933084574,0.0,0.0,1.0,0.0,0,0;                   1829P   1369
100,0.0,0.0,0.0,0.9,0.0,-0.8833696367,0.1722152285,0,0;             1831P   1370
124,-1.0,0.0,0.0,-2.2,0.0,-1.0,0.0,8.933084574,0.0,0.0,1.0,0.0,     1833P   1371
0,0;                                                                1833P   1372
100,0.0,0.0,0.0,0.9,0.0,0.8623157615,0.2577043412,0,0;              1835P   1373
124,-0.3328604089,-0.9429761122,0.0,0.0,0.9429761122,               1837P   1374
-0.3328604089,0.0,0.0,0.0,0.0,1.0,0.0,0,0;                          1837P   1375
100,0.0,0.0,0.0,9.2,0.0,5.429828602,7.42677328,0,0;                 1839P   1376
110,-8.810644762,2.648119875,0.0,-9.475758545,2.5,0.0,0,0;          1841P   1377
124,-0.9669141372,-0.2551020408,0.0,0.0,0.2551020408,               1843P   1378
-0.9669141372,0.0,0.0,0.0,0.0,1.0,0.0,0,0;                          1843P   1379
100,0.0,0.0,0.0,9.8,0.0,9.611043448,1.915161571,0,0;                1845P   1380
110,-9.781615409,0.6,0.0,-11.88486432,0.6,0.0,0,0;                  1847P   1381
124,-0.9987280945,0.05042016807,0.0,0.0,0.05042016807,              1849P   1382
0.9987280945,0.0,0.0,0.0,0.0,-1.0,0.0,0,0;                          1849P   1383
100,0.0,0.0,0.0,11.9,0.0,1.198473713,11.8394958,0,0;                1851P   1384
110,-0.6,11.88486432,0.0,-0.6,9.180413934,0.0,0,0;                  1853P   1385
102,9,1827,1831,1835,1839,1841,1845,1847,1851,1853,0,0;             1855P   1386
142,0,379,0,1855,2,0,0;                                             1857P   1387
144,379,1,0,1857,0,0;                                               1859P   1388
124,0.5798887617,0.8146956634,0.0,0.0,-0.8146956634,                1861P   1389
0.5798887617,0.0,0.0,0.0,0.0,1.0,0.0,0,0;                           1861P   1390
100,0.0,0.0,0.0,9.2,0.0,7.26660566,5.642379125,0,0;                 1863P   1391
110,8.810644762,-2.648119875,0.0,9.475758545,-2.5,0.0,0,0;          1865P   1392
124,0.9669141372,0.2551020408,0.0,0.0,-0.2551020408,                1867P   1393
0.9669141372,0.0,0.0,0.0,0.0,1.0,0.0,0,0;                           1867P   1394
100,0.0,0.0,0.0,9.8,0.0,9.611043448,1.915161571,0,0;                1869P   1395
110,9.781615409,-0.6,0.0,11.88486432,-0.6,0.0,0,0;                  1871P   1396
124,0.9987280945,-0.05042016807,0.0,0.0,-0.05042016807,             1873P   1397
-0.9987280945,0.0,0.0,0.0,0.0,-1.0,0.0,0,0;                         1873P   1398
100,0.0,0.0,0.0,11.9,0.0,6.731254992,9.813266848,0,0;               1875P   1399
110,6.227906908,-10.14017631,0.0,5.334976608,-7.495200104,0.0,0,    1877P   1400
0;                                                                  1877P   1401
102,6,1863,1865,1869,1871,1875,1877,0,0;                            1879P   1402
142,0,379,0,1879,2,0,0;                                             1881P   1403
144,379,1,0,1881,0,0;                                               1883P   1404
110,2.263046729,-11.6828344,0.0,1.785517943,-10.26833175,0.0,0,     1885P   1405
0;                                                                  1885P   1406
110,1.785517943,-10.26833175,0.0,4.533166594,-9.340739759,0.0,0,    1887P   1407
0;                                                                  1887P   1408
110,4.533166594,-9.340739759,0.0,5.021903465,-10.78844222,0.0,0,    1889P   1409
0;                                                                  1889P   1410
124,0.4220086946,-0.9065917834,0.0,0.0,-0.9065917834,               1891P   1411
-0.4220086946,0.0,0.0,0.0,0.0,-1.0,0.0,0,0;                         1891P   1412
100,0.0,0.0,0.0,11.9,0.0,11.54658707,2.878598122,0,0;               1893P   1413
102,4,1885,1887,1889,1893,0,0;                                      1895P   1414
142,0,379,0,1895,2,0,0;                                             1897P   1415
144,379,1,0,1897,0,0;                                               1899P   1416
110,0.0,0.0,6.25,0.0,0.0,7.25,0,0;                                  1901P   1417
110,13.64162698,-5.202500694,2.8,13.64162698,-5.202500694,6.8,0,    1903P   1418
0;                                                                  1903P   1419
120,1901,1903,0.0,6.283185307,0,0;                                  1905P   1420
110,13.64162698,-5.202500694,2.8,13.64162698,-5.202500694,6.8,0,    1907P   1421
0;                                                                  1907P   1422
124,0.934358012,0.356335664,0.0,0.0,-0.356335664,0.934358012,       1909P   1423
0.0,0.0,6.083413834E-017,0.0,1.0,6.8,0,0;                           1909P   1424
100,0.0,0.0,0.0,14.6,0.0,10.89232692,9.721996412,0,0;               1911P   1425
110,13.64162698,5.202500694,6.8,13.64162698,5.202500694,6.0,0,0;    1913P   1426
126,3,3,0,0,1,0,0.0,0.0,0.0,0.0,2.509153487,2.509153487,            1915P   1427
2.509153487,2.509153487,1.0,1.0,1.0,1.0,13.64162698,5.202500694,    1915P   1428
6.0,13.79828977,4.791710663,5.604427211,13.93491508,4.3777543,      1915P   1429
5.203953757,14.05213651,3.962001958,4.8,0.0,2.509153487,0.0,0.0,    1915P   1430
0.0,0,0;                                                            1915P   1431
124,0.9624751034,0.2713699971,0.0,0.0,0.2713699971,                 1917P   1432
-0.9624751034,0.0,0.0,0.0,0.0,-1.0,4.8,0,0;                         1917P   1433
100,0.0,0.0,0.0,14.6,0.0,12.74313281,7.125487081,0,0;               1919P   1434
110,14.19859148,-3.4,4.8,14.19859148,-3.4,2.8,0,0;                  1921P   1435
124,0.9725062657,-0.2328767123,0.0,0.0,-0.2328767123,               1923P   1436
-0.9725062657,0.0,0.0,0.0,0.0,-1.0,2.8,0,0;                         1923P   1437
100,0.0,0.0,0.0,14.6,0.0,14.47810897,1.882647281,0,0;               1925P   1438
102,7,1907,1911,1913,1915,1919,1921,1925,0,0;                       1927P   1439
142,0,1905,0,1927,2,0,0;                                            1929P   1440
144,1905,1,0,1929,0,0;                                              1931P   1441
108,0.08715574275,-0.9961946981,0.0,6.371649739,0,20.90148826,      1933P   1442
-4.567345132,12.0,1.0,0,0;                                          1933P   1443
110,11.38419958,-5.4,2.8,11.38419958,-5.4,7.657142857,0,0;          1935P   1444
126,5,5,0,0,1,0,0.0,0.0,0.0,0.0,0.0,0.0,3.427235886,3.427235886,    1937P   1445
3.427235886,3.427235886,3.427235886,3.427235886,1.0,1.0,1.0,1.0,    1937P   1446
1.0,1.0,11.38419958,-5.4,7.657142857,11.83314196,-5.36072263,       1937P   1447
7.490518641,12.28389426,-5.321286915,7.321014588,12.73586229,       1937P   1448
-5.281744836,7.149156025,13.18850806,-5.242143462,6.975392494,      1937P   1449
13.64162698,-5.202500694,6.8,0.0,3.427235886,0.0,0.0,0.0,0,0;       1937P   1450
110,13.64162698,-5.202500694,6.8,13.64162698,-5.202500694,2.8,0,    1939P   1451
0;                                                                  1939P   1452
110,13.64162698,-5.202500694,2.8,11.38419958,-5.4,2.8,0,0;          1941P   1453
102,4,1935,1937,1939,1941,0,0;                                      1943P   1454
142,0,1933,0,1943,2,0,0;                                            1945P   1455
144,1933,1,0,1945,0,0;                                              1947P   1456
108,0.0,0.0,1.0,2.8,0,0.0,-14.6,2.8,1.0,0,0;                        1949P   1457
110,11.38419958,-5.4,2.8,13.64162698,-5.202500694,2.8,0,0;          1951P   1458
124,0.934358012,0.356335664,0.0,0.0,-0.356335664,0.934358012,       1953P   1459
0.0,0.0,0.0,0.0,1.0,2.8,0,0;                                        1953P   1460
100,0.0,0.0,0.0,14.6,0.0,14.47810897,1.882647281,0,0;               1955P   1461
110,14.19859148,-3.4,2.8,12.13260071,-3.4,2.8,0,0;                  1957P   1462
124,0.9629048183,-0.2698412698,0.0,0.0,-0.2698412698,               1959P   1463
-0.9629048183,0.0,-5.329070518E-015,0.0,0.0,-1.0,2.8,0,0;           1959P   1464
100,0.0,0.0,0.0,12.6,0.0,12.41904348,2.127759149,0,0;               1961P   1465
102,4,1951,1955,1957,1961,0,0;                                      1963P   1466
142,0,1949,0,1963,2,0,0;                                            1965P   1467
144,1949,1,0,1965,0,0;                                              1967P   1468
110,0.0,0.0,7.7,0.0,0.0,6.7,0,0;                                    1969P   1469
110,11.38419958,5.4,7.657142857,13.19121538,6.257142857,6.8,0,0;    1971P   1470
120,1969,1971,0.0,0.8858220882,0,0;                                 1973P   1471
124,0.934358012,0.356335664,0.0,0.0,0.356335664,-0.934358012,       1975P   1472
0.0,0.0,0.0,0.0,-1.0,6.8,0,0;                                       1975P   1473
100,0.0,0.0,0.0,14.6,0.0,10.89232692,9.721996412,0,0;               1977P   1474
126,3,3,0,0,1,0,0.0,0.0,0.0,0.0,3.427235886,3.427235886,            1979P   1475
3.427235886,3.427235886,1.0,1.0,1.0,1.0,13.64162698,                1979P   1476
-5.202500694,6.8,12.88642879,-5.268571974,7.092320824,              1979P   1477
12.13243689,-5.334537717,7.379435831,11.38419958,-5.4,              1979P   1478
7.657142857,0.0,3.427235886,0.0,0.0,0.0,0,0;                        1979P   1479
124,0.9035079029,0.4285714286,0.0,0.0,-0.4285714286,                1981P   1480
0.9035079029,0.0,0.0,-7.049035077E-017,0.0,1.0,7.657142857,0,0;     1981P   1481
100,0.0,0.0,0.0,12.6,0.0,11.38419958,5.4,0,0;                       1983P   1482
124,1.0,0.0,0.0,0.0,0.0,1.0,0.0,0.0,0.0,0.0,1.0,7.657142857,0,0;    1985P   1483
100,0.0,0.0,0.0,12.6,0.0,11.38419958,5.4,0,0;                       1987P   1484
126,3,3,0,0,1,0,0.0,0.0,0.0,0.0,3.427235886,3.427235886,            1989P   1485
3.427235886,3.427235886,1.0,1.0,1.0,1.0,11.38419958,5.4,            1989P   1486
7.657142857,12.13243689,5.334537717,7.379435831,12.88642879,        1989P   1487
5.268571974,7.092320824,13.64162698,5.202500694,6.8,0.0,            1989P   1488
3.427235886,0.0,0.0,0.0,0,0;                                        1989P   1489
102,5,1977,1979,1983,1987,1989,0,0;                                 1991P   1490
142,0,1973,0,1991,2,0,0;                                            1993P   1491
144,1973,1,0,1993,0,0;                                              1995P   1492
108,1.0,0.0,0.0,-2.0,0,-2.0,0.0,0.0,1.0,0,0;                        1997P   1493
110,-2.0,-4.73341297,-6.346612723,-2.0,-9.888449404,                1999P   1494
-12.71459891,0,0;                                                   1999P   1495
124,0.0,0.0,-1.0,-2.0,0.7772452084,-0.6291978116,0.0,               2001P   1496
-10.27707201,-0.6291978116,-0.7772452084,0.0,-12.4,0,0;             2001P   1497
100,0.0,0.0,0.0,0.5,0.0,0.3145989058,0.3886226042,0,0;              2003P   1498
110,-2.0,-10.27707201,-12.9,-2.0,-13.96016587,-12.9,0,0;            2005P   1499
124,0.0,0.0,-1.0,-2.0,5.100844191E-010,-1.0,0.0,-13.96016587,       2007P   1500
-1.0,-5.100844191E-010,0.0,-12.4,0,0;                               2007P   1501
100,0.0,0.0,0.0,0.5,0.0,0.08639973875,0.4924785124,0,0;             2009P   1502
110,-2.0,-14.45264439,-12.48639974,-2.0,-16.29236364,-2.0,0,0;      2011P   1503
110,-2.0,-16.29236364,-2.0,-2.0,-8.877499648,-2.0,0,0;              2013P   1504
110,-2.0,-8.877499648,-2.0,-2.0,-8.877499648,-5.2,0,0;              2015P   1505
126,14,5,0,0,1,0,0.0,0.0,0.0,0.0,0.0,0.0,0.4020585531,              2017P   1506
0.4020585531,0.4020585531,0.8076104304,0.8076104304,                2017P   1507
0.8076104304,1.217880964,1.217880964,1.217880964,1.350475613,       2017P   1508
1.350475613,1.350475613,1.350475613,1.350475613,1.350475613,1.0,    2017P   1509
1.0,1.0,1.0,1.0,1.0,1.0,1.0,1.0,1.0,1.0,1.0,1.0,1.0,1.0,-2.0,       2017P   1510
-8.877499648,-5.2,-2.0,-8.877499648,-5.256859666,-2.0,              2017P   1511
-8.870595373,-5.313718916,-2.0,-8.85678512,-5.369461438,-2.0,       2017P   1512
-8.815806999,-5.476966114,-2.0,-8.750500679,-5.571733916,-2.0,      2017P   1513
-8.712142105,-5.615153083,-2.0,-8.62542226,-5.692547405,-2.0,       2017P   1514
-8.523123549,-5.747773418,-2.0,-8.468666902,-5.769387008,-2.0,      2017P   1515
-8.393993621,-5.789415606,-2.0,-8.317623827,-5.79791956,-2.0,       2017P   1516
-8.298860604,-5.799308,-2.0,-8.280107536,-5.8,-2.0,-8.261355821,    2017P   1517
-5.8,0.0,1.350475613,0.0,0.0,0.0,0,0;                               2017P   1518
110,-2.0,-8.261355821,-5.8,-2.0,-4.75,-5.8,0,0;                     2019P   1519
110,-2.0,-4.75,-5.8,-2.0,-4.75,-5.95,0,0;                           2021P   1520
124,0.0,0.0,1.0,-2.0,-1.0,-7.479397219E-016,0.0,                    2023P   1521
1.776356839E-015,7.479397219E-016,-1.0,0.0,-5.95,0,0;               2023P   1522
100,0.0,0.0,0.0,4.75,0.0,4.73341297,0.396612723,0,0;                2025P   1523
102,11,1999,2003,2005,2009,2011,2013,2015,2017,2019,2021,2025,0,    2027P   1524
0;                                                                  2027P   1525
142,0,1997,0,2027,2,0,0;                                            2029P   1526
144,1997,1,0,2029,0,0;                                              2031P   1527
110,-2.5,-13.96016587,-12.4,-1.5,-13.96016587,-12.4,0,0;            2033P   1528
124,0.0,1.0,0.0,-2.5,-0.9849570246,0.0,-0.172799478,                2035P   1529
-14.45264439,-0.172799478,0.0,0.9849570246,-12.48639974,0,0;        2035P   1530
100,0.0,0.0,0.0,0.5,0.0,3.522406999E-016,-0.5,0,0;                  2037P   1531
120,2033,2037,0.0,1.397125128,0,0;                                  2039P   1532
124,2.664535259E-015,0.0,1.0,-2.0,-0.9849570246,0.172799478,0.0,    2041P   1533
-13.96016587,-0.172799478,-0.9849570246,0.0,-12.4,0,0;              2041P   1534
100,0.0,0.0,0.0,0.5,0.0,0.08639973875,0.4924785124,0,0;             2043P   1535
124,1.0,3.552713677E-015,0.0,-2.5,5.100844191E-010,                 2045P   1536
3.663735981E-015,1.0,-13.96016587,3.552713679E-015,-1.0,            2045P   1537
3.663735981E-015,-12.9,0,0;                                         2045P   1538
100,0.0,0.0,0.0,0.5,0.0,-1.776356838E-015,0.5,0,0;                  2047P   1539
124,0.0,0.0,-1.0,-2.5,3.552713679E-015,-1.0,0.0,-13.96016587,       2049P   1540
-1.0,-3.552713679E-015,0.0,-12.4,0,0;                               2049P   1541
100,0.0,0.0,0.0,1.0,0.0,0.172799478,0.9849570246,0,0;               2051P   1542
124,0.0,1.0,0.0,-2.5,-0.9849570246,0.0,-0.172799478,                2053P   1543
-14.45264439,-0.172799478,0.0,0.9849570246,-12.48639974,0,0;        2053P   1544
100,0.0,0.0,0.0,0.5,0.0,-2.793277165E-015,0.5,0,0;                  2055P   1545
102,4,2043,2047,2051,2055,0,0;                                      2057P   1546
142,0,2039,0,2057,2,0,0;                                            2059P   1547
144,2039,1,0,2059,0,0;                                              2061P   1548
110,-2.5,-10.71476886,-12.9,-2.5,-9.714768861,-12.9,0,0;            2063P   1549
110,-2.0,-13.96016587,-12.9,-2.0,-10.27707201,-12.9,0,0;            2065P   1550
120,2063,2065,0.0,6.283185307,0,0;                                  2067P   1551
110,-2.0,-13.96016587,-12.9,-2.0,-10.27707201,-12.9,0,0;            2069P   1552
124,1.0,0.0,0.0,-2.5,0.0,0.0,1.0,-10.27707201,0.0,-1.0,0.0,         2071P   1553
-12.9,0,0;                                                          2071P   1554
100,0.0,0.0,0.0,0.5,0.0,0.0,0.5,0,0;                                2073P   1555
110,-2.5,-10.27707201,-13.4,-2.5,-13.96016587,-13.4,0,0;            2075P   1556
124,0.0,1.0,0.0,-2.5,3.552713679E-015,0.0,-1.0,-13.96016587,        2077P   1557
-1.0,0.0,0.0,-12.9,0,0;                                             2077P   1558
100,0.0,0.0,0.0,0.5,0.0,-1.776356838E-015,0.5,0,0;                  2079P   1559
102,4,2069,2073,2075,2079,0,0;                                      2081P   1560
142,0,2067,0,2081,2,0,0;                                            2083P   1561
144,2067,1,0,2083,0,0;                                              2085P   1562
110,-2.5,-10.27707201,-12.4,-1.5,-10.27707201,-12.4,0,0;            2087P   1563
124,0.0,1.0,0.0,-2.5,3.552713679E-015,0.0,-1.0,-10.27707201,        2089P   1564
-1.0,0.0,-3.552713679E-015,-12.9,0,0;                               2089P   1565
100,0.0,0.0,0.0,0.5,0.0,1.806973009E-015,0.5,0,0;                   2091P   1566
120,2087,2091,0.0,0.8902751021,0,0;                                 2093P   1567
124,-2.664535259E-015,0.0,1.0,-2.0,3.552713679E-015,1.0,0.0,        2095P   1568
-10.27707201,-1.0,3.552713679E-015,0.0,-12.4,0,0;                   2095P   1569
100,0.0,0.0,0.0,0.5,0.0,0.3145989058,0.3886226042,0,0;              2097P   1570
124,1.0,1.450354947E-013,0.0,-2.5,3.376601931E-007,0.7772448707,    2099P   1571
0.6291982287,-9.888449573,4.171098809E-007,-0.6291982287,           2099P   1572
0.7772448707,-12.71459911,0,0;                                      2099P   1573
100,0.0,0.0,0.0,0.5,0.0,-7.251774769E-014,0.5,0,0;                  2101P   1574
124,0.0,0.0,-1.0,-2.5,0.7772448707,-0.6291982287,0.0,               2103P   1575
-10.27707201,-0.6291982287,-0.7772448707,0.0,-12.4,0,0;             2103P   1576
100,0.0,0.0,0.0,1.0,0.0,0.6291982287,0.7772448707,0,0;              2105P   1577
124,0.0,1.0,0.0,-2.5,0.0,0.0,-1.0,-10.27707201,-1.0,0.0,            2107P   1578
-3.566591467E-015,-12.9,0,0;                                        2107P   1579
100,0.0,0.0,0.0,0.5,0.0,0.0,0.5,0,0;                                2109P   1580
102,4,2097,2101,2105,2109,0,0;                                      2111P   1581
142,0,2093,0,2111,2,0,0;                                            2113P   1582
144,2093,1,0,2113,0,0;                                              2115P   1583
110,-2.5,-7.242228731,-9.445738074,-2.5,-6.613030502,               2117P   1584
-8.668493203,0,0;                                                   2117P   1585
110,-2.0,-9.888449573,-12.71459911,-2.0,-4.73341297,                2119P   1586
-6.346612723,0,0;                                                   2119P   1587
120,2117,2119,0.0,6.283185307,0,0;                                  2121P   1588
126,5,5,0,0,1,0,0.0,0.0,0.0,0.0,0.0,0.0,1.317708811,1.317708811,    2123P   1589
1.317708811,1.317708811,1.317708811,1.317708811,1.0,1.0,1.0,1.0,    2123P   1590
1.0,1.0,-2.0,-4.73341297,-6.346612723,-2.0,-4.717853046,            2123P   1591
-6.532314147,-2.043835584,-4.694669773,-6.713302836,                2123P   1592
-2.125267975,-4.656949051,-6.898291153,-2.313647833,                2123P   1593
-4.629537722,-7.012958362,-2.5,-4.629537722,-7.012958362,0.0,       2123P   1594
1.317708811,0.0,0.0,0.0,0,0;                                        2123P   1595
110,-2.5,-4.629537722,-7.012958362,-2.5,-9.499827137,               2125P   1596
-13.02919823,0,0;                                                   2125P   1597
124,0.0,1.0,0.0,-2.5,0.7772448707,0.0,-0.6291982287,                2127P   1598
-9.888449573,-0.6291982287,0.0,-0.7772448707,-12.71459911,0,0;      2127P   1599
100,0.0,0.0,0.0,0.5,0.0,-7.613377222E-014,0.5,0,0;                  2129P   1600
110,-2.0,-9.888449404,-12.71459891,-2.0,-4.73341297,                2131P   1601
-6.346612723,0,0;                                                   2131P   1602
102,4,2123,2125,2129,2131,0,0;                                      2133P   1603
142,0,2121,0,2133,2,0,0;                                            2135P   1604
144,2121,1,0,2135,0,0;                                              2137P   1605
110,-2.5,-15.29236364,-7.7,-2.5,-15.11956416,-8.684957025,0,0;      2139P   1606
110,-2.0,-16.30756345,-1.913361065,-2.0,-14.45264439,               2141P   1607
-12.48639974,0,0;                                                   2141P   1608
120,2139,2141,0.0,6.283185307,0,0;                                  2143P   1609
126,4,4,0,0,1,0,0.0,0.0,0.0,0.0,0.0,1.119155513,1.119155513,        2145P   1610
1.119155513,1.119155513,1.119155513,1.0,1.0,1.0,1.0,1.0,-2.5,       2145P   1611
-16.8,-2.0,-2.302159387,-16.8,-2.0,-2.102198107,-16.69098938,       2145P   1612
-2.000000076,-2.0,-16.49020425,-2.0,-2.0,-16.29236364,-2.0,0.0,     2145P   1613
1.119155513,0.0,0.0,0.0,0,0;                                        2145P   1614
110,-2.0,-16.29236364,-2.0,-2.0,-14.45264439,-12.48639974,0,0;      2147P   1615
124,1.0,-1.411986259E-015,0.0,-2.5,3.552713679E-015,                2149P   1616
-0.9849570246,0.172799478,-14.45264439,-2.842170943E-014,           2149P   1617
-0.172799478,-0.9849570246,-12.48639974,0,0;                        2149P   1618
100,0.0,0.0,0.0,0.5,0.0,7.059931296E-016,0.5,0,0;                   2151P   1619
110,-2.5,-14.9451229,-12.57279948,-2.5,-16.8,-2.0,0,0;              2153P   1620
102,4,2145,2147,2151,2153,0,0;                                      2155P   1621
142,0,2143,0,2155,2,0,0;                                            2157P   1622
144,2143,1,0,2157,0,0;                                              2159P   1623
108,1.0,0.0,0.0,-4.0,0,-4.0,0.0,0.0,1.0,0,0;                        2161P   1624
124,0.0,0.0,-1.0,-4.0,-0.9965079938,-0.08349741537,0.0,             2163P   1625
1.776356839E-015,-0.08349741537,0.9965079938,0.0,-5.95,0,0;         2163P   1626
100,0.0,0.0,0.0,4.75,0.0,4.73341297,0.396612723,0,0;                2165P   1627
110,-4.0,-4.75,-5.95,-4.0,-4.75,-5.8,0,0;                           2167P   1628
110,-4.0,-4.75,-5.8,-4.0,-7.5,-5.8,0,0;                             2169P   1629
126,11,5,0,0,1,0,0.0,0.0,0.0,0.0,0.0,0.0,0.5917870664,              2171P   1630
0.5917870664,0.5917870664,1.010452167,1.010452167,1.010452167,      2171P   1631
1.414511457,1.414511457,1.414511457,1.414511457,1.414511457,        2171P   1632
1.414511457,1.0,1.0,1.0,1.0,1.0,1.0,1.0,1.0,1.0,1.0,1.0,1.0,        2171P   1633
-4.0,-7.5,-5.8,-4.0,-7.58369133,-5.8,-4.0,-7.66748277,              2171P   1634
-5.788639286,-4.0,-7.749415246,-5.765712686,-4.0,-7.881858634,      2171P   1635
-5.706577108,-4.0,-7.993496287,-5.615346151,-4.0,-8.035192228,      2171P   1636
-5.572281404,-4.0,-8.105899031,-5.478398917,-4.0,-8.151015159,      2171P   1637
-5.370078192,-4.0,-8.166164883,-5.314284735,-4.0,-8.173738435,      2171P   1638
-5.257142613,-4.0,-8.173738435,-5.2,0.0,1.414511457,0.0,0.0,0.0,    2171P   1639
0,0;                                                                2171P   1640
110,-4.0,-8.173738435,-5.2,-4.0,-8.173738435,-2.0,0,0;              2173P   1641
110,-4.0,-8.173738435,-2.0,-4.0,-16.29236364,-2.0,0,0;              2175P   1642
110,-4.0,-16.29236364,-2.0,-4.0,-14.45264439,-12.48639974,0,0;      2177P   1643
124,0.0,0.0,1.0,-4.0,-0.9849570246,0.172799478,0.0,-13.96016587,    2179P   1644
-0.172799478,-0.9849570246,0.0,-12.4,0,0;                           2179P   1645
100,0.0,0.0,0.0,0.5,0.0,0.0863998662,0.49247849,0,0;                2181P   1646
110,-4.0,-13.960166,-12.9,-4.0,-10.27707201,-12.9,0,0;              2183P   1647
124,0.0,0.0,1.0,-4.0,-3.552713679E-015,1.0,0.0,-10.27707201,        2185P   1648
-1.0,-3.552713679E-015,0.0,-12.4,0,0;                               2185P   1649
100,0.0,0.0,0.0,0.5,0.0,0.3145993791,0.388622221,0,0;               2187P   1650
110,-4.0,-9.888449787,-12.71459938,-4.0,-4.73341297,                2189P   1651
-6.346612723,0,0;                                                   2189P   1652
102,11,2165,2167,2169,2171,2173,2175,2177,2181,2183,2187,2189,0,    2191P   1653
0;                                                                  2191P   1654
142,0,2161,0,2191,2,0,0;                                            2193P   1655
144,2161,1,0,2193,0,0;                                              2195P   1656
108,0.0,0.9849570246,0.172799478,-16.89287697,0,-2.0,-16.8,-2.0,    2197P   1657
1.0,0,0;                                                            2197P   1658
110,-3.5,-16.8,-2.0,-2.5,-16.8,-2.0,0,0;                            2199P   1659
110,-2.5,-16.8,-2.0,-2.5,-14.9451229,-12.57279948,0,0;              2201P   1660
110,-2.5,-14.9451229,-12.57279948,-3.5,-14.9451229,-12.57279948,    2203P   1661
0,0;                                                                2203P   1662
110,-3.5,-14.9451229,-12.57279948,-3.5,-16.8,-2.0,0,0;              2205P   1663
102,4,2199,2201,2203,2205,0,0;                                      2207P   1664
142,0,2197,0,2207,2,0,0;                                            2209P   1665
144,2197,1,0,2209,0,0;                                              2211P   1666
110,-3.0,-13.96016587,-12.4,-2.0,-13.96016587,-12.4,0,0;            2213P   1667
110,-3.5,-14.9451229,-12.57279948,-2.5,-14.9451229,-12.57279948,    2215P   1668
0,0;                                                                2215P   1669
120,2213,2215,0.0,6.283185307,0,0;                                  2217P   1670
124,0.0,0.0,-1.0,-3.5,1.776356839E-015,-1.0,0.0,-13.96016587,       2219P   1671
-1.0,-1.776356839E-015,0.0,-12.4,0,0;                               2219P   1672
100,0.0,0.0,0.0,1.0,0.0,0.172799478,0.9849570246,0,0;               2221P   1673
110,-3.5,-14.9451229,-12.57279948,-2.5,-14.9451229,-12.57279948,    2223P   1674
0,0;                                                                2223P   1675
124,0.0,0.0,1.0,-2.5,-0.9849570246,0.172799478,0.0,-13.96016587,    2225P   1676
-0.172799478,-0.9849570246,0.0,-12.4,0,0;                           2225P   1677
100,0.0,0.0,0.0,1.0,0.0,0.172799478,0.9849570246,0,0;               2227P   1678
110,-2.5,-13.96016587,-13.4,-3.5,-13.96016587,-13.4,0,0;            2229P   1679
102,4,2221,2223,2227,2229,0,0;                                      2231P   1680
142,0,2217,0,2231,2,0,0;                                            2233P   1681
144,2217,1,0,2233,0,0;                                              2235P   1682
108,0.0,0.0,1.0,-13.4,0,-2.0,-13.96016587,-13.4,1.0,0,0;            2237P   1683
110,-3.5,-13.96016587,-13.4,-2.5,-13.96016587,-13.4,0,0;            2239P   1684
110,-2.5,-13.96016587,-13.4,-2.5,-10.27707201,-13.4,0,0;            2241P   1685
110,-2.5,-10.27707201,-13.4,-3.5,-10.27707201,-13.4,0,0;            2243P   1686
110,-3.5,-10.27707201,-13.4,-3.5,-13.96016587,-13.4,0,0;            2245P   1687
102,4,2239,2241,2243,2245,0,0;                                      2247P   1688
142,0,2237,0,2247,2,0,0;                                            2249P   1689
144,2237,1,0,2249,0,0;                                              2251P   1690
110,-3.0,-10.27707201,-12.4,-2.0,-10.27707201,-12.4,0,0;            2253P   1691
110,-3.5,-10.27707201,-13.4,-2.5,-10.27707201,-13.4,0,0;            2255P   1692
120,2253,2255,0.0,6.283185307,0,0;                                  2257P   1693
124,0.0,0.0,-1.0,-3.5,0.7772448707,-0.6291982287,0.0,               2259P   1694
-10.27707201,-0.6291982287,-0.7772448707,0.0,-12.4,0,0;             2259P   1695
100,0.0,0.0,0.0,1.0,0.0,0.6291982287,0.7772448707,0,0;              2261P   1696
110,-3.5,-10.27707201,-13.4,-2.5,-10.27707201,-13.4,0,0;            2263P   1697
124,0.0,0.0,1.0,-2.5,0.0,1.0,0.0,-10.27707201,-1.0,0.0,0.0,         2265P   1698
-12.4,0,0;                                                          2265P   1699
100,0.0,0.0,0.0,1.0,0.0,0.6291982287,0.7772448707,0,0;              2267P   1700
110,-2.5,-9.499827137,-13.02919823,-3.5,-9.499827137,               2269P   1701
-13.02919823,0,0;                                                   2269P   1702
102,4,2261,2263,2267,2269,0,0;                                      2271P   1703
142,0,2257,0,2271,2,0,0;                                            2273P   1704
144,2257,1,0,2273,0,0;                                              2275P   1705
108,0.0,-0.7772448707,0.6291982287,-0.8142565312,0,-2.0,            2277P   1706
-9.499827137,-13.02919823,1.0,0,0;                                  2277P   1707
110,-3.5,-9.499827137,-13.02919823,-2.5,-9.499827137,               2279P   1708
-13.02919823,0,0;                                                   2279P   1709
110,-2.5,-9.499827137,-13.02919823,-2.5,-4.629537722,               2281P   1710
-7.012958362,0,0;                                                   2281P   1711
110,-2.5,-4.629537722,-7.012958362,-3.5,-4.629537722,               2283P   1712
-7.012958362,0,0;                                                   2283P   1713
110,-3.5,-4.629537722,-7.012958362,-3.5,-9.499827137,               2285P   1714
-13.02919823,0,0;                                                   2285P   1715
102,4,2279,2281,2283,2285,0,0;                                      2287P   1716
142,0,2277,0,2287,2,0,0;                                            2289P   1717
144,2277,1,0,2289,0,0;                                              2291P   1718
110,-3.5,-13.96016587,-12.4,-2.5,-13.96016587,-12.4,0,0;            2293P   1719
124,-1.0,7.044874666E-016,6.139070692E-016,-3.5,                    2295P   1720
-3.552713679E-015,-0.9849570246,-0.172799478,-14.45264439,0.0,      2295P   1721
-0.172799478,0.9849570246,-12.48639974,0,0;                         2295P   1722
100,0.0,0.0,0.0,0.5,0.0,1.24041912E-015,-0.5,0,0;                   2297P   1723
120,2293,2297,0.0,1.39712487,0,0;                                   2299P   1724
124,-4.440892099E-016,0.0,1.0,-3.5,-0.9849570246,0.172799478,       2301P   1725
0.0,-13.96016587,-0.172799478,-0.9849570246,0.0,-12.4,0,0;          2301P   1726
100,0.0,0.0,0.0,1.0,0.0,0.172799478,0.9849570246,0,0;               2303P   1727
124,0.0,-1.0,0.0,-3.5,2.582680523E-007,0.0,1.0,-13.960166,-1.0,     2305P   1728
0.0,-2.582680449E-007,-12.9,0,0;                                    2305P   1729
100,0.0,0.0,0.0,0.5,0.0,0.0,0.5,0,0;                                2307P   1730
124,-8.881784197E-016,0.0,-1.0,-4.0,-2.582680452E-007,-1.0,0.0,     2309P   1731
-13.96016587,-1.0,2.582680452E-007,0.0,-12.4,0,0;                   2309P   1732
100,0.0,0.0,0.0,0.5,0.0,0.0863998662,0.49247849,0,0;                2311P   1733
124,-1.0,-1.663688158E-014,0.0,-3.5,1.065814104E-014,               2313P   1734
-0.9849570246,-0.172799478,-14.45264439,3.552713679E-014,           2313P   1735
-0.172799478,0.9849570246,-12.48639974,0,0;                         2313P   1736
100,0.0,0.0,0.0,0.5,0.0,-8.318440788E-015,0.5,0,0;                  2315P   1737
102,4,2303,2307,2311,2315,0,0;                                      2317P   1738
142,0,2299,0,2317,2,0,0;                                            2319P   1739
144,2299,1,0,2319,0,0;                                              2321P   1740
110,-3.5,-10.71476886,-12.9,-3.5,-11.71476886,-12.9,0,0;            2323P   1741
110,-4.0,-10.27707201,-12.9,-4.0,-13.96016587,-12.9,0,0;            2325P   1742
120,2323,2325,0.0,6.283185307,0,0;                                  2327P   1743
110,-3.5,-13.96016587,-13.4,-3.5,-10.27707201,-13.4,0,0;            2329P   1744
124,0.0,-1.0,0.0,-3.5,3.552713679E-015,0.0,1.0,-10.27707201,        2331P   1745
-1.0,0.0,0.0,-12.9,0,0;                                             2331P   1746
100,0.0,0.0,0.0,0.5,0.0,0.0,0.5,0,0;                                2333P   1747
110,-4.0,-10.27707201,-12.9,-4.0,-13.960166,-12.9,0,0;              2335P   1748
124,-1.0,-3.552713679E-014,0.0,-3.5,-2.582680487E-007,0.0,-1.0,     2337P   1749
-13.96016587,3.552713679E-014,-1.0,0.0,-12.9,0,0;                   2337P   1750
100,0.0,0.0,0.0,0.5,0.0,-1.776356885E-014,0.5,0,0;                  2339P   1751
102,4,2329,2333,2335,2339,0,0;                                      2341P   1752
142,0,2327,0,2341,2,0,0;                                            2343P   1753
144,2327,1,0,2343,0,0;                                              2345P   1754
110,-3.5,-10.27707201,-12.4,-2.5,-10.27707201,-12.4,0,0;            2347P   1755
124,-1.0,-1.836909531E-016,-3.796393106E-029,-3.5,0.0,              2349P   1756
1.068589661E-014,-1.0,-10.27707201,3.552713679E-015,-1.0,           2349P   1757
-1.068589661E-014,-12.9,0,0;                                        2349P   1758
100,0.0,0.0,0.0,0.5,0.0,-1.745740669E-015,0.5,0,0;                  2351P   1759
120,2347,2351,0.0,0.8902744209,0,0;                                 2353P   1760
124,0.0,0.0,1.0,-3.5,3.552713679E-015,1.0,0.0,-10.27707201,-1.0,    2355P   1761
3.552713679E-015,0.0,-12.4,0,0;                                     2355P   1762
100,0.0,0.0,0.0,1.0,0.0,0.6291982287,0.7772448707,0,0;              2357P   1763
124,0.0,-1.0,0.0,-3.5,0.7772452994,0.0,0.6291987582,                2359P   1764
-9.888449787,-0.6291976992,0.0,0.7772444421,-12.71459938,0,0;       2359P   1765
100,0.0,0.0,0.0,0.5,0.0,0.0,0.5,0,0;                                2361P   1766
124,5.329070518E-015,0.0,-1.0,-4.0,0.7772444421,-0.6291987582,      2363P   1767
0.0,-10.27707201,-0.6291987582,-0.7772444421,0.0,-12.4,0,0;         2363P   1768
100,0.0,0.0,0.0,0.5,0.0,0.3145993791,0.388622221,0,0;               2365P   1769
124,-1.0,-3.552713679E-015,0.0,-3.5,-7.105427358E-015,              2367P   1770
1.068589661E-014,-1.0,-10.27707201,3.552713679E-015,-1.0,           2367P   1771
-1.068589661E-014,-12.9,0,0;                                        2367P   1772
100,0.0,0.0,0.0,0.5,0.0,-1.776356839E-015,0.5,0,0;                  2369P   1773
102,4,2357,2361,2365,2369,0,0;                                      2371P   1774
142,0,2353,0,2371,2,0,0;                                            2373P   1775
144,2353,1,0,2373,0,0;                                              2375P   1776
110,-3.5,-7.242228731,-9.445738074,-3.5,-7.871426959,               2377P   1777
-10.22298294,0,0;                                                   2377P   1778
110,-4.0,-4.73341297,-6.346612723,-4.0,-9.888449573,                2379P   1779
-12.71459911,0,0;                                                   2379P   1780
120,2377,2379,0.0,6.283185307,0,0;                                  2381P   1781
126,5,5,0,0,1,0,0.0,0.0,0.0,0.0,0.0,0.0,1.317708811,1.317708811,    2383P   1782
1.317708811,1.317708811,1.317708811,1.317708811,1.0,1.0,1.0,1.0,    2383P   1783
1.0,1.0,-3.5,-4.629537722,-7.012958362,-3.686352167,                2383P   1784
-4.629537722,-7.012958362,-3.874732025,-4.656949051,                2383P   1785
-6.898291153,-3.956164416,-4.694669773,-6.713302836,-4.0,           2383P   1786
-4.717853046,-6.532314147,-4.0,-4.73341297,-6.346612723,0.0,        2383P   1787
1.317708811,0.0,0.0,0.0,0,0;                                        2383P   1788
110,-4.0,-4.73341297,-6.346612723,-4.0,-9.888449787,                2385P   1789
-12.71459938,0,0;                                                   2385P   1790
124,-1.0,-2.326090516E-013,0.0,-3.5,-4.286502424E-007,              2387P   1791
0.7772448707,-0.6291982287,-9.888449573,-5.295087533E-007,          2387P   1792
-0.6291982287,-0.7772448707,-12.71459911,0,0;                       2387P   1793
100,0.0,0.0,0.0,0.5,0.0,-1.163045242E-013,0.5,0,0;                  2389P   1794
110,-3.5,-9.499827137,-13.02919823,-3.5,-4.629537722,               2391P   1795
-7.012958362,0,0;                                                   2391P   1796
102,4,2383,2385,2389,2391,0,0;                                      2393P   1797
142,0,2381,0,2393,2,0,0;                                            2395P   1798
144,2381,1,0,2395,0,0;                                              2397P   1799
110,-3.5,-15.29236364,-7.7,-3.5,-15.11956416,-8.684957025,0,0;      2399P   1800
110,-3.5,-16.80004196,-1.999760804,-3.5,-14.9451229,                2401P   1801
-12.57279948,0,0;                                                   2401P   1802
120,2399,2401,0.0,6.283185307,0,0;                                  2403P   1803
126,4,4,0,0,1,0,0.0,0.0,0.0,0.0,0.0,1.119155513,1.119155513,        2405P   1804
1.119155513,1.119155513,1.119155513,1.0,1.0,1.0,1.0,1.0,-4.0,       2405P   1805
-16.29236364,-2.0,-4.0,-16.49020425,-2.0,-3.897801893,              2405P   1806
-16.69098938,-2.000000076,-3.697840613,-16.8,-2.0,-3.5,-16.8,       2405P   1807
-2.0,0.0,1.119155513,0.0,0.0,0.0,0,0;                               2405P   1808
110,-3.5,-16.8,-2.0,-3.5,-14.9451229,-12.57279948,0,0;              2407P   1809
124,0.0,-1.0,0.0,-3.5,-0.9849570246,0.0,0.172799478,                2409P   1810
-14.45264439,-0.172799478,0.0,-0.9849570246,-12.48639974,0,0;       2409P   1811
100,0.0,0.0,0.0,0.5,0.0,-1.749635147E-015,0.5,0,0;                  2411P   1812
110,-4.0,-14.45264439,-12.48639974,-4.0,-16.29236364,-2.0,0,0;      2413P   1813
102,4,2405,2407,2411,2413,0,0;                                      2415P   1814
142,0,2403,0,2415,2,0,0;                                            2417P   1815
144,2403,1,0,2417,0,0;                                              2419P   1816
110,3.0,-9.2,0.6600001909,3.0,-9.2,1.660000191,0,0;                 2421P   1817
110,6.6,-9.2,-11.5,6.6,-9.2,-2.0,0,0;                               2423P   1818
120,2421,2423,0.0,6.283185307,0,0;                                  2425P   1819
124,-1.0,0.0,0.0,3.0,0.0,1.0,0.0,-9.2,0.0,0.0,-1.0,-11.5,0,0;       2427P   1820
100,0.0,0.0,0.0,3.6,0.0,-3.6,0.0,0,0;                               2429P   1821
110,6.6,-9.2,-11.5,6.6,-9.2,-2.0,0,0;                               2431P   1822
124,1.0,0.0,0.0,3.0,0.0,1.0,0.0,-9.2,0.0,0.0,1.0,-2.0,0,0;          2433P   1823
100,0.0,0.0,0.0,3.6,0.0,2.773135043,2.295587514,0,0;                2435P   1824
110,5.773135043,-6.904412486,-2.0,5.773135043,-6.904412486,-5.2,    2437P   1825
0,0;                                                                2437P   1826
126,4,4,0,0,1,0,0.0,0.0,0.0,0.0,0.0,1.336378914,1.336378914,        2439P   1827
1.336378914,1.336378914,1.336378914,1.0,1.0,1.0,1.0,1.0,            2439P   1828
5.773135043,-6.904412486,-5.2,5.773135043,-6.904412486,             2439P   1829
-5.436240648,5.695766252,-6.804458508,-5.676157682,5.530693053,     2439P   1830
-6.628735269,-5.8,5.351832788,-6.474402352,-5.8,0.0,1.336378914,    2439P   1831
0.0,0.0,0.0,0,0;                                                    2439P   1832
124,0.6532868854,-0.7571104578,0.0,3.0,0.7571104578,                2441P   1833
0.6532868854,0.0,-9.2,0.0,0.0,1.0,-5.8,0,0;                         2441P   1834
100,0.0,0.0,0.0,3.6,0.0,-1.762388001,3.139106328,0,0;               2443P   1835
126,4,4,0,0,1,0,0.0,0.0,0.0,0.0,0.0,1.334852332,1.334852332,        2445P   1836
1.334852332,1.334852332,1.334852332,1.0,1.0,1.0,1.0,1.0,            2445P   1837
-0.5279951965,-8.48358539,-5.8,-0.5749543402,-8.714836444,-5.8,     2445P   1838
-0.5979287889,-8.954207507,-5.675375453,-0.5980104179,              2445P   1839
-9.080329484,-5.435970784,-0.5980104179,-9.080329484,-5.2,0.0,      2445P   1840
1.334852332,0.0,0.0,0.0,0,0;                                        2445P   1841
110,-0.5980104179,-9.080329484,-5.2,-0.5980104179,-9.080329484,     2447P   1842
-2.0,0,0;                                                           2447P   1843
124,-0.9994473383,-0.03324180997,0.0,3.0,0.03324180997,             2449P   1844
-0.9994473383,0.0,-9.2,7.401486831E-016,0.0,1.0,-2.0,0,0;           2449P   1845
100,0.0,0.0,0.0,3.6,0.0,3.598010418,0.1196705159,0,0;               2451P   1846
110,-0.6,-9.2,-2.0,-0.6,-9.2,-11.5,0,0;                             2453P   1847
102,10,2429,2431,2435,2437,2439,2443,2445,2447,2451,2453,0,0;       2455P   1848
142,0,2425,0,2455,2,0,0;                                            2457P   1849
144,2425,1,0,2457,0,0;                                              2459P   1850
110,3.0,-9.2,0.6600001909,3.0,-9.2,1.660000191,0,0;                 2461P   1851
110,-0.6,-9.2,-11.5,-0.6,-9.2,-2.0,0,0;                             2463P   1852
120,2461,2463,0.0,6.283185307,0,0;                                  2465P   1853
124,1.0,0.0,0.0,3.0,0.0,-1.0,0.0,-9.2,0.0,0.0,-1.0,-11.5,0,0;       2467P   1854
100,0.0,0.0,0.0,3.6,0.0,-3.6,0.0,0,0;                               2469P   1855
110,-0.6,-9.2,-11.5,-0.6,-9.2,-2.0,0,0;                             2471P   1856
124,-1.0,0.0,0.0,3.0,0.0,-1.0,0.0,-9.2,0.0,0.0,1.0,-2.0,0,0;        2473P   1857
100,0.0,0.0,0.0,3.6,0.0,-3.6,0.0,0,0;                               2475P   1858
110,6.6,-9.2,-2.0,6.6,-9.2,-11.5,0,0;                               2477P   1859
102,4,2469,2471,2475,2477,0,0;                                      2479P   1860
142,0,2465,0,2479,2,0,0;                                            2481P   1861
144,2465,1,0,2481,0,0;                                              2483P   1862
110,3.0,-9.2,-11.5,3.0,-9.2,-10.5,0,0;                              2485P   1863
124,-8.881784197E-016,-1.0,1.799211891E-010,-0.1,0.0,               2487P   1864
1.799211891E-010,1.0,-9.199999999,-1.0,-1.836909531E-016,           2487P   1865
-1.598021174E-025,-11.5,0,0;                                        2487P   1866
100,0.0,0.0,0.0,0.5,0.0,4.747053798E-016,0.5,0,0;                   2489P   1867
120,2485,2489,0.0,3.141592654,0,0;                                  2491P   1868
124,-1.0,-1.001667884E-013,0.0,3.0,1.001667884E-013,-1.0,0.0,       2493P   1869
-9.2,0.0,0.0,1.0,-11.5,0,0;                                         2493P   1870
100,0.0,0.0,0.0,3.6,0.0,-3.6,-7.212008768E-013,0,0;                 2495P   1871
124,1.0,0.0,-1.139643935E-013,6.1,1.421085472E-014,0.0,1.0,-9.2,    2497P   1872
0.0,-1.0,0.0,-11.5,0,0;                                             2497P   1873
100,0.0,0.0,0.0,0.5,0.0,2.939870569E-013,0.5,0,0;                   2499P   1874
124,1.0,1.151766854E-013,0.0,3.0,1.151766854E-013,-1.0,0.0,-9.2,    2501P   1875
0.0,0.0,-1.0,-12.0,0,0;                                             2501P   1876
100,0.0,0.0,0.0,3.1,0.0,-3.1,-5.473238698E-007,0,0;                 2503P   1877
124,5.364597655E-013,-1.0,1.799211891E-010,-0.1,                    2505P   1878
1.093531512E-006,1.799211891E-010,1.0,-9.199999999,-1.0,            2505P   1879
-5.36263016E-013,0.0,-11.5,0,0;                                     2505P   1880
100,0.0,0.0,0.0,0.5,0.0,-2.688394127E-013,0.5,0,0;                  2507P   1881
102,4,2495,2499,2503,2507,0,0;                                      2509P   1882
142,0,2491,0,2509,2,0,0;                                            2511P   1883
144,2491,1,0,2511,0,0;                                              2513P   1884
110,3.0,-9.2,-11.5,3.0,-9.2,-10.5,0,0;                              2515P   1885
124,0.0,1.0,0.0,6.1,0.0,0.0,-1.0,-9.2,-1.0,-1.836909531E-016,       2517P   1886
0.0,-11.5,0,0;                                                      2517P   1887
100,0.0,0.0,0.0,0.5,0.0,3.061616998E-017,0.5,0,0;                   2519P   1888
120,2515,2519,0.0,3.141592477,0,0;                                  2521P   1889
124,1.0,0.0,0.0,3.0,0.0,1.0,0.0,-9.2,0.0,0.0,1.0,-11.5,0,0;         2523P   1890
100,0.0,0.0,0.0,3.6,0.0,-3.6,0.0,0,0;                               2525P   1891
124,-1.0,0.0,-1.765558552E-007,-0.1,-1.094646301E-006,0.0,-1.0,     2527P   1892
-9.199999453,0.0,-1.0,0.0,-11.5,0,0;                                2527P   1893
100,0.0,0.0,0.0,0.5,0.0,2.930988591E-014,0.5,0,0;                   2529P   1894
124,-1.0,1.765558555E-007,0.0,3.0,1.765558555E-007,1.0,0.0,-9.2,    2531P   1895
0.0,0.0,-1.0,-12.0,0,0;                                             2531P   1896
100,0.0,0.0,0.0,3.1,0.0,-3.1,5.473231486E-007,0,0;                  2533P   1897
124,3.392841563E-013,1.0,0.0,6.1,-7.105427358E-015,0.0,-1.0,        2535P   1898
-9.2,-1.0,3.392841563E-013,0.0,-11.5,0,0;                           2535P   1899
100,0.0,0.0,0.0,0.5,0.0,1.696420782E-013,0.5,0,0;                   2537P   1900
102,4,2525,2529,2533,2537,0,0;                                      2539P   1901
142,0,2521,0,2539,2,0,0;                                            2541P   1902
144,2521,1,0,2541,0,0;                                              2543P   1903
110,5.935898385,-5.4,-5.84,5.935898385,-5.4,-4.84,0,0;              2545P   1904
110,5.935898385,-3.4,-9.201502086,5.935898385,-3.4,-5.8,0,0;        2547P   1905
120,2545,2547,0.0,6.283185307,0,0;                                  2549P   1906
126,3,3,0,0,1,0,0.7585851548,0.7585851548,0.7585851548,             2551P   1907
0.7585851548,1.559629677,1.559629677,1.559629677,1.559629677,       2551P   1908
1.0,1.0,1.0,1.0,5.41235357,-3.469740736,-9.193978919,               2551P   1909
5.236877808,-3.517335081,-9.143072288,5.075634292,-3.587272629,     2551P   1910
-9.066102923,4.935898385,-3.667949192,-8.968053797,0.7585851548,    2551P   1911
1.559629677,0.0,0.0,0.0,0,0;                                        2551P   1912
110,4.935898385,-3.667949192,-8.968053797,4.935898385,              2553P   1913
-3.667949192,-5.8,0,0;                                              2553P   1914
124,-0.5,0.8660254038,0.0,5.935898385,0.8660254038,0.5,0.0,-5.4,    2555P   1915
0.0,0.0,-1.0,-5.8,0,0;                                              2555P   1916
100,0.0,0.0,0.0,2.0,0.0,1.732050808,1.0,0,0;                        2557P   1917
110,5.935898385,-3.4,-5.8,5.935898385,-3.4,-9.129015503,0,0;        2559P   1918
126,3,3,0,0,1,0,4.252339788,4.252339788,4.252339788,4.252339788,    2561P   1919
4.574560261,4.574560261,4.574560261,4.574560261,1.0,1.0,1.0,1.0,    2561P   1920
5.935898382,-3.4,-9.129015493,5.870171512,-3.4,-9.144283901,        2561P   1921
5.80444453,-3.403242221,-9.159552339,5.73902385,-3.409713484,       2561P   1922
-9.174749623,4.252339788,4.574560261,0.0,0.0,0.0,0,0;               2561P   1923
126,3,3,0,0,1,0,0.0,0.0,0.0,0.0,0.645774851,0.645774851,            2563P   1924
0.645774851,0.645774851,1.0,1.0,1.0,1.0,5.739023893,                2563P   1925
-3.409713479,-9.174749636,5.630755025,-3.420423183,-9.199900659,    2563P   1926
5.519946754,-3.440558204,-9.20606603,5.41235357,-3.469740736,       2563P   1927
-9.193978919,0.0,0.645774851,0.0,0.0,0.0,0,0;                       2563P   1928
102,6,2551,2553,2557,2559,2561,2563,0,0;                            2565P   1929
142,0,2549,0,2565,2,0,0;                                            2567P   1930
144,2549,1,0,2567,0,0;                                              2569P   1931
128,5,5,5,5,0,0,1,0,0,4.252339862,4.252339862,4.252339862,          2571P   1932
4.252339862,4.252339862,4.252339862,4.574560261,4.574560261,        2571P   1933
4.574560261,4.574560261,4.574560261,4.574560261,0.0,0.0,0.0,0.0,    2571P   1934
0.0,0.0,0.0889382778,0.0889382778,0.0889382778,0.0889382778,        2571P   1935
0.0889382778,0.0889382778,1.0,1.0,1.0,1.0,1.0,1.0,1.0,1.0,1.0,      2571P   1936
1.0,1.0,1.0,1.0,1.0,1.0,1.0,1.0,1.0,1.0,1.0,1.0,1.0,1.0,1.0,1.0,    2571P   1937
1.0,1.0,1.0,1.0,1.0,1.0,1.0,1.0,1.0,1.0,1.0,6.027254556,            2571P   1938
-2.899999957,-9.620598711,5.977959421,-2.899999939,-9.629759754,    2571P   1939
5.928664226,-2.901214923,-9.638920808,5.879407287,-2.903644917,     2571P   1940
-9.648074752,5.830226941,-2.907288282,-9.657214462,5.781161437,     2571P   1941
-2.912141715,-9.66633283,6.027254551,-2.927940742,-9.620598712,     2571P   1942
5.97849196,-2.92787664,-9.629660786,5.929726256,-2.929014414,       2571P   1943
-9.638723439,5.880995385,-2.931354272,-9.647779619,5.83233733,      2571P   1944
-2.934894782,-9.656822266,5.783790004,-2.939632861,-9.665844335,    2571P   1945
6.026897942,-2.955881527,-9.618679848,5.978669531,-2.955753342,     2571P   1946
-9.627651756,5.930434949,-2.956813906,-9.636624785,5.882231771,     2571P   1947
-2.959063626,-9.645591945,5.834097626,-2.962501282,-9.654546236,    2571P   1948
5.786070087,-2.967124008,-9.663480669,6.026184725,-2.983640533,     2571P   1949
-9.614842089,5.978488665,-2.983449515,-9.623733277,5.930783431,     2571P   1950
-2.984434199,-9.632626091,5.883106227,-2.986595185,-9.641513598,    2571P   1951
5.835494328,-2.98993146,-9.65038885,5.78798497,-2.994440373,        2571P   1952
-9.659244907,6.025119568,-3.011036002,-9.609110561,5.977950523,     2571P   1953
-3.010784652,-9.617930888,5.930769417,-3.011696113,-9.626753302,    2571P   1954
5.883613083,-3.013771172,-9.635570917,5.836518445,-3.017009014,     2571P   1955
-9.644376831,5.789522401,-3.021407196,-9.653164149,6.023711638,     2571P   1956
-3.037893213,-9.601534585,5.977060858,-3.037585203,-9.610294079,    2571P   1957
5.930395301,-3.038427344,-9.619056069,5.883751435,-3.040420601,     2571P   1958
-9.627813709,5.837165833,-3.043564344,-9.636560137,5.79067506,      2571P   1959
-3.047856327,-9.645288494,4.252339862,4.574560261,0.0,              2571P   1960
0.0889382778,0,0;                                                   2571P   1961
126,3,3,0,0,1,0,0.0,0.0,0.0,0.0,0.0889382778,0.0889382778,          2573P   1962
0.0889382778,0.0889382778,1.0,1.0,1.0,1.0,6.023711638,              2573P   1963
-3.037893213,-9.601534585,6.026058188,-2.993131195,-9.614161212,    2573P   1964
6.027254547,-2.946567932,-9.620598712,6.027254556,-2.899999957,     2573P   1965
-9.620598711,0.0,0.0889382778,0.0,0.0,0.0,0,0;                      2573P   1966
126,5,5,0,0,1,0,4.252339862,4.252339862,4.252339862,4.252339862,    2575P   1967
4.252339862,4.252339862,4.574560261,4.574560261,4.574560261,        2575P   1968
4.574560261,4.574560261,4.574560261,1.0,1.0,1.0,1.0,1.0,1.0,        2575P   1969
6.027254556,-2.899999957,-9.620598711,5.977959421,-2.899999939,     2575P   1970
-9.629759754,5.928664226,-2.901214923,-9.638920808,5.879407287,     2575P   1971
-2.903644917,-9.648074752,5.830226941,-2.907288282,-9.657214462,    2575P   1972
5.781161437,-2.912141715,-9.66633283,4.252339862,4.574560261,       2575P   1973
0.0,0.0,0.0,0,0;                                                    2575P   1974
126,3,3,0,0,1,0,0.0,0.0,0.0,0.0,0.03268536976,0.03268536976,        2577P   1975
0.03268536976,0.03268536976,1.0,1.0,1.0,1.0,5.781161437,            2577P   1976
-2.912141715,-9.66633283,5.782771461,-2.928980327,-9.666033622,     2577P   1977
5.78422446,-2.945818909,-9.664889483,5.785512959,-2.962570843,      2577P   1978
-9.662906299,0.0,0.03268536976,0.0,0.0,0.0,0,0;                     2577P   1979
126,3,3,0,0,1,0,0.0,0.0,0.0,0.0,0.4161360779,0.4161360779,          2579P   1980
0.4161360779,0.4161360779,1.0,1.0,1.0,1.0,5.785512959,              2579P   1981
-2.962570843,-9.662906299,5.86722121,-2.98563379,-9.644504106,      2579P   1982
5.946490072,-3.011323567,-9.623639195,6.023711638,-3.037893213,     2579P   1983
-9.601534585,0.0,0.4161360779,0.0,0.0,0.0,0,0;                      2579P   1984
102,4,2573,2575,2577,2579,0,0;                                      2581P   1985
110,4.252339862,0.0,0.0,4.252339862,0.0889382778,0.0,0,0;           2583P   1986
110,4.252339862,0.0,0.0,4.574560261,0.0,0.0,0,0;                    2585P   1987
110,4.574560261,0.0,0.0,4.574560261,0.03268536976,0.0,0,0;          2587P   1988
126,5,5,1,0,1,0,0.0,0.0,0.0,0.0,0.0,0.0,0.4161360779,               2589P   1989
0.4161360779,0.4161360779,0.4161360779,0.4161360779,                2589P   1990
0.4161360779,1.0,1.0,1.0,1.0,1.0,1.0,4.574560261,0.03268536976,     2589P   1991
0.0,4.510793235,0.04467267217,0.0,4.446703622,0.0563489543,0.0,     2589P   1992
4.38224208,0.06767918149,0.0,4.317476795,0.0785861477,0.0,          2589P   1993
4.252339862,0.0889382778,0.0,0.0,0.4161360779,0.0,0.0,1.0,0,0;      2589P   1994
102,4,2583,2585,2587,2589,0,0;                                      2591P   1995
142,0,2571,2591,2581,1,0,0;                                         2593P   1996
144,2571,1,0,2593,0,0;                                              2595P   1997
128,5,5,5,5,0,0,1,0,0,4.252339862,4.252339862,4.252339862,          2597P   1998
4.252339862,4.252339862,4.252339862,4.574560261,4.574560261,        2597P   1999
4.574560261,4.574560261,4.574560261,4.574560261,0.3883557323,       2597P   2000
0.3883557323,0.3883557323,0.3883557323,0.3883557323,                2597P   2001
0.3883557323,0.5,0.5,0.5,0.5,0.5,0.5,1.0,1.0,1.0,1.0,1.0,1.0,       2597P   2002
1.0,1.0,1.0,1.0,1.0,1.0,1.0,1.0,1.0,1.0,1.0,1.0,1.0,1.0,1.0,1.0,    2597P   2003
1.0,1.0,1.0,1.0,1.0,1.0,1.0,1.0,1.0,1.0,1.0,1.0,1.0,1.0,            2597P   2004
5.967287688,-3.369559186,-9.297920356,5.927182306,-3.369078438,     2597P   2005
-9.306710022,5.88705366,-3.369587508,-9.315502303,5.84693322,       2597P   2006
-3.371087902,-9.324290326,5.806852602,-3.373579737,-9.333067201,    2597P   2007
5.766843475,-3.377061714,-9.341826041,5.961269376,-3.381610416,     2597P   2008
-9.265536116,5.921413651,-3.381194199,-9.274390526,5.881537763,     2597P   2009
-3.381761493,-9.283247106,5.841672941,-3.383313603,-9.29209894,     2597P   2010
5.801850549,-3.385850461,-9.300939098,5.762101982,-3.389370599,     2597P   2011
-9.309760652,5.955057989,-3.390773407,-9.23211295,5.915396283,      2597P   2012
-3.390437928,-9.241039154,5.8757183,-3.391080965,-9.249967027,      2597P   2013
5.836055067,-3.392703572,-9.258889607,5.796437724,-3.395305445,     2597P   2014
-9.267799916,5.75689742,-3.398884899,-9.276690984,5.948715221,      2597P   2015
-3.39692449,-9.197982822,5.909189048,-3.39668586,-9.206985684,      2597P   2016
5.869651272,-3.397422137,-9.215989675,5.830132756,-3.39913407,      2597P   2017
-9.224987782,5.790664445,-3.401821071,-9.233972979,5.751277274,     2597P   2018
-3.405481182,-9.24293825,5.942306752,-3.399999967,-9.163499163,     2597P   2019
5.90285592,-3.399873592,-9.172581115,5.863398914,-3.400719944,      2597P   2020
-9.181663638,5.823966474,-3.402539425,-9.190739663,5.784589388,     2597P   2021
-3.405331107,-9.199802117,5.745298406,-3.409092712,-9.208843937,    2597P   2022
5.935898285,-3.399999966,-9.129015503,5.89646215,-3.399999953,      2597P   2023
-9.138176546,5.857025968,-3.400971943,-9.1473376,5.817620395,       2597P   2024
-3.402915943,-9.156491544,5.778276102,-3.405830639,-9.165631255,    2597P   2025
5.73902369,-3.40971339,-9.174749623,4.252339862,4.574560261,        2597P   2026
0.3883557323,0.5,0,0;                                               2597P   2027
126,3,3,0,0,1,0,0.43852068,0.43852068,0.43852068,0.43852068,0.5,    2599P   2028
0.5,0.5,0.5,1.0,1.0,1.0,1.0,5.755301047,-3.398972889,               2599P   2029
-9.268054143,5.750241307,-3.405541808,-9.237331491,5.744782535,     2599P   2030
-3.409143741,-9.206040903,5.73902369,-3.40971339,-9.174749623,      2599P   2031
0.43852068,0.5,0.0,0.0,0.0,0,0;                                     2599P   2032
126,5,5,0,0,1,0,0.0,0.0,0.0,0.0,0.0,0.0,0.3222203988,               2601P   2033
0.3222203988,0.3222203988,0.3222203988,0.3222203988,                2601P   2034
0.3222203988,1.0,1.0,1.0,1.0,1.0,1.0,5.73902369,-3.40971339,        2601P   2035
-9.174749623,5.778276102,-3.405830639,-9.165631255,5.817620395,     2601P   2036
-3.402915943,-9.156491544,5.857025968,-3.400971943,-9.1473376,      2601P   2037
5.89646215,-3.399999953,-9.138176546,5.935898285,-3.399999966,      2601P   2038
-9.129015503,0.0,0.3222203988,0.0,0.0,0.0,0,0;                      2601P   2039
126,3,3,0,0,1,0,0.0,0.0,0.0,0.0,0.1116442677,0.1116442677,          2603P   2040
0.1116442677,0.1116442677,1.0,1.0,1.0,1.0,5.935898285,              2603P   2041
-3.399999966,-9.129015503,5.946579064,-3.399999968,-9.186488269,    2603P   2042
5.957257167,-3.389644569,-9.243946623,5.967287688,-3.369559186,     2603P   2043
-9.297920356,0.0,0.1116442677,0.0,0.0,0.0,0,0;                      2603P   2044
126,3,3,0,0,1,0,0.0,0.0,0.0,0.0,0.3912007784,0.3912007784,          2605P   2045
0.3912007784,0.3912007784,1.0,1.0,1.0,1.0,5.967287688,              2605P   2046
-3.369559186,-9.297920356,5.896145458,-3.377013723,-9.290417637,    2605P   2047
5.825448546,-3.387230117,-9.280083291,5.755301047,-3.398972889,     2605P   2048
-9.268054143,0.0,0.3912007784,0.0,0.0,0.0,0,0;                      2605P   2049
102,4,2599,2601,2603,2605,0,0;                                      2607P   2050
110,4.574560261,0.43852068,0.0,4.574560261,0.5,0.0,0,0;             2609P   2051
110,4.252339862,0.5,0.0,4.574560261,0.5,0.0,0,0;                    2611P   2052
110,4.252339862,0.3883557323,0.0,4.252339862,0.5,0.0,0,0;           2613P   2053
126,5,5,1,0,1,0,0.0,0.0,0.0,0.0,0.0,0.0,0.3912007784,               2615P   2054
0.3912007784,0.3912007784,0.3912007784,0.3912007784,                2615P   2055
0.3912007784,1.0,1.0,1.0,1.0,1.0,1.0,4.252339862,0.3883557323,      2615P   2056
0.0,4.316953611,0.3975360049,0.0,4.381458448,0.4072363106,0.0,      2615P   2057
4.445918483,0.4173385704,0.0,4.510272557,0.4277764873,0.0,          2615P   2058
4.574560261,0.43852068,0.0,0.0,0.3912007784,0.0,0.0,1.0,0,0;        2615P   2059
102,4,2609,2611,2613,2615,0,0;                                      2617P   2060
142,0,2597,2617,2607,1,0,0;                                         2619P   2061
144,2597,1,0,2619,0,0;                                              2621P   2062
128,5,5,5,5,0,0,1,0,0,1.940630349,1.940630349,1.940630349,          2623P   2063
1.940630349,1.940630349,1.940630349,2.140666069,2.140666069,        2623P   2064
2.140666069,2.140666069,2.140666069,2.140666069,0.0,0.0,0.0,0.0,    2623P   2065
0.0,0.0,0.03268536976,0.03268536976,0.03268536976,0.03268536976,    2623P   2066
0.03268536976,0.03268536976,1.0,1.0,1.0,1.0,1.0,1.0,1.0,1.0,1.0,    2623P   2067
1.0,1.0,1.0,1.0,1.0,1.0,1.0,1.0,1.0,1.0,1.0,1.0,1.0,1.0,1.0,1.0,    2623P   2068
1.0,1.0,1.0,1.0,1.0,1.0,1.0,1.0,1.0,1.0,1.0,5.612530592,            2623P   2069
-2.927916987,-9.690294515,5.646387867,-2.924090022,-9.686946835,    2623P   2070
5.68020855,-2.920600639,-9.682875798,5.713963474,-2.917448118,      2623P   2071
-9.678081298,5.747623995,-2.914629919,-9.672565486,5.781161439,     2623P   2072
-2.912141841,-9.666332847,5.614032055,-2.937977024,-9.690146056,    2623P   2073
5.647780508,-2.934156009,-9.686783344,5.681492927,-2.930673918,     2623P   2074
-9.682701759,5.715140457,-2.927530029,-9.677901137,5.74869476,      2623P   2075
-2.924721793,-9.67238354,5.782127457,-2.922245007,-9.666153321,     2623P   2076
5.615508063,-2.948037062,-9.689740149,5.649143363,-2.944221995,     2623P   2077
-9.686363344,5.6827432,-2.940747197,-9.682272095,5.716279022,       2623P   2078
-2.937611939,-9.677466187,5.749722789,-2.934813668,-9.671947589,    2623P   2079
5.783046409,-2.932348173,-9.665720534,5.616957321,-2.958088424,     2623P   2080
-9.689076924,5.650475235,-2.954279318,-9.685686974,5.683958268,     2623P   2081
-2.950811818,-9.681586957,5.717378161,-2.947685192,-9.676776602,    2623P   2082
5.750707164,-2.94489688,-9.671257792,5.783917465,-2.942442664,      2623P   2083
-9.665034638,5.618378577,-2.968122435,-9.688156953,5.651774977,     2623P   2084
-2.964319314,-9.684754819,5.685137083,-2.960859125,-9.680646934,    2623P   2085
5.718436927,-2.95774113,-9.675832975,5.751647038,-2.954962765,      2623P   2086
-9.670314739,5.784739876,-2.952519804,-9.664096224,5.619770632,     2623P   2087
-2.978130466,-9.68698125,5.653041498,-2.974333365,-9.683567899,     2623P   2088
5.686278667,-2.970880504,-9.679453051,5.719454448,-2.96777114,      2623P   2089
-9.674636332,5.752541644,-2.965002704,-9.669119458,5.785512979,     2623P   2090
-2.962570964,-9.662906313,1.940630349,2.140666069,0.0,              2623P   2091
0.03268536976,0,0;                                                  2623P   2092
126,3,3,0,0,1,0,0.0,0.0,0.0,0.0,0.2701048115,0.2701048115,          2625P   2093
0.2701048115,0.2701048115,1.0,1.0,1.0,1.0,5.612530592,              2625P   2094
-2.927916987,-9.690294515,5.671275141,-2.935337034,-9.684486074,    2625P   2095
5.729423092,-2.946739009,-9.675538813,5.785512979,-2.962570964,     2625P   2096
-9.662906313,0.0,0.2701048115,0.0,0.0,0.0,0,0;                      2625P   2097
126,3,3,0,0,1,0,0.0,0.0,0.0,0.0,0.03268536976,0.03268536976,        2627P   2098
0.03268536976,0.03268536976,1.0,1.0,1.0,1.0,5.785512979,            2627P   2099
-2.962570964,-9.662906313,5.784224474,-2.945819031,-9.664889498,    2627P   2100
5.782771469,-2.928980451,-9.666033638,5.781161439,-2.912141841,     2627P   2101
-9.666332847,0.0,0.03268536976,0.0,0.0,0.0,0,0;                     2627P   2102
126,5,5,0,0,1,0,0.0,0.0,0.0,0.0,0.0,0.0,0.2000357202,               2629P   2103
0.2000357202,0.2000357202,0.2000357202,0.2000357202,                2629P   2104
0.2000357202,1.0,1.0,1.0,1.0,1.0,1.0,5.781161439,-2.912141841,      2629P   2105
-9.666332847,5.747623995,-2.914629919,-9.672565486,5.713963474,     2629P   2106
-2.917448118,-9.678081298,5.68020855,-2.920600639,-9.682875798,     2629P   2107
5.646387867,-2.924090022,-9.686946835,5.612530592,-2.927916987,     2629P   2108
-9.690294515,0.0,0.2000357202,0.0,0.0,0.0,0,0;                      2629P   2109
102,3,2625,2627,2629,0,0;                                           2631P   2110
126,5,5,1,0,1,0,0.0,0.0,0.0,0.0,0.0,0.0,0.2701048115,               2633P   2111
0.2701048115,0.2701048115,0.2701048115,0.2701048115,                2633P   2112
0.2701048115,1.0,1.0,1.0,1.0,1.0,1.0,1.940630349,0.0,0.0,           2633P   2113
1.980816229,0.005390850601,0.0,2.020916846,0.01131943282,0.0,       2633P   2114
2.061061671,0.01783944973,0.0,2.100942573,0.02493695457,0.0,        2633P   2115
2.140666069,0.03268536976,0.0,0.0,0.2701048115,0.0,0.0,1.0,0,0;     2633P   2116
110,2.140666069,0.0,0.0,2.140666069,0.03268536976,0.0,0,0;          2635P   2117
110,1.940630349,0.0,0.0,2.140666069,0.0,0.0,0,0;                    2637P   2118
102,3,2633,2635,2637,0,0;                                           2639P   2119
142,0,2623,2639,2631,1,0,0;                                         2641P   2120
144,2623,1,0,2641,0,0;                                              2643P   2121
128,5,5,5,5,0,0,1,0,0,1.494891232,1.494891232,1.494891232,          2645P   2122
1.494891232,1.494891232,1.494891232,2.140666069,2.140666069,        2645P   2123
2.140666069,2.140666069,2.140666069,2.140666069,0.43852068,         2645P   2124
0.43852068,0.43852068,0.43852068,0.43852068,0.43852068,0.5,0.5,     2645P   2125
0.5,0.5,0.5,0.5,1.0,1.0,1.0,1.0,1.0,1.0,1.0,1.0,1.0,1.0,1.0,1.0,    2645P   2126
1.0,1.0,1.0,1.0,1.0,1.0,1.0,1.0,1.0,1.0,1.0,1.0,1.0,1.0,1.0,1.0,    2645P   2127
1.0,1.0,1.0,1.0,1.0,1.0,1.0,1.0,5.401725082,-3.462701932,           2645P   2128
-9.291000364,5.471465835,-3.443705132,-9.297665123,5.542272597,     2645P   2129
-3.427715208,-9.298870781,5.613628437,-3.41492146,-9.294369778,     2645P   2130
5.684840487,-3.405383915,-9.284064577,5.755301236,-3.39897297,      2645P   2131
-9.268054155,5.404328094,-3.465951854,-9.271845254,5.472972771,     2645P   2132
-3.447226209,-9.278620686,5.542661423,-3.431442664,-9.27995253,     2645P   2133
5.612882235,-3.418787866,-9.275593862,5.682950344,-3.409320925,     2645P   2134
-9.265449087,5.752265394,-3.402914322,-9.249620564,5.406700059,     2645P   2135
-3.468288159,-9.252503739,5.474274625,-3.449847572,-9.259394941,    2645P   2136
5.542868949,-3.434280215,-9.260857134,5.61197666,-3.42176975,       2645P   2137
-9.256644015,5.680921335,-3.412374217,-9.246661984,5.749110169,     2645P   2138
-3.405968308,-9.231016904,5.408832639,-3.469700435,-9.233037156,    2645P   2139
5.47536675,-3.451558166,-9.240047567,5.542894053,-3.436216357,      2645P   2140
-9.241642912,5.610914024,-3.423855315,-9.237577506,5.678759193,     2645P   2141
-3.414531836,-9.227759775,5.745844785,-3.40812295,-9.212299172,     2645P   2142
5.410718986,-3.470184146,-9.213508037,5.476245783,-3.452352591,     2645P   2143
-9.220639376,5.542736731,-3.437245091,-9.222369277,5.609697613,     2645P   2144
-3.425038178,-9.218452665,5.676470499,-3.415787213,-9.208800013,    2645P   2145
5.742479191,-3.409371684,-9.193524405,5.412353864,-3.469740716,     2645P   2146
-9.193978919,5.47690971,-3.452231211,-9.201231186,5.542398097,      2645P   2147
-3.437366033,-9.203095641,5.608331624,-3.425317491,-9.199327825,    2645P   2148
5.674062561,-3.416139283,-9.18984025,5.739023885,-3.409713475,      2645P   2149
-9.174749637,1.494891232,2.140666069,0.43852068,0.5,0,0;            2645P   2150
126,3,3,0,0,1,0,0.0,0.0,0.0,0.0,0.7413162304,0.7413162304,          2647P   2151
0.7413162304,0.7413162304,1.0,1.0,1.0,1.0,5.755301236,              2647P   2152
-3.39897297,-9.268054155,5.632833537,-3.419474216,-9.247052937,     2647P   2153
5.519774786,-3.440604903,-9.225142413,5.412353864,-3.469740716,     2647P   2154
-9.193978919,0.0,0.7413162304,0.0,0.0,0.0,0,0;                      2647P   2155
126,8,5,0,0,1,0,1.494891232,1.494891232,1.494891232,1.494891232,    2649P   2156
1.494891232,1.494891232,1.85017495,1.85017495,1.85017495,           2649P   2157
2.140666069,2.140666069,2.140666069,2.140666069,2.140666069,        2649P   2158
2.140666069,1.0,1.0,1.0,1.0,1.0,1.0,1.0,1.0,1.0,5.412353864,        2649P   2159
-3.469740716,-9.193978919,5.447870331,-3.460107572,-9.197968874,    2649P   2160
5.483669063,-3.451274821,-9.200328028,5.519667587,-3.443270835,     2649P   2161
-9.201016488,5.585295385,-3.430261903,-9.199180723,5.650944061,     2649P   2162
-3.420066231,-9.191702797,5.680424601,-3.41605151,-9.187192387,     2649P   2163
5.709802109,-3.412604018,-9.1815379,5.739023885,-3.409713475,       2649P   2164
-9.174749637,1.494891232,2.140666069,0.0,0.0,0.0,0,0;               2649P   2165
126,3,3,0,0,1,0,0.0,0.0,0.0,0.0,0.06147932,0.06147932,              2651P   2166
0.06147932,0.06147932,1.0,1.0,1.0,1.0,5.739023885,-3.409713475,     2651P   2167
-9.174749637,5.744782729,-3.409143824,-9.206040916,5.750241499,     2651P   2168
-3.40554189,-9.237331504,5.755301236,-3.39897297,-9.268054155,      2651P   2169
0.0,0.06147932,0.0,0.0,0.0,0,0;                                     2651P   2170
102,3,2647,2649,2651,0,0;                                           2653P   2171
126,8,5,1,0,1,0,0.0,0.0,0.0,0.0,0.0,0.0,0.4984931878,               2655P   2172
0.4984931878,0.4984931878,0.7413162304,0.7413162304,                2655P   2173
0.7413162304,0.7413162304,0.7413162304,0.7413162304,1.0,1.0,1.0,    2655P   2174
1.0,1.0,1.0,1.0,1.0,1.0,2.140666069,0.43852068,0.0,2.05582713,      2655P   2175
0.4511877936,0.0,1.969873239,0.4618969857,0.0,1.883265646,          2655P   2176
0.4711547044,0.0,1.753699234,0.4829830191,0.0,1.623347933,          2655P   2177
0.4922968655,0.0,1.580570495,0.4950965757,0.0,1.537751817,          2655P   2178
0.4976590892,0.0,1.494891232,0.5,0.0,0.0,0.7413162304,0.0,0.0,      2655P   2179
1.0,0,0;                                                            2655P   2180
110,1.494891232,0.5,0.0,2.140666069,0.5,0.0,0,0;                    2657P   2181
110,2.140666069,0.43852068,0.0,2.140666069,0.5,0.0,0,0;             2659P   2182
102,3,2655,2657,2659,0,0;                                           2661P   2183
142,0,2645,2661,2653,1,0,0;                                         2663P   2184
144,2645,1,0,2663,0,0;                                              2665P   2185
110,5.935898385,5.4,-5.84,5.935898385,5.4,-6.84,0,0;                2667P   2186
110,5.935898385,3.4,-5.8,5.935898385,3.4,-9.201502127,0,0;          2669P   2187
120,2667,2669,0.0,6.283185307,0,0;                                  2671P   2188
110,5.935898385,3.4,-9.129015503,5.935898385,3.4,-5.8,0,0;          2673P   2189
124,-8.881784197E-016,-1.0,0.0,5.935898385,-1.0,                    2675P   2190
8.881784197E-016,0.0,5.4,0.0,0.0,-1.0,-5.8,0,0;                     2675P   2191
100,0.0,0.0,0.0,2.0,0.0,1.732050808,1.0,0,0;                        2677P   2192
110,4.935898385,3.667949192,-5.8,4.935898385,3.667949192,           2679P   2193
-8.968053797,0,0;                                                   2679P   2194
126,3,3,0,0,1,0,0.0,0.0,0.0,0.0,0.8010437392,0.8010437392,          2681P   2195
0.8010437392,0.8010437392,1.0,1.0,1.0,1.0,4.935898385,              2681P   2196
3.667949192,-8.968053797,5.075634155,3.587272708,-9.066102827,      2681P   2197
5.236877491,3.517335217,-9.143072138,5.412353056,3.469740875,       2681P   2198
-9.19397877,0.0,0.8010437392,0.0,0.0,0.0,0,0;                       2681P   2199
126,3,3,0,0,1,0,1.494875982,1.494875982,1.494875982,1.494875982,    2683P   2200
2.140649717,2.140649717,2.140649717,2.140649717,1.0,1.0,1.0,1.0,    2683P   2201
5.412353056,3.469740875,-9.19397877,5.519947247,3.440558039,        2683P   2202
-9.206066084,5.630755152,3.42042317,-9.199900625,5.739023892,       2683P   2203
3.409713479,-9.174749635,1.494875982,2.140649717,0.0,0.0,0.0,0,     2683P   2204
0;                                                                  2683P   2205
126,3,3,0,0,1,0,0.0,0.0,0.0,0.0,0.3222190449,0.3222190449,          2685P   2206
0.3222190449,0.3222190449,1.0,1.0,1.0,1.0,5.739023836,              2685P   2207
3.409713485,-9.174749623,5.804444601,3.403242214,-9.15955232,       2685P   2208
5.870171617,3.4,-9.144283875,5.935898382,3.4,-9.129015492,0.0,      2685P   2209
0.3222190449,0.0,0.0,0.0,0,0;                                       2685P   2210
102,6,2673,2677,2679,2681,2683,2685,0,0;                            2687P   2211
142,0,2671,0,2687,2,0,0;                                            2689P   2212
144,2671,1,0,2689,0,0;                                              2691P   2213
110,5.415736752,0.0,-7.7,5.415736752,1.0,-7.7,0,0;                  2693P   2214
110,5.781161437,-2.92793353,-9.66633283,5.781161437,2.927933531,    2695P   2215
-9.66633283,0,0;                                                    2695P   2216
120,2693,2695,0.0,6.283185307,0,0;                                  2697P   2217
126,3,3,0,0,1,0,0.0,0.0,0.0,0.0,0.2000355341,0.2000355341,          2699P   2218
0.2000355341,0.2000355341,1.0,1.0,1.0,1.0,5.781161437,              2699P   2219
2.912141842,-9.66633283,5.725265713,2.916288636,-9.676720531,       2699P   2220
5.668959362,2.921538715,-9.684715004,5.612530592,2.927916987,       2699P   2221
-9.690294497,0.0,0.2000355341,0.0,0.0,0.0,0,0;                      2699P   2222
126,3,3,0,0,1,0,0.0,0.0,0.0,0.0,0.2795250838,0.2795250838,          2701P   2223
0.2795250838,0.2795250838,1.0,1.0,1.0,1.0,5.612530592,              2701P   2224
2.927916987,-9.690294497,5.547488538,2.919701488,-9.696725644,      2701P   2225
5.481621446,2.915475947,-9.7,5.415736752,2.915475947,-9.7,0.0,      2701P   2226
0.2795250838,0.0,0.0,0.0,0,0;                                       2701P   2227
110,5.415736752,2.915475947,-9.7,5.415736752,-2.915475947,-9.7,     2703P   2228
0,0;                                                                2703P   2229
126,3,3,0,0,1,0,0.0,0.0,0.0,0.0,0.2795250806,0.2795250806,          2705P   2230
0.2795250806,0.2795250806,1.0,1.0,1.0,1.0,5.415736752,              2705P   2231
-2.915475947,-9.7,5.481621445,-2.915475947,-9.7,5.547488536,        2705P   2232
-2.919701488,-9.696725644,5.61253059,-2.927916987,-9.690294497,     2705P   2233
0.0,0.2795250806,0.0,0.0,0.0,0,0;                                   2705P   2234
126,3,3,0,0,1,0,1.940630349,1.940630349,1.940630349,1.940630349,    2707P   2235
2.140666069,2.140666069,2.140666069,2.140666069,1.0,1.0,1.0,1.0,    2707P   2236
5.61253059,-2.927916987,-9.690294497,5.668959379,-2.921538712,      2707P   2237
-9.684715002,5.725265692,-2.916288637,-9.676720535,5.781161437,     2707P   2238
-2.912141841,-9.66633283,1.940630349,2.140666069,0.0,0.0,0.0,0,     2707P   2239
0;                                                                  2707P   2240
110,5.781161437,-2.912141715,-9.66633283,5.781161437,               2709P   2241
2.912141872,-9.66633283,0,0;                                        2709P   2242
102,6,2699,2701,2703,2705,2707,2709,0,0;                            2711P   2243
142,0,2697,0,2711,2,0,0;                                            2713P   2244
144,2697,1,0,2713,0,0;                                              2715P   2245
128,5,5,5,5,0,0,1,0,0,4.122127373,4.122127373,4.122127373,          2717P   2246
4.122127373,4.122127373,4.122127373,4.444346418,4.444346418,        2717P   2247
4.444346418,4.444346418,4.444346418,4.444346418,0.0,0.0,0.0,0.0,    2717P   2248
0.0,0.0,0.1116442677,0.1116442677,0.1116442677,0.1116442677,        2717P   2249
0.1116442677,0.1116442677,1.0,1.0,1.0,1.0,1.0,1.0,1.0,1.0,1.0,      2717P   2250
1.0,1.0,1.0,1.0,1.0,1.0,1.0,1.0,1.0,1.0,1.0,1.0,1.0,1.0,1.0,1.0,    2717P   2251
1.0,1.0,1.0,1.0,1.0,1.0,1.0,1.0,1.0,1.0,1.0,5.935898333,            2717P   2252
3.400000009,-9.129015492,5.896462254,3.400000013,-9.138176522,      2717P   2253
5.857026089,3.40097202,-9.147337572,5.817620497,3.402916037,        2717P   2254
-9.156491521,5.77827616,3.40583075,-9.165631241,5.73902369,         2717P   2255
3.409713516,-9.174749623,5.942306808,3.400000009,-9.163499151,      2717P   2256
5.902856032,3.399873651,-9.17258109,5.863399046,3.400720019,        2717P   2257
-9.181663609,5.823966588,3.402539517,-9.190739638,5.784589458,      2717P   2258
3.405331215,-9.199802102,5.745298419,3.409092834,-9.208843935,      2717P   2259
5.948715283,3.396924531,-9.197982809,5.909189168,3.396685918,       2717P   2260
-9.206985658,5.869651413,3.39742221,-9.215989645,5.830132881,       2717P   2261
3.39913416,-9.224987756,5.790664528,3.401821176,-9.233972962,       2717P   2262
5.751277299,3.405481301,-9.242938247,5.955058057,3.390773448,       2717P   2263
-9.232112936,5.91539641,3.390437985,-9.241039127,5.87571845,        2717P   2264
3.391081037,-9.249966996,5.836055203,3.39270366,-9.258889579,       2717P   2265
5.796437817,3.395305548,-9.267799898,5.756897456,3.398885015,       2717P   2266
-9.27669098,5.961269448,3.381610456,-9.265536102,5.921413786,       2717P   2267
3.381194255,-9.274390499,5.881537921,3.381761565,-9.283247074,      2717P   2268
5.841673085,3.38331369,-9.292098912,5.801850651,3.385850562,        2717P   2269
-9.300939079,5.762102027,3.389370714,-9.309760646,5.967287765,      2717P   2270
3.369559226,-9.297920342,5.927182446,3.369078494,-9.306709994,      2717P   2271
5.887053825,3.369587579,-9.31550227,5.846933371,3.371087988,        2717P   2272
-9.324290296,5.806852712,3.373579838,-9.333067181,5.766843528,      2717P   2273
3.377061827,-9.341826033,4.122127373,4.444346418,0.0,               2717P   2274
0.1116442677,0,0;                                                   2717P   2275
126,3,3,0,0,1,0,0.0,0.0,0.0,0.0,0.1116442677,0.1116442677,          2719P   2276
0.1116442677,0.1116442677,1.0,1.0,1.0,1.0,5.967287765,              2719P   2277
3.369559226,-9.297920342,5.957257237,3.389644609,-9.243946609,      2719P   2278
5.946579124,3.400000009,-9.186488256,5.935898333,3.400000009,       2719P   2279
-9.129015492,0.0,0.1116442677,0.0,0.0,0.0,0,0;                      2719P   2280
126,5,5,0,0,1,0,4.122127373,4.122127373,4.122127373,4.122127373,    2721P   2281
4.122127373,4.122127373,4.444346418,4.444346418,4.444346418,        2721P   2282
4.444346418,4.444346418,4.444346418,1.0,1.0,1.0,1.0,1.0,1.0,        2721P   2283
5.935898333,3.400000009,-9.129015492,5.896462254,3.400000013,       2721P   2284
-9.138176522,5.857026089,3.40097202,-9.147337572,5.817620497,       2721P   2285
3.402916037,-9.156491521,5.77827616,3.40583075,-9.165631241,        2721P   2286
5.73902369,3.409713516,-9.174749623,4.122127373,4.444346418,0.0,    2721P   2287
0.0,0.0,0,0;                                                        2721P   2288
126,3,3,0,0,1,0,0.0,0.0,0.0,0.0,0.06147922098,0.06147922098,        2723P   2289
0.06147922098,0.06147922098,1.0,1.0,1.0,1.0,5.73902369,             2723P   2290
3.409713516,-9.174749623,5.744782538,3.409143864,-9.206040851,      2723P   2291
5.750241312,3.405541939,-9.237331387,5.755301055,3.398973038,       2723P   2292
-9.268053991,0.0,0.06147922098,0.0,0.0,0.0,0,0;                     2723P   2293
126,3,3,0,0,1,0,0.0,0.0,0.0,0.0,0.3911996946,0.3911996946,          2725P   2294
0.3911996946,0.3911996946,1.0,1.0,1.0,1.0,5.755301055,              2725P   2295
3.398973038,-9.268053991,5.825448633,3.387230244,-9.280083162,      2725P   2296
5.896145601,3.377013796,-9.290417589,5.967287765,3.369559226,       2725P   2297
-9.297920342,0.0,0.3911996946,0.0,0.0,0.0,0,0;                      2725P   2298
102,4,2719,2721,2723,2725,0,0;                                      2727P   2299
110,4.122127373,0.0,0.0,4.122127373,0.1116442677,0.0,0,0;           2729P   2300
110,4.122127373,0.0,0.0,4.444346418,0.0,0.0,0,0;                    2731P   2301
110,4.444346418,0.0,0.0,4.444346418,0.06147922098,0.0,0,0;          2733P   2302
126,5,5,1,0,1,0,0.0,0.0,0.0,0.0,0.0,0.0,0.3911996946,               2735P   2303
0.3911996946,0.3911996946,0.3911996946,0.3911996946,                2735P   2304
0.3911996946,1.0,1.0,1.0,1.0,1.0,1.0,4.444346418,0.06147922098,     2735P   2305
0.0,4.380059014,0.07222342903,0.0,4.315705234,0.08266136293,0.0,    2735P   2306
4.251245457,0.09276366808,0.0,4.186740882,0.1024639873,0.0,         2735P   2307
4.122127373,0.1116442677,0.0,0.0,0.3911996946,0.0,0.0,1.0,0,0;      2735P   2308
102,4,2729,2731,2733,2735,0,0;                                      2737P   2309
142,0,2717,2737,2727,1,0,0;                                         2739P   2310
144,2717,1,0,2739,0,0;                                              2741P   2311
128,5,5,5,5,0,0,1,0,0,4.122127373,4.122127373,4.122127373,          2743P   2312
4.122127373,4.122127373,4.122127373,4.444346418,4.444346418,        2743P   2313
4.444346418,4.444346418,4.444346418,4.444346418,0.4110617533,       2743P   2314
0.4110617533,0.4110617533,0.4110617533,0.4110617533,                2743P   2315
0.4110617533,0.5,0.5,0.5,0.5,0.5,0.5,1.0,1.0,1.0,1.0,1.0,1.0,       2743P   2316
1.0,1.0,1.0,1.0,1.0,1.0,1.0,1.0,1.0,1.0,1.0,1.0,1.0,1.0,1.0,1.0,    2743P   2317
1.0,1.0,1.0,1.0,1.0,1.0,1.0,1.0,1.0,1.0,1.0,1.0,1.0,1.0,            2743P   2318
6.023711721,3.037893215,-9.601534583,5.977061011,3.037585224,       2743P   2319
-9.610294064,5.93039548,3.038427384,-9.619056049,5.883751595,       2743P   2320
3.040420659,-9.627813693,5.837165943,3.04356442,-9.63656013,        2743P   2321
5.790675101,3.047856419,-9.645288499,6.025119647,3.011036014,       2743P   2322
-9.609110555,5.977950672,3.010784683,-9.617930869,5.930769591,      2743P   2323
3.011696163,-9.626753278,5.883613238,3.013771241,-9.635570897,      2743P   2324
5.836518549,3.017009102,-9.64437682,5.789522436,3.0214073,          2743P   2325
-9.65316415,6.026184799,2.983640555,-9.614842079,5.978488809,       2743P   2326
2.983449557,-9.623733254,5.9307836,2.98443426,-9.632626064,         2743P   2327
5.883106376,2.986595266,-9.641513575,5.835494425,2.98993156,        2743P   2328
-9.650388836,5.787984997,2.99444049,-9.659244906,6.026898012,       2743P   2329
2.95588156,-9.618679837,5.978669671,2.955753395,-9.627651732,       2743P   2330
5.930435113,2.956813979,-9.636624756,5.882231914,2.959063719,       2743P   2331
-9.64559192,5.834097715,2.962501395,-9.654546221,5.786070105,       2743P   2332
2.967124138,-9.663480667,6.027254616,2.927940786,-9.6205987,        2743P   2333
5.978492095,2.927876705,-9.629660761,5.929726413,2.929014499,       2743P   2334
-9.63872341,5.88099552,2.931354377,-9.647779593,5.832337411,        2743P   2335
2.934894908,-9.656822251,5.783790013,2.939633005,-9.665844333,      2743P   2336
6.027254617,2.900000012,-9.6205987,5.977959551,2.900000015,         2743P   2337
-9.629759729,5.928664378,2.901215019,-9.638920779,5.879407415,      2743P   2338
2.903645035,-9.648074728,5.830227014,2.907288421,-9.657214449,      2743P   2339
5.781161437,2.912141872,-9.66633283,4.122127373,4.444346418,        2743P   2340
0.4110617533,0.5,0,0;                                               2743P   2341
126,3,3,0,0,1,0,0.4673146268,0.4673146268,0.4673146268,             2745P   2342
0.4673146268,0.5,0.5,0.5,0.5,1.0,1.0,1.0,1.0,5.785512977,           2745P   2343
2.962570999,-9.662906294,5.784224473,2.945819065,-9.66488948,       2745P   2344
5.782771468,2.928980484,-9.666033621,5.781161437,2.912141872,       2745P   2345
-9.66633283,0.4673146268,0.5,0.0,0.0,0.0,0,0;                       2745P   2346
126,5,5,0,0,1,0,0.0,0.0,0.0,0.0,0.0,0.0,0.3222189655,               2747P   2347
0.3222189655,0.3222189655,0.3222189655,0.3222189655,                2747P   2348
0.3222189655,1.0,1.0,1.0,1.0,1.0,1.0,5.781161437,2.912141872,       2747P   2349
-9.66633283,5.830227002,2.907288422,-9.657214451,5.879407391,       2747P   2350
2.903645037,-9.648074733,5.928664341,2.901215021,-9.638920786,      2747P   2351
5.977959502,2.900000016,-9.629759739,6.027254556,2.900000012,       2747P   2352
-9.620598711,0.0,0.3222189655,0.0,0.0,0.0,0,0;                      2747P   2353
126,3,3,0,0,1,0,0.0,0.0,0.0,0.0,0.08893824668,0.08893824668,        2749P   2354
0.08893824668,0.08893824668,1.0,1.0,1.0,1.0,6.027254617,            2749P   2355
2.900000012,-9.6205987,6.027254616,2.946567969,-9.6205987,          2749P   2356
6.026058264,2.993131213,-9.614161203,6.023711721,3.037893215,       2749P   2357
-9.601534583,0.0,0.08893824668,0.0,0.0,0.0,0,0;                     2749P   2358
126,3,3,0,0,1,0,0.0,0.0,0.0,0.0,0.4161350644,0.4161350644,          2751P   2359
0.4161350644,0.4161350644,1.0,1.0,1.0,1.0,6.023711721,              2751P   2360
3.037893215,-9.601534583,5.946490219,3.011323579,-9.623639185,      2751P   2361
5.867221307,2.985633971,-9.644504081,5.785512977,2.962570999,       2751P   2362
-9.662906294,0.0,0.4161350644,0.0,0.0,0.0,0,0;                      2751P   2363
102,4,2745,2747,2749,2751,0,0;                                      2753P   2364
110,4.444346418,0.4673146268,0.0,4.444346418,0.5,0.0,0,0;           2755P   2365
110,4.122127452,0.5,0.0,4.444346418,0.5,0.0,0,0;                    2757P   2366
110,4.122127373,0.4110617533,0.0,4.122127373,0.5,0.0,0,0;           2759P   2367
126,5,5,1,0,1,0,0.0,0.0,0.0,0.0,0.0,0.0,0.4161350644,               2761P   2368
0.4161350644,0.4161350644,0.4161350644,0.4161350644,                2761P   2369
0.4161350644,1.0,1.0,1.0,1.0,1.0,1.0,4.122127373,0.4110617533,      2761P   2370
0.0,4.187264075,0.4214138922,0.0,4.252029104,0.4323208734,0.0,      2761P   2371
4.316490389,0.4436509969,0.0,4.380579701,0.4553273034,0.0,          2761P   2372
4.444346418,0.4673146268,0.0,0.0,0.4161350644,0.0,0.0,1.0,0,0;      2761P   2373
102,4,2755,2757,2759,2761,0,0;                                      2763P   2374
142,0,2743,2763,2753,1,0,0;                                         2765P   2375
144,2743,1,0,2765,0,0;                                              2767P   2376
128,5,5,5,5,0,0,1,0,0,1.494875982,1.494875982,1.494875982,          2769P   2377
1.494875982,1.494875982,1.494875982,2.140649717,2.140649717,        2769P   2378
2.140649717,2.140649717,2.140649717,2.140649717,0.0,0.0,0.0,0.0,    2769P   2379
0.0,0.0,0.06147922098,0.06147922098,0.06147922098,0.06147922098,    2769P   2380
0.06147922098,0.06147922098,1.0,1.0,1.0,1.0,1.0,1.0,1.0,1.0,1.0,    2769P   2381
1.0,1.0,1.0,1.0,1.0,1.0,1.0,1.0,1.0,1.0,1.0,1.0,1.0,1.0,1.0,1.0,    2769P   2382
1.0,1.0,1.0,1.0,1.0,1.0,1.0,1.0,1.0,1.0,1.0,5.412353362,            2769P   2383
3.469740901,-9.19397877,5.47690981,3.452231204,-9.201231158,        2769P   2384
5.542398679,3.437365884,-9.203095689,5.608331687,3.425317482,       2769P   2385
-9.199327816,5.674062642,3.416139276,-9.189840229,5.739023891,      2769P   2386
3.409713475,-9.174749635,5.410718483,3.470184332,-9.213507857,      2769P   2387
5.476245889,3.452352583,-9.220639317,5.542737322,3.437244939,       2769P   2388
-9.222369293,5.609697677,3.425038169,-9.218452626,5.676470579,      2769P   2389
3.415787207,-9.20879996,5.742479193,3.409371685,-9.193524372,       2769P   2390
5.408832136,3.469700625,-9.233036945,5.475366863,3.451558158,       2769P   2391
-9.240047476,5.542894654,3.436216206,-9.241642896,5.61091409,       2769P   2392
3.423855308,-9.237577435,5.678759272,3.414531833,-9.227759692,      2769P   2393
5.745844782,3.408122954,-9.212299109,5.406699554,3.468288356,       2769P   2394
-9.252503497,5.474274745,3.449847569,-9.259394819,5.542869561,      2769P   2395
3.434280068,-9.260857086,5.611976728,3.421769749,-9.256643913,      2769P   2396
5.680921414,3.41237422,-9.24666187,5.749110162,3.405968318,         2769P   2397
-9.231016811,5.40432759,3.465952061,-9.271844982,5.472972899,       2769P   2398
3.447226213,-9.278620532,5.542662047,3.431442523,-9.27995245,       2769P   2399
5.612882304,3.418787873,-9.275593729,5.682950423,3.409320938,       2769P   2400
-9.265448943,5.752265382,3.402914341,-9.249620442,5.401724578,      2769P   2401
3.462702151,-9.291000063,5.471465971,3.443705147,-9.29766494,       2769P   2402
5.542273233,3.427715077,-9.298870671,5.613628509,3.414921479,       2769P   2403
-9.294369617,5.684840567,3.405383939,-9.284064403,5.755301221,      2769P   2404
3.398973001,-9.268054004,1.494875982,2.140649717,0.0,               2769P   2405
0.06147922098,0,0;                                                  2769P   2406
126,3,3,0,0,1,0,0.0,0.0,0.0,0.0,0.7413180627,0.7413180627,          2771P   2407
0.7413180627,0.7413180627,1.0,1.0,1.0,1.0,5.412353362,              2771P   2408
3.469740901,-9.19397877,5.519775468,3.440604719,-9.225142661,       2771P   2409
5.632833186,3.419474287,-9.247052743,5.755301221,3.398973001,       2771P   2410
-9.268054004,0.0,0.7413180627,0.0,0.0,0.0,0,0;                      2771P   2411
126,3,3,0,0,1,0,0.0,0.0,0.0,0.0,0.06147922098,0.06147922098,        2773P   2412
0.06147922098,0.06147922098,1.0,1.0,1.0,1.0,5.755301221,            2773P   2413
3.398973001,-9.268054004,5.75024149,3.405541901,-9.2373314,         2773P   2414
5.744782727,3.409143824,-9.206040864,5.739023891,3.409713475,       2773P   2415
-9.174749635,0.0,0.06147922098,0.0,0.0,0.0,0,0;                     2773P   2416
126,8,5,0,0,1,0,0.0,0.0,0.0,0.0,0.0,0.0,0.2904909276,               2775P   2417
0.2904909276,0.2904909276,0.6457737354,0.6457737354,                2775P   2418
0.6457737354,0.6457737354,0.6457737354,0.6457737354,1.0,1.0,1.0,    2775P   2419
1.0,1.0,1.0,1.0,1.0,1.0,5.739023891,3.409713475,-9.174749635,       2775P   2420
5.709802118,3.412604018,-9.181537896,5.680424595,3.416051512,       2775P   2421
-9.187192385,5.650944022,3.420066237,-9.191702801,5.585295458,      2775P   2422
3.430261893,-9.199180713,5.519667772,3.443270798,-9.201016483,      2775P   2423
5.483669126,3.451274825,-9.200327995,5.44787013,3.46010766,         2775P   2424
-9.197968788,5.412353362,3.469740901,-9.19397877,0.0,               2775P   2425
0.6457737354,0.0,0.0,0.0,0,0;                                       2775P   2426
102,3,2771,2773,2775,0,0;                                           2777P   2427
126,8,5,1,0,1,0,0.0,0.0,0.0,0.0,0.0,0.0,0.2428260407,               2779P   2428
0.2428260407,0.2428260407,0.7413180627,0.7413180627,                2779P   2429
0.7413180627,0.7413180627,0.7413180627,0.7413180627,1.0,1.0,1.0,    2779P   2430
1.0,1.0,1.0,1.0,1.0,1.0,1.494875982,0.0,0.0,1.53773699,             2779P   2431
0.002340955028,0.0,1.580556094,0.004903518273,0.0,1.623333979,      2779P   2432
0.007703251833,0.0,1.753685407,0.01701718096,0.0,1.883252145,       2779P   2433
0.02884557017,0.0,1.969857326,0.03810295974,0.0,2.055810983,        2779P   2434
0.04881213848,0.0,2.140649717,0.06147922098,0.0,0.0,                2779P   2435
0.7413180627,0.0,0.0,1.0,0,0;                                       2779P   2436
110,2.140649717,0.0,0.0,2.140649717,0.06147922098,0.0,0,0;          2781P   2437
110,1.494875982,0.0,0.0,2.140649717,0.0,0.0,0,0;                    2783P   2438
102,3,2779,2781,2783,0,0;                                           2785P   2439
142,0,2769,2785,2777,1,0,0;                                         2787P   2440
144,2769,1,0,2787,0,0;                                              2789P   2441
128,5,5,5,5,0,0,1,0,0,1.94061417,1.94061417,1.94061417,             2791P   2442
1.94061417,1.94061417,1.94061417,2.140649717,2.140649717,           2791P   2443
2.140649717,2.140649717,2.140649717,2.140649717,0.4673146268,       2791P   2444
0.4673146268,0.4673146268,0.4673146268,0.4673146268,                2791P   2445
0.4673146268,0.5,0.5,0.5,0.5,0.5,0.5,1.0,1.0,1.0,1.0,1.0,1.0,       2791P   2446
1.0,1.0,1.0,1.0,1.0,1.0,1.0,1.0,1.0,1.0,1.0,1.0,1.0,1.0,1.0,1.0,    2791P   2447
1.0,1.0,1.0,1.0,1.0,1.0,1.0,1.0,1.0,1.0,1.0,1.0,1.0,1.0,            2791P   2448
5.619770636,2.978130472,-9.686981248,5.653041493,2.974333372,       2791P   2449
-9.683567897,5.686278669,2.970880511,-9.679453047,5.719454468,      2791P   2450
2.967771145,-9.674636326,5.752541668,2.965002708,-9.669119451,      2791P   2451
5.785512992,2.962570968,-9.662906309,5.618378581,2.96812244,        2791P   2452
-9.688156952,5.651774972,2.96431932,-9.684754817,5.685137085,       2791P   2453
2.960859131,-9.68064693,5.718436946,2.957741134,-9.675832968,       2791P   2454
5.751647061,2.954962768,-9.670314733,5.784739889,2.952519808,       2791P   2455
-9.66409622,5.616957324,2.958088427,-9.689076923,5.65047523,        2791P   2456
2.954279323,-9.685686972,5.683958268,2.950811823,-9.681586954,      2791P   2457
5.717378179,2.947685195,-9.676776596,5.750707187,2.944896882,       2791P   2458
-9.671257786,5.783917477,2.942442667,-9.665034635,5.615508066,      2791P   2459
2.948037064,-9.689740148,5.649143357,2.944221999,-9.686363342,      2791P   2460
5.6827432,2.9407472,-9.682272092,5.71627904,2.937611941,            2791P   2461
-9.677466182,5.749722812,2.93481367,-9.671947583,5.783046421,       2791P   2462
2.932348175,-9.665720531,5.614032058,2.937977026,-9.690146054,      2791P   2463
5.647780501,2.934156011,-9.686783343,5.681492926,2.93067392,        2791P   2464
-9.682701756,5.715140474,2.92753003,-9.677901132,5.748694782,       2791P   2465
2.924721794,-9.672383534,5.782127469,2.922245008,-9.666153318,      2791P   2466
5.612530594,2.927916987,-9.690294514,5.64638786,2.924090024,        2791P   2467
-9.686946834,5.680208549,2.92060064,-9.682875795,5.713963491,       2791P   2468
2.917448118,-9.678081292,5.747624016,2.914629918,-9.67256548,       2791P   2469
5.78116145,2.912141841,-9.666332844,1.94061417,2.140649717,         2791P   2470
0.4673146268,0.5,0,0;                                               2791P   2471
126,3,3,0,0,1,0,0.0,0.0,0.0,0.0,0.2701046913,0.2701046913,          2793P   2472
0.2701046913,0.2701046913,1.0,1.0,1.0,1.0,5.785512992,              2793P   2473
2.962570968,-9.662906309,5.729423113,2.946739017,-9.675538806,      2793P   2474
5.671275136,2.935337036,-9.684486072,5.612530594,2.927916987,       2793P   2475
-9.690294514,0.0,0.2701046913,0.0,0.0,0.0,0,0;                      2793P   2476
126,5,5,0,0,1,0,1.94061417,1.94061417,1.94061417,1.94061417,        2795P   2477
1.94061417,1.94061417,2.140649704,2.140649704,2.140649704,          2795P   2478
2.140649704,2.140649704,2.140649704,1.0,1.0,1.0,1.0,1.0,1.0,        2795P   2479
5.612530594,2.927916987,-9.690294514,5.646387858,2.924090024,       2795P   2480
-9.686946834,5.680208544,2.920600641,-9.682875796,5.713963484,      2795P   2481
2.917448119,-9.678081293,5.747624007,2.914629918,-9.672565482,      2795P   2482
5.781161439,2.912141842,-9.666332846,1.94061417,2.140649704,0.0,    2795P   2483
0.0,0.0,0,0;                                                        2795P   2484
126,3,3,0,0,1,0,0.0,0.0,0.0,0.0,0.03268537315,0.03268537315,        2797P   2485
0.03268537315,0.03268537315,1.0,1.0,1.0,1.0,5.78116145,             2797P   2486
2.912141841,-9.666332844,5.782771481,2.928980452,-9.666033635,      2797P   2487
5.784224486,2.945819034,-9.664889494,5.785512992,2.962570968,       2797P   2488
-9.662906309,0.0,0.03268537315,0.0,0.0,0.0,0,0;                     2797P   2489
102,3,2793,2795,2797,0,0;                                           2799P   2490
126,5,5,1,0,1,0,0.0,0.0,0.0,0.0,0.0,0.0,0.2701046913,               2801P   2491
0.2701046913,0.2701046913,0.2701046913,0.2701046913,                2801P   2492
0.2701046913,1.0,1.0,1.0,1.0,1.0,1.0,2.140649717,0.4673146268,      2801P   2493
0.0,2.100926248,0.4750630405,0.0,2.061045381,0.4821605458,0.0,      2801P   2494
2.0209006,0.4886805659,0.0,1.980800021,0.4946091495,0.0,            2801P   2495
1.94061417,0.5,0.0,0.0,0.2701046913,0.0,0.0,1.0,0,0;                2801P   2496
110,1.94061417,0.5,0.0,2.140649704,0.5,0.0,0,0;                     2803P   2497
110,2.140649717,0.4673146268,0.0,2.140649717,0.5,0.0,0,0;           2805P   2498
102,3,2801,2803,2805,0,0;                                           2807P   2499
142,0,2791,2807,2799,1,0,0;                                         2809P   2500
144,2791,1,0,2809,0,0;                                              2811P   2501
110,16.4,-3.4,-7.184359451,5.935898385,-3.4,-9.129015503,0,0;       2813P   2502
110,5.935898385,-3.4,-9.129015503,5.935898385,-3.4,-5.8,0,0;        2815P   2503
110,5.935898385,-3.4,-5.8,7.681145748,-3.4,-5.8,0,0;                2817P   2504
126,14,5,0,0,1,0,0.0,0.0,0.0,0.0,0.0,0.0,0.1443370169,              2819P   2505
0.1443370169,0.1443370169,0.5731529047,0.5731529047,                2819P   2506
0.5731529047,0.9868017254,0.9868017254,0.9868017254,1.390088078,    2819P   2507
1.390088078,1.390088078,1.390088078,1.390088078,1.390088078,1.0,    2819P   2508
1.0,1.0,1.0,1.0,1.0,1.0,1.0,1.0,1.0,1.0,1.0,1.0,1.0,1.0,            2819P   2509
7.681145748,-3.4,-5.8,7.701558085,-3.4,-5.8,7.72197503,-3.4,        2819P   2510
-5.799274164,7.742406037,-3.4,-5.797816499,7.823103329,-3.4,        2819P   2511
-5.7891423,7.902208871,-3.4,-5.768973043,7.959576768,-3.4,          2819P   2512
-5.747450819,8.066628917,-3.4,-5.692777572,8.158439983,-3.4,        2819P   2513
-5.61528413,8.198881384,-3.4,-5.572083823,8.267561475,-3.4,         2819P   2514
-5.47785943,8.311107318,-3.4,-5.369841762,8.325747634,-3.4,         2819P   2515
-5.314066144,8.333066662,-3.4,-5.257033303,8.333066662,-3.4,        2819P   2516
-5.2,0.0,1.390088078,0.0,0.0,0.0,0,0;                               2819P   2517
110,8.333066662,-3.4,-5.2,8.333066662,-3.4,-2.0,0,0;                2821P   2518
110,8.333066662,-3.4,-2.0,16.4,-3.4,-2.0,0,0;                       2823P   2519
110,16.4,-3.4,-2.0,16.4,-3.4,-7.184359451,0,0;                      2825P   2520
102,7,2813,2815,2817,2819,2821,2823,2825,0,0;                       2827P   2521
142,0,1,0,2827,2,0,0;                                               2829P   2522
144,1,1,0,2829,0,0;                                                 2831P   2523
110,11.27942894,-2.9,-8.135970002,12.26259535,-2.9,-7.95325766,     2833P   2524
0,0;                                                                2833P   2525
110,5.935898385,-3.4,-9.129015503,16.4,-3.4,-7.184359451,0,0;       2835P   2526
120,2833,2835,0.0,6.283185307,0,0;                                  2837P   2527
124,0.0,0.1827123426,0.9831664151,16.4,-1.0,-3.492908772E-015,      2839P   2528
0.0,-2.9,3.552713679E-015,-0.9831664151,0.1827123426,               2839P   2529
-7.184359451,0,0;                                                   2839P   2530
100,0.0,0.0,0.0,0.5,0.0,-1.746454386E-015,0.5,0,0;                  2841P   2531
110,16.49135617,-2.9,-7.675942658,6.027254556,-2.9,-9.620598711,    2843P   2532
0,0;                                                                2843P   2533
124,0.1827123426,0.0,-0.9831664151,5.935898385,0.0,-1.0,0.0,        2845P   2534
-2.9,-0.9831664151,0.0,-0.1827123426,-9.129015503,0,0;              2845P   2535
100,0.0,0.0,0.0,0.5,0.0,0.4806094682,0.1378932163,0,0;              2847P   2536
126,17,5,0,0,1,0,0.0,0.0,0.0,0.0,0.0,0.0,0.3427801557,              2849P   2537
0.3427801557,0.3427801557,0.5002831511,0.5002831511,                2849P   2538
0.5002831511,0.6468320737,0.6468320737,0.6468320737,                2849P   2539
0.8850845564,0.8850845564,0.8850845564,1.275139675,1.275139675,     2849P   2540
1.275139675,1.275139675,1.275139675,1.275139675,1.0,1.0,1.0,1.0,    2849P   2541
1.0,1.0,1.0,1.0,1.0,1.0,1.0,1.0,1.0,1.0,1.0,1.0,1.0,1.0,            2849P   2542
6.023711665,-3.037893251,-9.601534581,6.067958435,-3.053117258,     2849P   2543
-9.588868972,6.111697773,-3.069146812,-9.575398989,6.153657833,     2849P   2544
-3.085803224,-9.561245652,6.21534261,-3.112443904,-9.538357937,     2849P   2545
6.272318398,-3.144011877,-9.510612401,6.289803345,-3.154687282,     2849P   2546
-9.501164152,6.321630099,-3.176552604,-9.481667327,6.346614696,     2849P   2547
-3.202672271,-9.457968884,6.357569727,-3.217448882,-9.444460959,    2849P   2548
6.365653136,-3.259265002,-9.405661753,6.325064202,-3.293599556,     2849P   2549
-9.372845328,6.293549876,-3.305127412,-9.361595903,6.213438778,     2849P   2550
-3.333074919,-9.334358888,6.126787951,-3.349051373,-9.318455987,    2849P   2551
6.076179626,-3.357007551,-9.310528655,6.021850237,-3.36384194,      2849P   2552
-9.303674582,5.967287782,-3.369559216,-9.297920353,0.0,             2849P   2553
1.275139675,0.0,0.0,0.0,0,0;                                        2849P   2554
124,0.0627786111,-0.1715885291,-0.9831664151,5.935898385,           2851P   2555
-0.9391184342,-0.3435936067,0.0,-2.9,-0.3378097283,0.9233097043,    2851P   2556
-0.1827123426,-9.129015503,0,0;                                     2851P   2557
100,0.0,0.0,0.0,0.5,0.0,0.4695592171,0.1717968033,0,0;              2853P   2558
110,5.935898385,-3.4,-9.129015503,16.4,-3.4,-7.184359451,0,0;       2855P   2559
102,6,2841,2843,2847,2849,2853,2855,0,0;                            2857P   2560
142,0,2837,0,2857,2,0,0;                                            2859P   2561
144,2837,1,0,2859,0,0;                                              2861P   2562
108,0.0,1.0,0.0,3.4,0,22.19137853,3.4,-11.0,1.0,0,0;                2863P   2563
110,16.4,3.4,-7.184359451,16.4,3.4,-2.0,0,0;                        2865P   2564
110,16.4,3.4,-2.0,8.333066662,3.4,-2.0,0,0;                         2867P   2565
110,8.333066662,3.4,-2.0,8.333066662,3.4,-5.2,0,0;                  2869P   2566
126,14,5,0,0,1,0,0.0,0.0,0.0,0.0,0.0,0.0,0.4032863526,              2871P   2567
0.4032863526,0.4032863526,0.8169351733,0.8169351733,                2871P   2568
0.8169351733,1.245751061,1.245751061,1.245751061,1.390088078,       2871P   2569
1.390088078,1.390088078,1.390088078,1.390088078,1.390088078,1.0,    2871P   2570
1.0,1.0,1.0,1.0,1.0,1.0,1.0,1.0,1.0,1.0,1.0,1.0,1.0,1.0,            2871P   2571
8.333066662,3.4,-5.2,8.333066662,3.4,-5.257033303,8.325747634,      2871P   2572
3.4,-5.314066144,8.311107318,3.4,-5.369841762,8.267561475,3.4,      2871P   2573
-5.47785943,8.198881384,3.4,-5.572083823,8.158439983,3.4,           2871P   2574
-5.61528413,8.066628917,3.4,-5.692777572,7.959576768,3.4,           2871P   2575
-5.747450819,7.902208871,3.4,-5.768973043,7.823103329,3.4,          2871P   2576
-5.7891423,7.742406037,3.4,-5.797816499,7.72197503,3.4,             2871P   2577
-5.799274164,7.701558085,3.4,-5.8,7.681145748,3.4,-5.8,0.0,         2871P   2578
1.390088078,0.0,0.0,0.0,0,0;                                        2871P   2579
110,7.681145748,3.4,-5.8,5.935898385,3.4,-5.8,0,0;                  2873P   2580
110,5.935898385,3.4,-5.8,5.935898385,3.4,-9.129015503,0,0;          2875P   2581
110,5.935898385,3.4,-9.129015503,16.4,3.4,-7.184359451,0,0;         2877P   2582
102,7,2865,2867,2869,2871,2873,2875,2877,0,0;                       2879P   2583
142,0,2863,0,2879,2,0,0;                                            2881P   2584
144,2863,1,0,2881,0,0;                                              2883P   2585
108,1.0,0.0,0.0,16.9,0,16.9,0.0,0.0,1.0,0,0;                        2885P   2586
110,16.9,2.9,-2.0,16.9,2.9,-7.184359451,0,0;                        2887P   2587
110,16.9,2.9,-7.184359451,16.9,-2.9,-7.184359451,0,0;               2889P   2588
110,16.9,-2.9,-7.184359451,16.9,-2.9,-2.0,0,0;                      2891P   2589
110,16.9,-2.9,-2.0,16.9,2.9,-2.0,0,0;                               2893P   2590
102,4,2887,2889,2891,2893,0,0;                                      2895P   2591
142,0,2885,0,2895,2,0,0;                                            2897P   2592
144,2885,1,0,2897,0,0;                                              2899P   2593
108,-0.1827123426,0.0,0.9831664151,-10.55990335,0,16.9,0.0,-7.6,    2901P   2594
1.0,0,0;                                                            2901P   2595
110,16.49135617,2.9,-7.675942658,6.027254556,2.9,-9.620598711,0,    2903P   2596
0;                                                                  2903P   2597
126,5,5,0,0,1,0,4.122127452,4.122127452,4.122127452,4.122127452,    2905P   2598
4.122127452,4.122127452,4.444346418,4.444346418,4.444346418,        2905P   2599
4.444346418,4.444346418,4.444346418,1.0,1.0,1.0,1.0,1.0,1.0,        2905P   2600
6.027254556,2.900000012,-9.620598711,5.977959502,2.900000016,       2905P   2601
-9.629759739,5.928664341,2.901215021,-9.638920786,5.879407391,      2905P   2602
2.903645037,-9.648074733,5.830227002,2.907288422,-9.657214451,      2905P   2603
5.781161437,2.912141872,-9.66633283,4.122127452,4.444346418,0.0,    2905P   2604
0.0,0.0,0,0;                                                        2905P   2605
110,5.781161437,2.912141872,-9.66633283,5.781161437,                2907P   2606
-2.912141715,-9.66633283,0,0;                                       2907P   2607
126,5,5,0,0,1,0,0.0,0.0,0.0,0.0,0.0,0.0,0.3222203988,               2909P   2608
0.3222203988,0.3222203988,0.3222203988,0.3222203988,                2909P   2609
0.3222203988,1.0,1.0,1.0,1.0,1.0,1.0,5.781161437,-2.912141715,      2909P   2610
-9.66633283,5.830226941,-2.907288282,-9.657214462,5.879407287,      2909P   2611
-2.903644917,-9.648074752,5.928664226,-2.901214923,-9.638920808,    2909P   2612
5.977959421,-2.899999939,-9.629759754,6.027254556,-2.899999957,     2909P   2613
-9.620598711,0.0,0.3222203988,0.0,0.0,0.0,0,0;                      2909P   2614
110,6.027254556,-2.9,-9.620598711,16.49135617,-2.9,-7.675942658,    2911P   2615
0,0;                                                                2911P   2616
110,16.49135617,-2.9,-7.675942658,16.49135617,2.9,-7.675942658,     2913P   2617
0,0;                                                                2913P   2618
102,6,2903,2905,2907,2909,2911,2913,0,0;                            2915P   2619
142,0,2901,0,2915,2,0,0;                                            2917P   2620
144,2901,1,0,2917,0,0;                                              2919P   2621
110,11.41794919,2.9,-8.1102273,10.43478278,2.9,-8.292939643,0,0;    2921P   2622
110,16.4,3.4,-7.184359451,5.935898385,3.4,-9.129015503,0,0;         2923P   2623
120,2921,2923,0.0,6.283185307,0,0;                                  2925P   2624
124,0.1827123426,0.0,0.9831664151,16.4,0.0,1.0,0.0,2.9,             2927P   2625
-0.9831664151,0.0,0.1827123426,-7.184359451,0,0;                    2927P   2626
100,0.0,0.0,0.0,0.5,0.0,1.746454386E-015,0.5,0,0;                   2929P   2627
110,16.4,3.4,-7.184359451,5.935898385,3.4,-9.129015503,0,0;         2931P   2628
124,0.0,0.1827123426,-0.9831664151,5.935898385,1.0,0.0,0.0,2.9,     2933P   2629
0.0,-0.9831664151,-0.1827123426,-9.129015503,0,0;                   2933P   2630
100,0.0,0.0,0.0,0.5,0.0,0.4695592219,0.1717967901,0,0;              2935P   2631
126,17,5,0,0,1,0,0.0,0.0,0.0,0.0,0.0,0.0,0.3900550177,              2937P   2632
0.3900550177,0.3900550177,0.6283075387,0.6283075387,                2937P   2633
0.6283075387,0.7748564299,0.7748564299,0.7748564299,                2937P   2634
0.9323593984,0.9323593984,0.9323593984,1.275137805,1.275137805,     2937P   2635
1.275137805,1.275137805,1.275137805,1.275137805,1.0,1.0,1.0,1.0,    2937P   2636
1.0,1.0,1.0,1.0,1.0,1.0,1.0,1.0,1.0,1.0,1.0,1.0,1.0,1.0,            2937P   2637
5.967287782,3.369559216,-9.297920353,6.021850223,3.363841941,       2937P   2638
-9.30367458,6.076179598,3.357007555,-9.310528652,6.126787915,       2937P   2639
3.349051378,-9.318455981,6.213438733,3.333074928,-9.334358879,      2937P   2640
6.293549829,3.305127432,-9.361595883,6.325064155,3.293599579,       2937P   2641
-9.372845305,6.365653117,3.25926504,-9.405661717,6.357569743,       2937P   2642
3.217448918,-9.444460926,6.346614722,3.202672305,-9.457968853,      2937P   2643
6.32163014,3.176552638,-9.481667297,6.289803396,3.154687315,        2937P   2644
-9.501164123,6.272318455,3.144011911,-9.510612371,6.215342874,      2937P   2645
3.112444044,-9.538357813,6.153658335,3.085803439,-9.561245467,      2937P   2646
6.111697333,3.069146595,-9.575399145,6.067958213,3.053117131,       2937P   2647
-9.588869052,6.023711667,3.037893204,-9.601534595,0.0,              2937P   2648
1.275137805,0.0,0.0,0.0,0,0;                                        2937P   2649
124,0.1756266713,0.05038958449,-0.9831664151,5.935898385,           2939P   2650
0.2757864289,-0.9612189374,0.0,2.9,-0.9450381569,-0.2711439547,     2939P   2651
-0.1827123426,-9.129015503,0,0;                                     2939P   2652
100,0.0,0.0,0.0,0.5,0.0,0.4806094687,0.1378932145,0,0;              2941P   2653
110,6.027254556,2.9,-9.620598711,16.49135617,2.9,-7.675942658,0,    2943P   2654
0;                                                                  2943P   2655
102,6,2929,2931,2935,2937,2941,2943,0,0;                            2945P   2656
142,0,2925,0,2945,2,0,0;                                            2947P   2657
144,2925,1,0,2947,0,0;                                              2949P   2658
110,16.4,-2.9,-7.184359451,16.39463143,-3.899985589,                2951P   2659
-7.184359451,0,0;                                                   2951P   2660
124,-0.005368573543,0.9999855891,0.0,16.4,-0.9999855891,            2953P   2661
-0.005368573543,7.769340726E-013,-2.9,7.769228763E-013,             2953P   2662
4.171027707E-015,1.0,-7.184359451,0,0;                              2953P   2663
100,0.0,0.0,0.0,0.5,0.0,-0.5,6.123233996E-017,0,0;                  2955P   2664
120,2951,2955,0.0,6.283185307,0,0;                                  2957P   2665
124,1.0,5.329070518E-015,0.0,16.4,8.881784197E-016,                 2959P   2666
1.054711873E-015,1.0,-2.9,5.329070518E-015,-1.0,                    2959P   2667
1.054711873E-015,-7.184359451,0,0;                                  2959P   2668
100,0.0,0.0,0.0,0.5,0.0,0.09135617132,0.4915832076,0,0;             2961P   2669
126,4,4,0,0,1,0,0.0,0.0,0.0,0.0,0.0,0.7853981634,0.7853981634,      2963P   2670
0.7853981634,0.7853981634,0.7853981634,1.0,1.0,1.0,1.0,1.0,         2963P   2671
16.49135617,-2.9,-7.675942658,16.49135617,-3.093044274,             2963P   2672
-7.675942658,16.47324568,-3.289457585,-7.578490977,16.43648974,     2963P   2673
-3.4,-7.380708992,16.4,-3.4,-7.184359451,0.0,0.7853981634,0.0,      2963P   2674
0.0,0.0,0,0;                                                        2963P   2675
124,-7.105427358E-015,1.0,0.0,16.4,-1.0,-7.105427358E-015,          2965P   2676
-5.551115123E-017,-2.9,3.552713679E-015,-3.944304526E-031,1.0,      2965P   2677
-7.184359451,0,0;                                                   2965P   2678
100,0.0,0.0,0.0,0.5,0.0,-3.996802889E-015,0.5,0,0;                  2967P   2679
102,3,2961,2963,2967,0,0;                                           2969P   2680
142,0,2957,0,2969,2,0,0;                                            2971P   2681
144,2957,1,0,2971,0,0;                                              2973P   2682
110,16.4,0.0,-7.184359451,16.4,1.0,-7.184359451,0,0;                2975P   2683
110,16.9,-2.9,-7.184359451,16.9,2.9,-7.184359451,0,0;               2977P   2684
120,2975,2977,0.0,6.283185307,0,0;                                  2979P   2685
110,16.9,-2.9,-7.184359451,16.9,2.9,-7.184359451,0,0;               2981P   2686
124,1.0,1.776356839E-015,0.0,16.4,-8.881784197E-016,0.0,1.0,2.9,    2983P   2687
1.776356839E-015,-1.0,0.0,-7.184359451,0,0;                         2983P   2688
100,0.0,0.0,0.0,0.5,0.0,0.09135617132,0.4915832076,0,0;             2985P   2689
110,16.49135617,2.9,-7.675942658,16.49135617,-2.9,-7.675942658,     2987P   2690
0,0;                                                                2987P   2691
124,0.1827123426,0.9831664151,0.0,16.4,0.0,0.0,-1.0,-2.9,           2989P   2692
-0.9831664151,0.1827123426,0.0,-7.184359451,0,0;                    2989P   2693
100,0.0,0.0,0.0,0.5,0.0,0.09135617132,0.4915832076,0,0;             2991P   2694
102,4,2981,2985,2987,2991,0,0;                                      2993P   2695
142,0,2979,0,2993,2,0,0;                                            2995P   2696
144,2979,1,0,2995,0,0;                                              2997P   2697
110,16.4,2.9,-7.184359451,16.39463143,2.9,-8.18434504,0,0;          2999P   2698
124,-0.005368573543,0.9999855891,1.398177068E-026,16.4,             3001P   2699
-3.935073291E-012,-2.11260348E-014,-1.0,2.9,-0.9999855891,          3001P   2700
-0.005368573543,3.93513E-012,-7.184359451,0,0;                      3001P   2701
100,0.0,0.0,0.0,0.5,0.0,-0.5,6.123233996E-017,0,0;                  3003P   2702
120,2999,3003,0.0,6.283185307,0,0;                                  3005P   2703
124,1.0,-1.380506584E-030,3.552713679E-015,16.4,0.0,1.0,            3007P   2704
3.885780586E-016,2.9,-3.552713679E-015,-3.885780586E-016,1.0,       3007P   2705
-7.184359451,0,0;                                                   3007P   2706
100,0.0,0.0,0.0,0.5,0.0,-3.552713679E-015,0.5,0,0;                  3009P   2707
126,4,4,0,0,1,0,1.959251392,1.959251392,1.959251392,1.959251392,    3011P   2708
1.959251392,2.744649556,2.744649556,2.744649556,2.744649556,        3011P   2709
2.744649556,1.0,1.0,1.0,1.0,1.0,16.4,3.4,-7.184359451,              3011P   2710
16.43648974,3.4,-7.380708992,16.47324568,3.289457585,               3011P   2711
-7.578490977,16.49135617,3.093044274,-7.675942658,16.49135617,      3011P   2712
2.9,-7.675942658,1.959251392,2.744649556,0.0,0.0,0.0,0,0;           3011P   2713
124,0.1827123426,0.9831664151,1.774937037E-030,16.4,0.0,            3013P   2714
9.128315235E-017,-1.0,2.9,-0.9831664151,0.1827123426,               3013P   2715
4.996003611E-016,-7.184359451,0,0;                                  3013P   2716
100,0.0,0.0,0.0,0.5,0.0,0.09135617132,0.4915832076,0,0;             3015P   2717
102,3,3009,3011,3015,0,0;                                           3017P   2718
142,0,3005,0,3017,2,0,0;                                            3019P   2719
144,3005,1,0,3019,0,0;                                              3021P   2720
110,16.4,2.9,-5.564507752,16.4,2.9,-6.564507752,0,0;                3023P   2721
110,16.4,3.4,-2.0,16.4,3.4,-7.184359451,0,0;                        3025P   2722
120,3023,3025,0.0,6.283185307,0,0;                                  3027P   2723
124,1.0,0.0,0.0,16.4,0.0,1.0,0.0,2.9,0.0,0.0,1.0,-2.0,0,0;          3029P   2724
100,0.0,0.0,0.0,0.5,0.0,0.0,0.5,0,0;                                3031P   2725
110,16.4,3.4,-2.0,16.4,3.4,-7.184359451,0,0;                        3033P   2726
124,0.0,1.0,0.0,16.4,1.0,0.0,0.0,2.9,0.0,0.0,-1.0,-7.184359451,     3035P   2727
0,0;                                                                3035P   2728
100,0.0,0.0,0.0,0.5,0.0,0.0,0.5,0,0;                                3037P   2729
110,16.9,2.9,-7.184359451,16.9,2.9,-2.0,0,0;                        3039P   2730
102,4,3031,3033,3037,3039,0,0;                                      3041P   2731
142,0,3027,0,3041,2,0,0;                                            3043P   2732
144,3027,1,0,3043,0,0;                                              3045P   2733
110,16.4,-2.9,-5.564507752,16.4,-2.9,-4.564507752,0,0;              3047P   2734
110,16.4,-3.4,-7.184359451,16.4,-3.4,-2.0,0,0;                      3049P   2735
120,3047,3049,0.0,6.283185307,0,0;                                  3051P   2736
124,0.0,1.0,0.0,16.4,-1.0,0.0,0.0,-2.9,0.0,0.0,1.0,-2.0,0,0;        3053P   2737
100,0.0,0.0,0.0,0.5,0.0,0.0,0.5,0,0;                                3055P   2738
110,16.9,-2.9,-2.0,16.9,-2.9,-7.184359451,0,0;                      3057P   2739
124,1.0,0.0,0.0,16.4,0.0,-1.0,0.0,-2.9,1.776356839E-015,0.0,        3059P   2740
-1.0,-7.184359451,0,0;                                              3059P   2741
100,0.0,0.0,0.0,0.5,0.0,0.0,0.5,0,0;                                3061P   2742
110,16.4,-3.4,-7.184359451,16.4,-3.4,-2.0,0,0;                      3063P   2743
102,4,3055,3057,3061,3063,0,0;                                      3065P   2744
142,0,3051,0,3065,2,0,0;                                            3067P   2745
144,3051,1,0,3067,0,0;                                              3069P   2746
126,5,5,0,0,1,0,0.0,0.0,0.0,0.0,0.0,0.0,0.1138106523,               3071P   2747
0.1138106523,0.1138106523,0.1138106523,0.1138106523,                3071P   2748
0.1138106523,1.0,1.0,1.0,1.0,1.0,1.0,4.0,4.290916956,-5.8,4.0,      3071P   2749
4.2748217,-5.8,3.999608753,4.25872646,-5.8,3.998825066,             3071P   2750
4.242627913,-5.8,3.997650414,4.226570738,-5.8,3.996082739,          3071P   2751
4.210552009,-5.8,0.0,0.1138106523,0.0,0.0,0.0,0,0;                  3071P   2752
110,3.996082739,4.210552009,-5.8,4.935898385,3.667949192,-5.8,0,    3073P   2753
0;                                                                  3073P   2754
124,-0.5,0.8660254038,0.0,5.935898385,-0.8660254038,-0.5,0.0,       3075P   2755
5.4,-8.881784197E-016,0.0,1.0,-5.8,0,0;                             3075P   2756
100,0.0,0.0,0.0,2.0,0.0,1.732050808,1.0,0,0;                        3077P   2757
110,5.935898385,3.4,-5.8,7.681145748,3.4,-5.8,0,0;                  3079P   2758
124,0.9144221128,-0.4047619048,0.0,0.0,0.4047619048,                3081P   2759
0.9144221128,0.0,0.0,0.0,0.0,1.0,-5.8,0,0;                          3081P   2760
100,0.0,0.0,0.0,8.4,0.0,8.370886395,0.6987567268,0,0;               3083P   2761
124,0.8775825619,-0.4794255386,0.0,0.0,0.4794255386,                3085P   2762
0.8775825619,0.0,0.0,0.0,0.0,1.0,-5.8,0,0;                          3085P   2763
100,0.0,0.0,0.0,8.4,0.0,8.357183311,0.8470461038,0,0;               3087P   2764
124,0.8247646198,-0.5654761905,0.0,0.0,0.5654761905,                3089P   2765
0.8247646198,0.0,0.0,0.0,0.0,1.0,-5.8,0,0;                          3089P   2766
100,0.0,0.0,0.0,8.4,0.0,7.781290715,3.164097788,0,0;                3091P   2767
110,4.628511314,7.009770539,-5.8,4.80761032,7.009770539,-5.8,0,     3093P   2768
0;                                                                  3093P   2769
124,0.5656012141,-0.824678887,0.0,0.0,0.824678887,0.5656012141,     3095P   2770
0.0,0.0,-2.089831576E-016,0.0,1.0,-5.8,0,0;                         3095P   2771
100,0.0,0.0,0.0,8.5,0.0,8.447496509,0.9432935578,0,0;               3097P   2772
110,4.0,7.5,-5.8,4.0,4.290916956,-5.8,0,0;                          3099P   2773
102,10,3071,3073,3077,3079,3083,3087,3091,3093,3097,3099,0,0;       3101P   2774
142,0,277,0,3101,2,0,0;                                             3103P   2775
144,277,1,0,3103,0,0;                                               3105P   2776
108,0.5,0.8660254038,0.0,5.644486373,0,4.935898385,3.667949192,     3107P   2777
-11.0,1.0,0,0;                                                      3107P   2778
110,3.5,4.496965511,-6.849192691,3.270378194,4.629537723,           3109P   2779
-7.01295836,0,0;                                                    3109P   2780
126,8,5,0,0,1,0,1.553736355,1.553736355,1.553736355,1.553736355,    3111P   2781
1.553736355,1.553736355,3.221414788,3.221414788,3.221414788,        3111P   2782
5.48739718,5.48739718,5.48739718,5.48739718,5.48739718,             3111P   2783
5.48739718,1.0,1.0,1.0,1.0,1.0,1.0,1.0,1.0,1.0,3.270378194,         3111P   2784
4.629537723,-7.01295836,3.355613734,4.580326961,-7.227287637,       3111P   2785
3.45953712,4.520326766,-7.43174024,3.578665515,4.451547955,         3111P   2786
-7.625012247,3.88687888,4.273600886,-8.054082423,4.248384729,       3111P   2787
4.064885387,-8.425030225,4.468952216,3.937540689,-8.621173503,      3111P   2788
4.698728718,3.804879164,-8.801637884,4.935898385,3.667949192,       3111P   2789
-8.968053797,1.553736355,5.48739718,0.0,0.0,0.0,0,0;                3111P   2790
110,4.935898385,3.667949192,-8.968053797,4.935898385,               3113P   2791
3.667949192,-5.8,0,0;                                               3113P   2792
110,4.935898385,3.667949192,-5.8,3.996082739,4.210552009,-5.8,0,    3115P   2793
0;                                                                  3115P   2794
126,11,5,0,0,1,0,0.0,0.0,0.0,0.0,0.0,0.0,0.05695681592,             3117P   2795
0.05695681592,0.05695681592,1.252074474,1.252074474,1.252074474,    3117P   2796
1.746429148,1.746429148,1.746429148,1.746429148,1.746429148,        3117P   2797
1.746429148,1.0,1.0,1.0,1.0,1.0,1.0,1.0,1.0,1.0,1.0,1.0,1.0,        3117P   2798
3.996082739,4.210552009,-5.8,3.995480811,4.210899532,               3117P   2799
-5.80802826,3.994823988,4.211278749,-5.816050002,3.994113297,       3117P   2800
4.211689066,-5.824064418,3.977326622,4.221380858,-6.000075349,      3117P   2801
3.935358239,4.245611315,-6.172663309,3.880572407,4.27724193,        3117P   2802
-6.32777521,3.7799797,4.335319156,-6.540018262,3.642488856,         3117P   2803
4.414699532,-6.71926723,3.598942235,4.439841185,-6.768084785,       3117P   2804
3.551512275,4.467224885,-6.81245427,3.5,4.496965511,                3117P   2805
-6.849192691,0.0,1.746429148,0.0,0.0,0.0,0,0;                       3117P   2806
102,5,3109,3111,3113,3115,3117,0,0;                                 3119P   2807
142,0,3107,0,3119,2,0,0;                                            3121P   2808
144,3107,1,0,3121,0,0;                                              3123P   2809
108,-1.0,1.224646799E-016,0.0,-4.0,0,4.0,-4.898587197E-016,0.0,     3125P   2810
1.0,0,0;                                                            3125P   2811
110,4.0,4.290916956,-5.8,4.0,7.5,-5.8,0,0;                          3127P   2812
126,11,5,0,0,1,0,0.0,0.0,0.0,0.0,0.0,0.0,0.5917870663,              3129P   2813
0.5917870663,0.5917870663,1.010452167,1.010452167,1.010452167,      3129P   2814
1.414511457,1.414511457,1.414511457,1.414511457,1.414511457,        3129P   2815
1.414511457,1.0,1.0,1.0,1.0,1.0,1.0,1.0,1.0,1.0,1.0,1.0,1.0,4.0,    3129P   2816
7.5,-5.8,4.0,7.58369133,-5.8,4.0,7.66748277,-5.788639286,4.0,       3129P   2817
7.749415246,-5.765712686,4.0,7.881858634,-5.706577108,4.0,          3129P   2818
7.993496287,-5.615346151,4.0,8.035192228,-5.572281404,4.0,          3129P   2819
8.105899031,-5.478398917,4.0,8.151015159,-5.370078192,4.0,          3129P   2820
8.166164883,-5.314284735,4.0,8.173738435,-5.257142613,4.0,          3129P   2821
8.173738435,-5.2,0.0,1.414511457,0.0,0.0,0.0,0,0;                   3129P   2822
110,4.0,8.173738435,-5.2,4.0,8.173738435,-2.0,0,0;                  3131P   2823
110,4.0,8.173738435,-2.0,4.0,16.29236364,-2.0,0,0;                  3133P   2824
110,4.0,16.29236364,-2.0,4.0,14.45264439,-12.48639974,0,0;          3135P   2825
124,0.0,-2.11618327E-017,-1.0,4.0,0.9849570247,-0.1727994775,       3137P   2826
1.224646799E-016,13.96016587,-0.1727994775,-0.9849570247,0.0,       3137P   2827
-12.4,0,0;                                                          3137P   2828
100,0.0,0.0,0.0,0.5,0.0,0.08639973875,0.4924785124,0,0;             3139P   2829
110,4.0,13.96016587,-12.9,4.0,10.27707228,-12.9,0,0;                3141P   2830
124,0.0,-1.224646799E-016,-1.0,4.0,5.36650326E-007,-1.0,            3143P   2831
1.224646799E-016,10.27707201,-1.0,-5.36650326E-007,0.0,-12.4,0,     3143P   2832
0;                                                                  3143P   2833
100,0.0,0.0,0.0,0.5,0.0,0.3145989058,0.3886226042,0,0;              3145P   2834
110,4.0,9.888449573,-12.71459911,4.0,4.290916956,-5.8,0,0;          3147P   2835
102,9,3127,3129,3131,3133,3135,3139,3141,3145,3147,0,0;             3149P   2836
142,0,3125,0,3149,2,0,0;                                            3151P   2837
144,3125,1,0,3151,0,0;                                              3153P   2838
110,3.5,13.96016587,-12.4,2.5,13.96016587,-12.4,0,0;                3155P   2839
124,1.0,1.836909531E-016,6.139070674E-016,3.5,-3.552713679E-015,    3157P   2840
0.9849570247,0.1727994775,14.45264439,0.0,-0.1727994775,            3157P   2841
0.9849570247,-12.48639974,0,0;                                      3157P   2842
100,0.0,0.0,0.0,0.5,0.0,-1.745740669E-015,0.5,0,0;                  3159P   2843
120,3155,3159,0.0,1.397125129,0,0;                                  3161P   2844
124,0.0,0.0,-1.0,3.5,0.9849570246,-0.172799478,0.0,13.96016587,     3163P   2845
-0.172799478,-0.9849570246,0.0,-12.4,0,0;                           3163P   2846
100,0.0,0.0,0.0,1.0,0.0,0.172799478,0.9849570246,0,0;               3165P   2847
124,-1.776356839E-015,1.0,0.0,3.5,0.0,9.860761315E-032,-1.0,        3167P   2848
13.96016587,-1.0,-1.776356839E-015,-5.551115123E-017,-12.9,0,0;     3167P   2849
100,0.0,0.0,0.0,0.5,0.0,-2.664535259E-015,0.5,0,0;                  3169P   2850
124,-1.776356839E-015,0.0,1.0,4.0,7.105427358E-015,1.0,0.0,         3171P   2851
13.96016587,-1.0,7.105427358E-015,0.0,-12.4,0,0;                    3171P   2852
100,0.0,0.0,0.0,0.5,0.0,0.08639973875,0.4924785124,0,0;             3173P   2853
124,1.0,0.0,0.0,3.5,0.0,0.9849570247,0.1727994775,14.45264439,      3175P   2854
0.0,-0.1727994775,0.9849570247,-12.48639974,0,0;                    3175P   2855
100,0.0,0.0,0.0,0.5,0.0,0.0,0.5,0,0;                                3177P   2856
102,4,3165,3169,3173,3177,0,0;                                      3179P   2857
142,0,3161,0,3179,2,0,0;                                            3181P   2858
144,3161,1,0,3181,0,0;                                              3183P   2859
110,3.5,10.50414519,-12.9,3.5,11.50414519,-12.9,0,0;                3185P   2860
110,4.0,10.27707201,-12.9,4.0,13.96016587,-12.9,0,0;                3187P   2861
120,3185,3187,0.0,6.283185307,0,0;                                  3189P   2862
110,3.5,13.96016587,-13.4,3.5,10.27707201,-13.4,0,0;                3191P   2863
124,-8.881784197E-016,1.0,0.0,3.5,0.0,0.0,-1.0,10.27707201,-1.0,    3193P   2864
-8.881784197E-016,0.0,-12.9,0,0;                                    3193P   2865
100,0.0,0.0,0.0,0.5,0.0,-7.149836279E-014,0.5,0,0;                  3195P   2866
110,4.0,10.27707228,-12.9,4.0,13.96016587,-12.9,0,0;                3197P   2867
124,1.0,0.0,0.0,3.5,0.0,0.0,1.0,13.96016587,0.0,-1.0,0.0,-12.9,     3199P   2868
0,0;                                                                3199P   2869
100,0.0,0.0,0.0,0.5,0.0,-4.440892099E-016,0.5,0,0;                  3201P   2870
102,4,3191,3195,3197,3201,0,0;                                      3203P   2871
142,0,3189,0,3203,2,0,0;                                            3205P   2872
144,3189,1,0,3205,0,0;                                              3207P   2873
110,3.5,10.27707201,-12.4,2.5,10.27707201,-12.4,0,0;                3209P   2874
124,1.0,1.836909531E-016,-1.906564941E-021,3.5,0.0,                 3211P   2875
5.366503223E-007,1.0,10.27707228,3.552713679E-015,-1.0,             3211P   2876
5.366503223E-007,-12.9,0,0;                                         3211P   2877
100,0.0,0.0,0.0,0.5,0.0,-1.868205349E-015,-0.5,0,0;                 3213P   2878
120,3209,3213,0.0,0.8902756388,0,0;                                 3215P   2879
124,0.0,0.0,-1.0,3.5,-1.776356839E-015,-1.0,0.0,10.27707201,        3217P   2880
-1.0,1.776356839E-015,0.0,-12.4,0,0;                                3217P   2881
100,0.0,0.0,0.0,1.0,0.0,0.6291982287,0.7772448707,0,0;              3219P   2882
124,0.0,1.0,0.0,3.5,-0.7772448707,0.0,-0.6291982287,9.888449573,    3221P   2883
-0.6291982287,0.0,0.7772448707,-12.71459911,0,0;                    3221P   2884
100,0.0,0.0,0.0,0.5,0.0,-2.629836651E-016,0.5,0,0;                  3223P   2885
124,-3.552713679E-015,0.0,1.0,4.0,-0.7772448707,0.6291982287,       3225P   2886
0.0,10.27707201,-0.6291982287,-0.7772448707,0.0,-12.4,0,0;          3225P   2887
100,0.0,0.0,0.0,0.5,0.0,0.3145989058,0.3886226042,0,0;              3227P   2888
124,1.0,0.0,0.0,3.5,0.0,5.366503223E-007,1.0,10.27707228,0.0,       3229P   2889
-1.0,5.366503223E-007,-12.9,0,0;                                    3229P   2890
100,0.0,0.0,0.0,0.5,0.0,0.0,0.5,0,0;                                3231P   2891
102,4,3219,3223,3227,3231,0,0;                                      3233P   2892
142,0,3215,0,3233,2,0,0;                                            3235P   2893
144,3215,1,0,3235,0,0;                                              3237P   2894
110,3.5,6.989480323,-9.133519453,3.5,6.360282095,-8.356274583,0,    3239P   2895
0;                                                                  3239P   2896
110,3.5,9.499827137,-13.02919823,3.5,3.870478809,-6.075297352,0,    3241P   2897
0;                                                                  3241P   2898
120,3239,3241,0.0,6.283185307,0,0;                                  3243P   2899
126,5,5,0,0,1,0,0.0,0.0,0.0,0.0,0.0,0.0,1.746429148,1.746429148,    3245P   2900
1.746429148,1.746429148,1.746429148,1.746429148,1.0,1.0,1.0,1.0,    3245P   2901
1.0,1.0,3.5,4.496965511,-6.849192691,3.681979748,4.391899455,       3245P   2902
-6.719405209,3.812641667,4.31644566,-6.499378166,3.908247176,       3245P   2903
4.261271822,-6.288115429,3.977623623,4.22120803,-6.046165112,       3245P   2904
3.996082998,4.210551996,-5.800000011,0.0,1.746429148,0.0,0.0,       3245P   2905
0.0,0,0;                                                            3245P   2906
126,3,3,0,0,1,0,0.0,0.0,0.0,0.0,0.1138106523,0.1138106523,          3247P   2907
0.1138106523,0.1138106523,1.0,1.0,1.0,1.0,3.996082998,              3247P   2908
4.210551996,-5.800000011,3.998695791,4.237249878,-5.800000011,      3247P   2909
4.0,4.264091528,-5.8,4.0,4.290916956,-5.8,0.0,0.1138106523,0.0,     3247P   2910
0.0,0.0,0,0;                                                        3247P   2911
110,4.0,4.290916956,-5.8,4.0,9.888449573,-12.71459911,0,0;          3249P   2912
124,1.0,0.0,0.0,3.5,0.0,-0.7772448707,0.6291982287,9.888449573,     3251P   2913
0.0,-0.6291982287,-0.7772448707,-12.71459911,0,0;                   3251P   2914
100,0.0,0.0,0.0,0.5,0.0,0.0,0.5,0,0;                                3253P   2915
110,3.5,9.499827137,-13.02919823,3.5,4.496965511,-6.849192691,0,    3255P   2916
0;                                                                  3255P   2917
102,5,3245,3247,3249,3253,3255,0,0;                                 3257P   2918
142,0,3243,0,3257,2,0,0;                                            3259P   2919
144,3243,1,0,3259,0,0;                                              3261P   2920
110,3.5,15.29236364,-7.7,3.5,15.46516312,-6.715042975,0,0;          3263P   2921
110,4.0,14.45264439,-12.48639974,4.0,16.30756345,-1.913361065,0,    3265P   2922
0;                                                                  3265P   2923
120,3263,3265,0.0,6.283185307,0,0;                                  3267P   2924
126,4,4,0,0,1,0,0.0,0.0,0.0,0.0,0.0,1.119155513,1.119155513,        3269P   2925
1.119155513,1.119155513,1.119155513,1.0,1.0,1.0,1.0,1.0,4.0,        3269P   2926
16.29236364,-2.0,4.0,16.49020425,-2.0,3.897801893,16.69098938,      3269P   2927
-2.000000076,3.697840613,16.8,-2.0,3.5,16.8,-2.0,0.0,               3269P   2928
1.119155513,0.0,0.0,0.0,0,0;                                        3269P   2929
110,3.5,16.8,-2.0,3.5,14.9451229,-12.57279948,0,0;                  3271P   2930
124,0.0,1.0,0.0,3.5,0.9849570246,0.0,-0.172799478,14.45264439,      3273P   2931
-0.172799478,0.0,-0.9849570246,-12.48639974,0,0;                    3273P   2932
100,0.0,0.0,0.0,0.5,0.0,6.139070688E-016,0.5,0,0;                   3275P   2933
110,4.0,14.45264439,-12.48639974,4.0,16.29236364,-2.0,0,0;          3277P   2934
102,4,3269,3271,3275,3277,0,0;                                      3279P   2935
142,0,3267,0,3279,2,0,0;                                            3281P   2936
144,3267,1,0,3281,0,0;                                              3283P   2937
108,-1.0,1.224646799E-016,0.0,-2.0,0,2.0,-2.449293598E-016,0.0,     3285P   2938
1.0,0,0;                                                            3285P   2939
110,2.0,4.73341297,-6.346612723,2.0,9.888449573,-12.71459911,0,     3287P   2940
0;                                                                  3287P   2941
124,0.0,7.705455968E-017,1.0,2.0,-0.7772448707,0.6291982287,        3289P   2942
-1.224646799E-016,10.27707201,-0.6291982287,-0.7772448707,0.0,      3289P   2943
-12.4,0,0;                                                          3289P   2944
100,0.0,0.0,0.0,0.5,0.0,0.3145993791,0.388622221,0,0;               3291P   2945
110,2.0,10.27707167,-12.9,2.0,13.96016587,-12.9,0,0;                3293P   2946
124,0.0,1.224646799E-016,1.0,2.0,3.552713679E-015,1.0,              3295P   2947
-1.224646799E-016,13.96016587,-1.0,3.552713679E-015,0.0,-12.4,0,    3295P   2948
0;                                                                  3295P   2949
100,0.0,0.0,0.0,0.5,0.0,0.08639986619,0.49247849,0,0;               3297P   2950
110,2.0,14.45264436,-12.48639987,2.0,16.29236364,-2.0,0,0;          3299P   2951
110,2.0,16.29236364,-2.0,2.0,8.877499648,-2.0,0,0;                  3301P   2952
110,2.0,8.877499648,-2.0,2.0,8.877499648,-5.2,0,0;                  3303P   2953
126,14,5,0,0,1,0,0.0,0.0,0.0,0.0,0.0,0.0,0.4020585531,              3305P   2954
0.4020585531,0.4020585531,0.8076104304,0.8076104304,                3305P   2955
0.8076104304,1.217880964,1.217880964,1.217880964,1.350475613,       3305P   2956
1.350475613,1.350475613,1.350475613,1.350475613,1.350475613,1.0,    3305P   2957
1.0,1.0,1.0,1.0,1.0,1.0,1.0,1.0,1.0,1.0,1.0,1.0,1.0,1.0,2.0,        3305P   2958
8.877499648,-5.2,2.0,8.877499648,-5.256859666,2.0,8.870595373,      3305P   2959
-5.313718916,2.0,8.85678512,-5.369461438,2.0,8.815806999,           3305P   2960
-5.476966114,2.0,8.750500679,-5.571733916,2.0,8.712142105,          3305P   2961
-5.615153083,2.0,8.62542226,-5.692547405,2.0,8.523123549,           3305P   2962
-5.747773418,2.0,8.468666902,-5.769387008,2.0,8.393993621,          3305P   2963
-5.789415606,2.0,8.317623827,-5.79791956,2.0,8.298860604,           3305P   2964
-5.799308,2.0,8.280107536,-5.8,2.0,8.261355821,-5.8,0.0,            3305P   2965
1.350475613,0.0,0.0,0.0,0,0;                                        3305P   2966
110,2.0,8.261355821,-5.8,2.0,4.75,-5.8,0,0;                         3307P   2967
110,2.0,4.75,-5.8,2.0,4.75,-5.95,0,0;                               3309P   2968
124,5.609547914E-016,2.289904966E-032,-1.0,2.0,1.0,                 3311P   2969
1.869849305E-016,1.224646799E-016,1.53142748E-015,                  3311P   2970
1.869849305E-016,-1.0,0.0,-5.95,0,0;                                3311P   2971
100,0.0,0.0,0.0,4.75,0.0,4.73341297,0.396612723,0,0;                3313P   2972
102,11,3287,3291,3293,3297,3299,3301,3303,3305,3307,3309,3313,0,    3315P   2973
0;                                                                  3315P   2974
142,0,3285,0,3315,2,0,0;                                            3317P   2975
144,3285,1,0,3317,0,0;                                              3319P   2976
108,-1.206224468E-016,-0.9849570246,0.172799478,-16.89287697,0,     3321P   2977
2.0,16.8,-2.0,1.0,0,0;                                              3321P   2978
110,2.5,14.9451229,-12.57279948,3.5,14.9451229,-12.57279948,0,0;    3323P   2979
110,3.5,14.9451229,-12.57279948,3.5,16.8,-2.0,0,0;                  3325P   2980
110,3.5,16.8,-2.0,2.5,16.8,-2.0,0,0;                                3327P   2981
110,2.5,16.8,-2.0,2.5,14.9451229,-12.57279948,0,0;                  3329P   2982
102,4,3323,3325,3327,3329,0,0;                                      3331P   2983
142,0,3321,0,3331,2,0,0;                                            3333P   2984
144,3321,1,0,3333,0,0;                                              3335P   2985
110,3.0,13.96016587,-12.4,2.0,13.96016587,-12.4,0,0;                3337P   2986
110,3.5,14.9451229,-12.57279948,2.5,14.9451229,-12.57279948,0,0;    3339P   2987
120,3337,3339,0.0,6.283185307,0,0;                                  3341P   2988
124,0.0,-2.116183276E-017,-1.0,2.5,0.9849570246,-0.172799478,       3343P   2989
1.224646799E-016,13.96016587,-0.172799478,-0.9849570246,0.0,        3343P   2990
-12.4,0,0;                                                          3343P   2991
100,0.0,0.0,0.0,1.0,0.0,0.172799478,0.9849570246,0,0;               3345P   2992
110,2.5,13.96016587,-13.4,3.5,13.96016587,-13.4,0,0;                3347P   2993
124,-8.881784197E-016,1.224646799E-016,1.0,3.5,                     3349P   2994
-1.776356839E-015,1.0,-1.224646799E-016,13.96016587,-1.0,           3349P   2995
-1.776356839E-015,0.0,-12.4,0,0;                                    3349P   2996
100,0.0,0.0,0.0,1.0,0.0,0.172799478,0.9849570246,0,0;               3351P   2997
110,3.5,14.9451229,-12.57279948,2.5,14.9451229,-12.57279948,0,0;    3353P   2998
102,4,3345,3347,3351,3353,0,0;                                      3355P   2999
142,0,3341,0,3355,2,0,0;                                            3357P   3000
144,3341,1,0,3357,0,0;                                              3359P   3001
110,2.5,10.27707201,-13.4,3.5,10.27707201,-13.4,0,0;                3361P   3002
110,3.5,10.27707201,-13.4,3.5,13.96016587,-13.4,0,0;                3363P   3003
110,3.5,13.96016587,-13.4,2.5,13.96016587,-13.4,0,0;                3365P   3004
110,2.5,13.96016587,-13.4,2.5,10.27707201,-13.4,0,0;                3367P   3005
102,4,3361,3363,3365,3367,0,0;                                      3369P   3006
142,0,2237,0,3369,2,0,0;                                            3371P   3007
144,2237,1,0,3371,0,0;                                              3373P   3008
110,3.0,10.27707201,-12.4,2.0,10.27707201,-12.4,0,0;                3375P   3009
110,3.5,10.27707201,-13.4,2.5,10.27707201,-13.4,0,0;                3377P   3010
120,3375,3377,0.0,6.283185307,0,0;                                  3379P   3011
124,-4.440892099E-016,-1.224646799E-016,-1.0,2.5,0.0,-1.0,          3381P   3012
1.224646799E-016,10.27707201,-1.0,5.438524294E-032,0.0,-12.4,0,     3381P   3013
0;                                                                  3381P   3014
100,0.0,0.0,0.0,1.0,0.0,0.6291982287,0.7772448707,0,0;              3383P   3015
110,2.5,9.499827137,-13.02919823,3.5,9.499827137,-13.02919823,0,    3385P   3016
0;                                                                  3385P   3017
124,0.0,7.705455968E-017,1.0,3.5,-0.7772448707,0.6291982287,        3387P   3018
-1.224646799E-016,10.27707201,-0.6291982287,-0.7772448707,0.0,      3387P   3019
-12.4,0,0;                                                          3387P   3020
100,0.0,0.0,0.0,1.0,0.0,0.6291982287,0.7772448707,0,0;              3389P   3021
110,3.5,10.27707201,-13.4,2.5,10.27707201,-13.4,0,0;                3391P   3022
102,4,3383,3385,3389,3391,0,0;                                      3393P   3023
142,0,3379,0,3393,2,0,0;                                            3395P   3024
144,3379,1,0,3395,0,0;                                              3397P   3025
108,9.518504431E-017,0.7772448707,0.6291982287,-0.8142565312,0,     3399P   3026
2.0,9.499827137,-13.02919823,1.0,0,0;                               3399P   3027
110,2.5,4.629537722,-7.012958362,3.270378194,4.629537723,           3401P   3028
-7.01295836,0,0;                                                    3401P   3029
110,3.270378194,4.629537723,-7.01295836,3.5,4.496965511,            3403P   3030
-6.849192691,0,0;                                                   3403P   3031
110,3.5,4.496965511,-6.849192691,3.5,9.499827137,-13.02919823,0,    3405P   3032
0;                                                                  3405P   3033
110,3.5,9.499827137,-13.02919823,2.5,9.499827137,-13.02919823,0,    3407P   3034
0;                                                                  3407P   3035
110,2.5,9.499827137,-13.02919823,2.5,4.629537722,-7.012958362,0,    3409P   3036
0;                                                                  3409P   3037
102,5,3401,3403,3405,3407,3409,0,0;                                 3411P   3038
142,0,3399,0,3411,2,0,0;                                            3413P   3039
144,3399,1,0,3413,0,0;                                              3415P   3040
110,2.5,13.96016587,-12.4,1.5,13.96016587,-12.4,0,0;                3417P   3041
124,0.0,-1.0,0.0,2.5,0.9849570246,0.0,0.172799478,14.45264439,      3419P   3042
-0.172799478,0.0,0.9849570246,-12.48639974,0,0;                     3419P   3043
100,0.0,0.0,0.0,0.5,0.0,1.695950707E-015,0.5,0,0;                   3421P   3044
120,3417,3421,0.0,1.397125128,0,0;                                  3423P   3045
124,-1.776356839E-015,0.0,-1.0,2.0,0.98495698,-0.1727997324,0.0,    3425P   3046
13.96016587,-0.1727997324,-0.98495698,0.0,-12.4,0,0;                3425P   3047
100,0.0,0.0,0.0,0.5,0.0,0.08639986619,0.49247849,0,0;               3427P   3048
124,-1.0,-3.552713679E-015,0.0,2.5,7.105427358E-015,                3429P   3049
-2.386979503E-015,-1.0,13.96016587,3.552713679E-015,-1.0,           3429P   3050
2.386979503E-015,-12.9,0,0;                                         3429P   3051
100,0.0,0.0,0.0,0.5,0.0,-1.776356839E-015,0.5,0,0;                  3431P   3052
124,0.0,0.0,1.0,2.5,-1.776356839E-015,1.0,0.0,13.96016587,-1.0,     3433P   3053
-1.776356839E-015,0.0,-12.4,0,0;                                    3433P   3054
100,0.0,0.0,0.0,1.0,0.0,0.172799478,0.9849570246,0,0;               3435P   3055
124,0.0,-1.0,0.0,2.5,0.9849570246,0.0,0.172799478,14.45264439,      3437P   3056
-0.172799478,0.0,0.9849570246,-12.48639974,0,0;                     3437P   3057
100,0.0,0.0,0.0,0.5,0.0,-1.632992828E-014,0.5,0,0;                  3439P   3058
102,4,3427,3431,3435,3439,0,0;                                      3441P   3059
142,0,3423,0,3441,2,0,0;                                            3443P   3060
144,3423,1,0,3443,0,0;                                              3445P   3061
110,2.5,10.71476886,-12.9,2.5,9.714768861,-12.9,0,0;                3447P   3062
110,2.0,13.96016587,-12.9,2.0,10.27707201,-12.9,0,0;                3449P   3063
120,3447,3449,0.0,6.283185307,0,0;                                  3451P   3064
110,2.0,13.96016587,-12.9,2.0,10.27707167,-12.9,0,0;                3453P   3065
124,-1.0,-2.309263891E-013,0.0,2.5,-6.812651741E-007,0.0,-1.0,      3455P   3066
10.27707201,2.309263891E-013,-1.0,0.0,-12.9,0,0;                    3455P   3067
100,0.0,0.0,0.0,0.5,0.0,-1.145750161E-013,0.5,0,0;                  3457P   3068
110,2.5,10.27707201,-13.4,2.5,13.96016587,-13.4,0,0;                3459P   3069
124,0.0,-1.0,0.0,2.5,-3.552713679E-015,0.0,1.0,13.96016587,-1.0,    3461P   3070
0.0,0.0,-12.9,0,0;                                                  3461P   3071
100,0.0,0.0,0.0,0.5,0.0,-6.310887242E-030,0.5,0,0;                  3463P   3072
102,4,3453,3457,3459,3463,0,0;                                      3465P   3073
142,0,3451,0,3465,2,0,0;                                            3467P   3074
144,3451,1,0,3467,0,0;                                              3469P   3075
110,2.5,10.27707201,-12.4,1.5,10.27707201,-12.4,0,0;                3471P   3076
124,0.0,-1.0,0.0,2.5,-3.552713679E-015,0.0,1.0,10.27707201,-1.0,    3473P   3077
0.0,-3.552713679E-015,-12.9,0,0;                                    3473P   3078
100,0.0,0.0,0.0,0.5,0.0,1.806973009E-015,0.5,0,0;                   3475P   3079
120,3471,3475,0.0,0.8902751021,0,0;                                 3477P   3080
124,2.664535259E-015,0.0,-1.0,2.0,-6.812651776E-007,-1.0,0.0,       3479P   3081
10.27707201,-1.0,6.812651776E-007,0.0,-12.4,0,0;                    3479P   3082
100,0.0,0.0,0.0,0.5,0.0,0.3145993791,0.388622221,0,0;               3481P   3083
124,-1.0,4.996689638E-015,0.0,2.5,-3.552713679E-015,                3483P   3084
-0.7772448707,-0.6291982287,9.888449573,-3.552713679E-015,          3483P   3085
-0.6291982287,0.7772448707,-12.71459911,0,0;                        3483P   3086
100,0.0,0.0,0.0,0.5,0.0,2.498344819E-015,0.5,0,0;                   3485P   3087
124,0.0,0.0,1.0,2.5,-0.7772448707,0.6291982287,0.0,10.27707201,     3487P   3088
-0.6291982287,-0.7772448707,0.0,-12.4,0,0;                          3487P   3089
100,0.0,0.0,0.0,1.0,0.0,0.6291982287,0.7772448707,0,0;              3489P   3090
124,-8.881784197E-016,-1.0,0.0,2.5,0.0,3.081487911E-030,1.0,        3491P   3091
10.27707201,-1.0,8.881784197E-016,-3.469446952E-015,-12.9,0,0;      3491P   3092
100,0.0,0.0,0.0,0.5,0.0,-1.150191054E-013,0.5,0,0;                  3493P   3093
102,4,3481,3485,3489,3493,0,0;                                      3495P   3094
142,0,3477,0,3495,2,0,0;                                            3497P   3095
144,3477,1,0,3497,0,0;                                              3499P   3096
110,2.5,7.242228731,-9.445738074,2.5,6.613030502,-8.668493203,0,    3501P   3097
0;                                                                  3501P   3098
110,2.0,9.888449573,-12.71459911,2.0,4.73341297,-6.346612723,0,     3503P   3099
0;                                                                  3503P   3100
120,3501,3503,0.0,6.283185307,0,0;                                  3505P   3101
126,5,5,0,0,1,0,0.0,0.0,0.0,0.0,0.0,0.0,1.317708811,1.317708811,    3507P   3102
1.317708811,1.317708811,1.317708811,1.317708811,1.0,1.0,1.0,1.0,    3507P   3103
1.0,1.0,2.0,4.73341297,-6.346612723,2.0,4.717853046,                3507P   3104
-6.532314147,2.043835584,4.694669773,-6.713302836,2.125267975,      3507P   3105
4.656949051,-6.898291153,2.313647833,4.629537722,-7.012958362,      3507P   3106
2.5,4.629537722,-7.012958362,0.0,1.317708811,0.0,0.0,0.0,0,0;       3507P   3107
110,2.5,4.629537722,-7.012958362,2.5,9.499827137,-13.02919823,0,    3509P   3108
0;                                                                  3509P   3109
124,0.0,-1.0,5.536598632E-017,2.5,-0.7772448707,                    3511P   3110
3.483618052E-017,0.6291982287,9.888449573,-0.6291982287,            3511P   3111
-4.303292888E-017,-0.7772448707,-12.71459911,0,0;                   3511P   3112
100,0.0,0.0,0.0,0.5,0.0,0.0,0.5,0,0;                                3513P   3113
110,2.0,9.888449573,-12.71459911,2.0,4.73341297,-6.346612723,0,     3515P   3114
0;                                                                  3515P   3115
102,4,3507,3509,3513,3515,0,0;                                      3517P   3116
142,0,3505,0,3517,2,0,0;                                            3519P   3117
144,3505,1,0,3519,0,0;                                              3521P   3118
110,2.5,15.29236364,-7.7,2.5,15.11956416,-8.684957025,0,0;          3523P   3119
110,2.0,16.30756345,-1.913361065,2.0,14.45264439,-12.48639974,0,    3525P   3120
0;                                                                  3525P   3121
120,3523,3525,0.0,6.283185307,0,0;                                  3527P   3122
126,4,4,0,0,1,0,0.0,0.0,0.0,0.0,0.0,1.119155513,1.119155513,        3529P   3123
1.119155513,1.119155513,1.119155513,1.0,1.0,1.0,1.0,1.0,2.5,        3529P   3124
16.8,-2.0,2.302159387,16.8,-2.0,2.102198107,16.69098938,            3529P   3125
-2.000000076,2.0,16.49020425,-2.0,2.0,16.29236364,-2.0,0.0,         3529P   3126
1.119155513,0.0,0.0,0.0,0,0;                                        3529P   3127
110,2.0,16.29236364,-2.0,2.0,14.45264436,-12.48639987,0,0;          3531P   3128
124,-1.0,-2.916058569E-014,0.0,2.5,-4.462838987E-008,               3533P   3129
0.9849570246,-0.172799478,14.45264439,-2.543816535E-007,            3533P   3130
-0.172799478,-0.9849570246,-12.48639974,0,0;                        3533P   3131
100,0.0,0.0,0.0,0.5,0.0,-1.458029321E-014,0.5,0,0;                  3535P   3132
110,2.5,14.9451229,-12.57279948,2.5,16.8,-2.0,0,0;                  3537P   3133
102,4,3529,3531,3535,3537,0,0;                                      3539P   3134
142,0,3527,0,3539,2,0,0;                                            3541P   3135
144,3527,1,0,3541,0,0;                                              3543P   3136
108,0.0,0.0,1.0,12.0,0,0.0,0.0,12.0,1.0,0,0;                        3545P   3137
124,1.0,0.0,0.0,0.0,0.0,-1.0,0.0,0.0,0.0,0.0,-1.0,12.0,0,0;         3547P   3138
100,0.0,0.0,0.0,12.6,0.0,-12.6,-1.543004006E-015,0,0;               3549P   3139
124,-1.0,1.224606354E-016,0.0,0.0,1.224606354E-016,1.0,0.0,0.0,     3551P   3140
0.0,0.0,-1.0,12.0,0,0;                                              3551P   3141
100,0.0,0.0,0.0,12.6,0.0,-12.6,1.543004006E-015,0,0;                3553P   3142
102,2,3549,3553,0,0;                                                3555P   3143
142,0,3545,0,3555,2,0,0;                                            3557P   3144
124,-0.7672854181,-0.6413057673,0.0,0.0,-0.6413057673,              3559P   3145
0.7672854181,0.0,0.0,0.0,0.0,-1.0,12.0,0,0;                         3559P   3146
100,0.0,0.0,0.0,9.8,0.0,7.890074329,5.812635124,0,0;                3561P   3147
110,-9.781615409,-0.6,12.0,-11.88486432,-0.6,12.0,0,0;              3563P   3148
124,-0.9987280945,0.05042016807,0.0,0.0,-0.05042016807,             3565P   3149
-0.9987280945,0.0,0.0,0.0,0.0,1.0,12.0,0,0;                         3565P   3150
100,0.0,0.0,0.0,11.9,0.0,-0.3005737264,11.8962034,0,0;              3567P   3151
110,0.9,-11.86591758,12.0,6.481284693E-015,-9.2,12.0,0,0;           3569P   3152
124,7.044874666E-016,-1.0,0.0,0.0,-1.0,-7.044874666E-016,0.0,       3571P   3153
0.0,0.0,0.0,-1.0,12.0,0,0;                                          3571P   3154
100,0.0,0.0,0.0,9.2,0.0,6.136676644,6.854283315,0,0;                3573P   3155
110,-6.854283315,-6.136676644,12.0,-7.519397097,-6.284796519,       3575P   3156
12.0,0,0;                                                           3575P   3157
102,6,3561,3563,3567,3569,3573,3575,0,0;                            3577P   3158
142,0,3545,0,3577,2,0,0;                                            3579P   3159
124,0.7672854181,0.6413057673,0.0,0.0,0.6413057673,                 3581P   3160
-0.7672854181,0.0,0.0,0.0,0.0,-1.0,12.0,0,0;                        3581P   3161
100,0.0,0.0,0.0,9.8,0.0,7.890074329,5.812635124,0,0;                3583P   3162
110,9.781615409,0.6,12.0,11.88486432,0.6,12.0,0,0;                  3585P   3163
124,0.9987280945,-0.05042016807,0.0,0.0,0.05042016807,              3587P   3164
0.9987280945,0.0,0.0,0.0,0.0,1.0,12.0,0,0;                          3587P   3165
100,0.0,0.0,0.0,11.9,0.0,1.198473713,11.8394958,0,0;                3589P   3166
110,0.6,11.88486432,12.0,0.6,9.180413934,12.0,0,0;                  3591P   3167
124,0.0652173913,0.9978710798,0.0,0.0,0.9978710798,                 3593P   3168
-0.0652173913,0.0,0.0,0.0,0.0,-1.0,12.0,0,0;                        3593P   3169
100,0.0,0.0,0.0,9.2,0.0,6.570630627,6.439473051,0,0;                3595P   3170
110,6.854283315,6.136676644,12.0,7.519397097,6.284796519,12.0,0,    3597P   3171
0;                                                                  3597P   3172
102,6,3583,3585,3589,3591,3595,3597,0,0;                            3599P   3173
142,0,3545,0,3599,2,0,0;                                            3601P   3174
124,-0.143111996,0.9897065002,0.0,0.0,0.9897065002,0.143111996,     3603P   3175
0.0,0.0,0.0,0.0,-1.0,12.0,0,0;                                      3603P   3176
100,0.0,0.0,0.0,9.2,0.0,9.171782543,0.7200034621,0,0;               3605P   3177
110,-0.6,9.180413934,12.0,-0.6,11.88486432,12.0,0,0;                3607P   3178
124,-0.05042016807,-0.9987280945,0.0,0.0,0.9987280945,              3609P   3179
-0.05042016807,0.0,0.0,0.0,0.0,1.0,12.0,0,0;                        3609P   3180
100,0.0,0.0,0.0,11.9,0.0,1.198473713,11.8394958,0,0;                3611P   3181
110,-11.88486432,0.6,12.0,-9.781615409,0.6,12.0,0,0;                3613P   3182
124,-0.9981240213,0.0612244898,0.0,0.0,0.0612244898,                3615P   3183
0.9981240213,0.0,0.0,0.0,0.0,-1.0,12.0,0,0;                         3615P   3184
100,0.0,0.0,0.0,9.8,0.0,9.611043448,1.915161571,0,0;                3617P   3185
110,-9.475758545,2.5,12.0,-8.810644762,2.648119875,12.0,0,0;        3619P   3186
124,-0.9576787785,0.2878391168,0.0,0.0,0.2878391168,                3621P   3187
0.9576787785,0.0,0.0,0.0,0.0,-1.0,12.0,0,0;                         3621P   3188
100,0.0,0.0,0.0,9.2,0.0,5.429828602,7.42677328,0,0;                 3623P   3189
124,-0.9581286239,-0.2863381569,0.0,-2.2,-0.2863381569,             3625P   3190
0.9581286239,0.0,8.933084574,0.0,0.0,-1.0,12.0,0,0;                 3625P   3191
100,0.0,0.0,0.0,0.9,0.0,0.8623157615,0.2577043412,0,0;              3627P   3192
124,-1.0,0.0,0.0,-2.2,0.0,1.0,0.0,8.933084574,0.0,0.0,-1.0,12.0,    3629P   3193
0,0;                                                                3629P   3194
100,0.0,0.0,0.0,0.9,0.0,-0.8833696367,0.1722152285,0,0;             3631P   3195
102,9,3605,3607,3611,3613,3617,3619,3623,3627,3631,0,0;             3633P   3196
142,0,3545,0,3633,2,0,0;                                            3635P   3197
124,0.9576787785,-0.2878391168,0.0,0.0,-0.2878391168,               3637P   3198
-0.9576787785,0.0,0.0,0.0,0.0,-1.0,12.0,0,0;                        3637P   3199
100,0.0,0.0,0.0,9.2,0.0,7.26660566,5.642379125,0,0;                 3639P   3200
110,5.334976608,-7.495200104,12.0,6.227906908,-10.14017631,12.0,    3641P   3201
0,0;                                                                3641P   3202
124,0.5233535217,0.8521156561,0.0,0.0,-0.8521156561,                3643P   3203
0.5233535217,0.0,0.0,0.0,0.0,1.0,12.0,0,0;                          3643P   3204
100,0.0,0.0,0.0,11.9,0.0,6.731254992,9.813266848,0,0;               3645P   3205
110,11.88486432,-0.6,12.0,9.781615409,-0.6,12.0,0,0;                3647P   3206
124,0.9981240213,-0.0612244898,0.0,0.0,-0.0612244898,               3649P   3207
-0.9981240213,0.0,0.0,0.0,0.0,-1.0,12.0,0,0;                        3649P   3208
100,0.0,0.0,0.0,9.8,0.0,9.611043448,1.915161571,0,0;                3651P   3209
110,9.475758545,-2.5,12.0,8.810644762,-2.648119875,12.0,0,0;        3653P   3210
102,6,3639,3641,3645,3647,3651,3653,0,0;                            3655P   3211
142,0,3545,0,3655,2,0,0;                                            3657P   3212
110,1.785517943,-10.26833175,12.0,2.263046729,-11.6828344,12.0,     3659P   3213
0,0;                                                                3659P   3214
124,0.190171994,0.9817507895,0.0,0.0,-0.9817507895,0.190171994,     3661P   3215
0.0,0.0,0.0,0.0,1.0,12.0,0,0;                                       3661P   3216
100,0.0,0.0,0.0,11.9,0.0,11.54658707,2.878598122,0,0;               3663P   3217
110,5.021903465,-10.78844222,12.0,4.533166594,-9.340739759,12.0,    3665P   3218
0,0;                                                                3665P   3219
110,4.533166594,-9.340739759,12.0,1.785517943,-10.26833175,12.0,    3667P   3220
0,0;                                                                3667P   3221
102,4,3659,3663,3665,3667,0,0;                                      3669P   3222
142,0,3545,0,3669,2,0,0;                                            3671P   3223
124,-0.741803567,0.6706172291,0.0,0.0,-0.6706172291,                3673P   3224
-0.741803567,0.0,0.0,0.0,0.0,1.0,12.0,0,0;                          3673P   3225
100,0.0,0.0,0.0,7.5,0.0,7.439042058,0.9542815433,0,0;               3675P   3226
124,-0.6504467052,0.7595518966,0.0,0.0,-0.7595518966,               3677P   3227
-0.6504467052,0.0,0.0,0.0,0.0,1.0,12.0,0,0;                         3677P   3228
100,0.0,0.0,0.0,7.5,0.0,-2.1,7.2,0,0;                               3679P   3229
124,0.9112948982,0.411754306,0.0,0.0,-0.411754306,0.9112948982,     3681P   3230
0.0,0.0,0.0,0.0,1.0,12.0,0,0;                                       3681P   3231
100,0.0,0.0,0.0,7.5,0.0,6.834711737,3.088157295,0,0;                3683P   3232
124,1.0,1.13309969E-015,0.0,0.0,-1.13309969E-015,1.0,0.0,0.0,       3685P   3233
0.0,0.0,1.0,12.0,0,0;                                               3685P   3234
100,0.0,0.0,0.0,7.5,0.0,7.072127712,2.497000125,0,0;                3687P   3235
110,7.072127712,2.497000125,12.0,8.643221171,2.84688036,12.0,0,     3689P   3236
0;                                                                  3689P   3237
124,0.9498045243,-0.3128439956,0.0,0.0,0.3128439956,                3691P   3238
0.9498045243,0.0,0.0,0.0,0.0,1.0,12.0,0,0;                          3691P   3239
100,0.0,0.0,0.0,9.1,0.0,8.639017393,2.859611596,0,0;                3693P   3240
110,7.310765488,5.418736751,12.0,5.563526753,5.029629218,12.0,0,    3695P   3241
0;                                                                  3695P   3242
124,0.741803567,-0.6706172291,0.0,0.0,0.6706172291,0.741803567,     3697P   3243
0.0,0.0,0.0,0.0,1.0,12.0,0,0;                                       3697P   3244
100,0.0,0.0,0.0,7.5,0.0,7.439042058,0.9542815433,0,0;               3699P   3245
124,0.6504467052,-0.7595518966,0.0,0.0,0.7595518966,                3701P   3246
0.6504467052,0.0,0.0,0.0,0.0,1.0,12.0,0,0;                          3701P   3247
100,0.0,0.0,0.0,7.5,0.0,-2.1,7.2,0,0;                               3703P   3248
124,-0.9112948982,-0.411754306,0.0,0.0,0.411754306,                 3705P   3249
-0.9112948982,0.0,0.0,0.0,0.0,1.0,12.0,0,0;                         3705P   3250
100,0.0,0.0,0.0,7.5,0.0,6.834711737,3.088157295,0,0;                3707P   3251
124,-1.0,-7.020895728E-016,0.0,0.0,7.020895728E-016,-1.0,0.0,       3709P   3252
0.0,0.0,0.0,1.0,12.0,0,0;                                           3709P   3253
100,0.0,0.0,0.0,7.5,0.0,7.072127712,2.497000125,0,0;                3711P   3254
110,-7.072127712,-2.497000125,12.0,-8.643221171,-2.84688036,        3713P   3255
12.0,0,0;                                                           3713P   3256
124,-0.9498045243,0.3128439956,0.0,0.0,-0.3128439956,               3715P   3257
-0.9498045243,0.0,0.0,0.0,0.0,1.0,12.0,0,0;                         3715P   3258
100,0.0,0.0,0.0,9.1,0.0,8.639017393,2.859611596,0,0;                3717P   3259
110,-7.310765488,-5.418736751,12.0,-5.563526753,-5.029629218,       3719P   3260
12.0,0,0;                                                           3719P   3261
102,14,3675,3679,3683,3687,3689,3693,3695,3699,3703,3707,3711,      3721P   3262
3713,3717,3719,0,0;                                                 3721P   3263
142,0,3545,0,3721,2,0,0;                                            3723P   3264
144,3545,1,6,3557,3579,3601,3635,3657,3671,3723,0,0;                3725P   3265
108,0.0,0.0,1.0,-4.0,0,0.0,0.0,-4.0,1.0,0,0;                        3727P   3266
124,-1.0,5.665498452E-016,0.0,3.885780586E-016,5.665498452E-016,    3729P   3267
1.0,0.0,1.016547957E-015,0.0,0.0,-1.0,-4.0,0,0;                     3729P   3268
100,0.0,0.0,0.0,7.5,0.0,-7.5,-4.249123839E-015,0,0;                 3731P   3269
124,1.0,-1.13309969E-015,0.0,3.885780586E-016,-1.13309969E-015,     3733P   3270
-1.0,0.0,1.016547957E-015,0.0,0.0,-1.0,-4.0,0,0;                    3733P   3271
100,0.0,0.0,0.0,7.5,0.0,-7.5,4.249123839E-015,0,0;                  3735P   3272
102,2,3731,3735,0,0;                                                3737P   3273
142,0,3727,0,3737,2,0,0;                                            3739P   3274
144,3727,1,0,3739,0,0;                                              3741P   3275
110,8.161647672,0.690640112,4.0,7.18555917,0.4732666178,4.0,0,0;    3743P   3276
110,9.124986212,0.9051742082,5.5,7.480608753,0.5389737323,5.5,0,    3745P   3277
0;                                                                  3745P   3278
120,3743,3745,0.0,6.283185307,0,0;                                  3747P   3279
126,5,5,0,0,1,0,0.0,0.0,0.0,0.0,0.0,0.0,3.335779341,3.335779341,    3749P   3280
3.335779341,3.335779341,3.335779341,3.335779341,1.0,1.0,1.0,1.0,    3749P   3281
1.0,1.0,9.056383616,0.8898965095,5.5,9.010250751,1.359385844,       3749P   3282
5.5,8.933840573,1.827154202,5.317468696,8.834761279,2.187951095,    3749P   3283
4.943890954,8.786870825,2.366622298,4.471750438,8.786870825,        3749P   3284
2.366622298,4.0,0.0,3.335779341,0.0,0.0,0.0,0,0;                    3749P   3285
110,8.786870825,2.366622298,4.0,7.223295343,2.018416305,4.0,0,0;    3751P   3286
126,5,5,0,0,1,0,0.0,0.0,0.0,0.0,0.0,0.0,3.337566549,3.337566549,    3753P   3287
3.337566549,3.337566549,3.337566549,3.337566549,1.0,1.0,1.0,1.0,    3753P   3288
1.0,1.0,7.223295343,2.018416305,4.0,7.223295343,2.018416305,        3753P   3289
4.472003188,7.272849314,1.839965446,4.943863651,7.375868882,        3753P   3290
1.479895835,5.318501642,7.44668911,1.009756556,5.5,7.480608753,     3753P   3291
0.5389737323,5.5,0.0,3.337566549,0.0,0.0,0.0,0,0;                   3753P   3292
110,7.480608753,0.5389737323,5.5,9.056383616,0.8898965095,5.5,0,    3755P   3293
0;                                                                  3755P   3294
102,4,3749,3751,3753,3755,0,0;                                      3757P   3295
142,0,3747,0,3757,2,0,0;                                            3759P   3296
144,3747,1,0,3759,0,0;                                              3761P   3297
108,-0.2173734941,0.9760885022,0.0,-2.6,0,9.077312032,              3763P   3298
-0.6421886588,1.0,1.0,0,0;                                          3763P   3299
110,9.077312032,-0.6421886588,4.0,7.431868714,-1.0086265,4.0,0,     3765P   3300
0;                                                                  3765P   3301
110,7.431868714,-1.0086265,4.0,7.431868714,-1.0086265,1.0,0,0;      3767P   3302
110,7.431868714,-1.0086265,1.0,9.077312032,-0.6421886588,1.0,0,     3769P   3303
0;                                                                  3769P   3304
110,9.077312032,-0.6421886588,1.0,9.077312032,-0.6421886588,4.0,    3771P   3305
0,0;                                                                3771P   3306
102,4,3765,3767,3769,3771,0,0;                                      3773P   3307
142,0,3763,0,3773,2,0,0;                                            3775P   3308
144,3763,1,0,3775,0,0;                                              3777P   3309
110,8.105173033,0.6780632919,4.0,7.129084531,0.4606897977,4.0,0,    3779P   3310
0;                                                                  3779P   3311
110,9.382443857,-0.5742362438,4.0,7.427349304,-1.009632966,4.0,     3781P   3312
0,0;                                                                3781P   3313
120,3779,3781,0.0,6.283185307,0,0;                                  3783P   3314
126,3,3,0,0,1,0,0.0,0.0,0.0,0.0,0.7791084561,0.7791084561,          3785P   3315
0.7791084561,0.7791084561,1.0,1.0,1.0,1.0,7.480608753,              3785P   3316
0.5389737323,5.5,7.493805534,0.3558109031,5.5,7.499999648,          3785P   3317
0.1722925224,5.466691908,7.499999905,-5.837916099E-007,             3785P   3318
5.403132228,0.0,0.7791084561,0.0,0.0,0.0,0,0;                       3785P   3319
126,4,4,0,0,1,0,0.0,0.0,0.0,0.0,0.0,2.602842091,2.602842091,        3787P   3320
2.602842091,2.602842091,2.602842091,1.0,1.0,1.0,1.0,1.0,            3787P   3321
7.499999905,-5.837916097E-007,5.403132228,7.499999905,              3787P   3322
-0.4316850259,5.243882001,7.463162915,-0.8042707322,4.919530744,    3787P   3323
7.431868714,-1.0086265,4.460121823,7.431868714,-1.0086265,4.0,      3787P   3324
0.0,2.602842091,0.0,0.0,0.0,0,0;                                    3787P   3325
110,7.431868714,-1.0086265,4.0,9.077312032,-0.6421886588,4.0,0,     3789P   3326
0;                                                                  3789P   3327
126,5,5,0,0,1,0,0.0,0.0,0.0,0.0,0.0,0.0,3.365194305,3.365194305,    3791P   3328
3.365194305,3.365194305,3.365194305,3.365194305,1.0,1.0,1.0,1.0,    3791P   3329
1.0,1.0,9.077312032,-0.6421886588,4.0,9.077312032,-0.6421886588,    3791P   3330
4.475910343,9.091449485,-0.4433748365,4.952564816,9.118995902,      3791P   3331
-0.05935656094,5.312831547,9.102923281,0.4162672095,5.5,            3791P   3332
9.056383616,0.8898965095,5.5,0.0,3.365194305,0.0,0.0,0.0,0,0;       3791P   3333
110,9.056383616,0.8898965095,5.5,7.480608753,0.5389737323,5.5,0,    3793P   3334
0;                                                                  3793P   3335
102,5,3785,3787,3789,3791,3793,0,0;                                 3795P   3336
142,0,3783,0,3795,2,0,0;                                            3797P   3337
144,3783,1,0,3797,0,0;                                              3799P   3338
108,-0.2173734941,0.9760885022,0.0,3.7,0,3.119375017,               3801P   3339
4.485320171,12.0,1.0,0,0;                                           3801P   3340
110,5.563526753,5.029629218,2.5,5.563526753,5.029629218,12.0,0,     3803P   3341
0;                                                                  3803P   3342
110,5.563526753,5.029629218,12.0,7.310765488,5.418736751,12.0,0,    3805P   3343
0;                                                                  3805P   3344
110,7.310765488,5.418736751,12.0,7.310765488,5.418736751,2.5,0,     3807P   3345
0;                                                                  3807P   3346
110,7.310765488,5.418736751,2.5,5.563526753,5.029629218,2.5,0,0;    3809P   3347
102,4,3803,3805,3807,3809,0,0;                                      3811P   3348
142,0,3801,0,3811,2,0,0;                                            3813P   3349
144,3801,1,0,3813,0,0;                                              3815P   3350
110,7.103373962,3.835805063,2.5,8.079462464,4.053178557,2.5,0,0;    3817P   3351
110,5.868526169,3.56080625,1.0,8.140700585,4.066816198,1.0,0,0;     3819P   3352
120,3817,3819,0.0,6.283185307,0,0;                                  3821P   3353
126,5,5,0,0,1,0,0.0,0.0,0.0,0.0,0.0,0.0,3.422723051,3.422723051,    3823P   3354
3.422723051,3.422723051,3.422723051,3.422723051,1.0,1.0,1.0,1.0,    3823P   3355
1.0,1.0,7.310765488,5.418736751,2.5,7.310765488,5.418736751,        3823P   3356
2.015953864,7.441723737,5.243016727,1.530623608,7.681728085,        3823P   3357
4.91606432,1.185935629,7.924378973,4.499835391,1.0,8.140700585,     3823P   3358
4.066816198,1.0,0.0,3.422723051,0.0,0.0,0.0,0,0;                    3823P   3359
110,8.140700585,4.066816198,1.0,6.520407747,3.705979332,1.0,0,0;    3825P   3360
126,5,5,0,0,1,0,0.0,0.0,0.0,0.0,0.0,0.0,3.472353994,3.472353994,    3827P   3361
3.472353994,3.472353994,3.472353994,3.472353994,1.0,1.0,1.0,1.0,    3827P   3362
1.0,1.0,6.520407747,3.705979332,1.0,6.27775751,4.132905213,1.0,     3827P   3363
6.004048293,4.536673901,1.187773038,5.725817571,4.851926185,        3827P   3364
1.517318942,5.563526753,5.029629218,2.008934989,5.563526753,        3827P   3365
5.029629218,2.5,0.0,3.472353994,0.0,0.0,0.0,0,0;                    3827P   3366
110,5.563526753,5.029629218,2.5,7.310765488,5.418736751,2.5,0,0;    3829P   3367
102,4,3823,3825,3827,3829,0,0;                                      3831P   3368
142,0,3821,0,3831,2,0,0;                                            3833P   3369
144,3821,1,0,3833,0,0;                                              3835P   3370
108,0.2173734941,-0.9760885022,0.0,-2.6,0,-9.077312032,             3837P   3371
0.6421886588,1.0,1.0,0,0;                                           3837P   3372
110,-9.077312032,0.6421886588,4.0,-7.431868714,1.0086265,4.0,0,     3839P   3373
0;                                                                  3839P   3374
110,-7.431868714,1.0086265,4.0,-7.431868714,1.0086265,1.0,0,0;      3841P   3375
110,-7.431868714,1.0086265,1.0,-9.077312032,0.6421886588,1.0,0,     3843P   3376
0;                                                                  3843P   3377
110,-9.077312032,0.6421886588,1.0,-9.077312032,0.6421886588,4.0,    3845P   3378
0,0;                                                                3845P   3379
102,4,3839,3841,3843,3845,0,0;                                      3847P   3380
142,0,3837,0,3847,2,0,0;                                            3849P   3381
144,3837,1,0,3849,0,0;                                              3851P   3382
110,-8.12603037,-0.6827081906,4.0,-7.149941868,-0.4653346964,       3853P   3383
4.0,0,0;                                                            3853P   3384
110,-9.382443857,0.5742362438,4.0,-7.427349296,1.009632968,4.0,     3855P   3385
0,0;                                                                3855P   3386
120,3853,3855,0.0,6.283185307,0,0;                                  3857P   3387
126,3,3,0,0,1,0,0.0,0.0,0.0,0.0,0.7791289322,0.7791289322,          3859P   3388
0.7791289322,0.7791289322,1.0,1.0,1.0,1.0,-7.480608753,             3859P   3389
-0.5389737323,5.5,-7.493805881,-0.3558060893,5.5,-7.5,              3859P   3390
-0.1722926321,5.466691845,-7.5,4.773959006E-015,5.403132435,0.0,    3859P   3391
0.7791289322,0.0,0.0,0.0,0,0;                                       3859P   3392
126,4,4,0,0,1,0,0.0,0.0,0.0,0.0,0.0,2.602837105,2.602837105,        3861P   3393
2.602837105,2.602837105,2.602837105,1.0,1.0,1.0,1.0,1.0,-7.5,       3861P   3394
4.884981308E-015,5.403132435,-7.5,0.4316836763,5.24388268,          3861P   3395
-7.463162551,0.8042751815,4.919526824,-7.431868714,1.0086265,       3861P   3396
4.460120942,-7.431868714,1.0086265,4.0,0.0,2.602837105,0.0,0.0,     3861P   3397
0.0,0,0;                                                            3861P   3398
110,-7.431868714,1.0086265,4.0,-9.077312032,0.6421886588,4.0,0,     3863P   3399
0;                                                                  3863P   3400
126,5,5,0,0,1,0,0.0,0.0,0.0,0.0,0.0,0.0,3.365194305,3.365194305,    3865P   3401
3.365194305,3.365194305,3.365194305,3.365194305,1.0,1.0,1.0,1.0,    3865P   3402
1.0,1.0,-9.077312032,0.6421886588,4.0,-9.077312032,0.6421886588,    3865P   3403
4.475910343,-9.091449485,0.4433748365,4.952564816,-9.118995902,     3865P   3404
0.0593565609,5.312831547,-9.102923281,-0.4162672095,5.5,            3865P   3405
-9.056383616,-0.8898965095,5.5,0.0,3.365194305,0.0,0.0,0.0,0,0;     3865P   3406
110,-9.056383616,-0.8898965095,5.5,-7.480608753,-0.5389737323,      3867P   3407
5.5,0,0;                                                            3867P   3408
102,5,3859,3861,3863,3865,3867,0,0;                                 3869P   3409
142,0,3857,0,3869,2,0,0;                                            3871P   3410
144,3857,1,0,3871,0,0;                                              3873P   3411
110,-8.141161926,-0.6860779661,4.0,-9.117250428,-0.9034514602,      3875P   3412
4.0,0,0;                                                            3875P   3413
110,-7.154548512,-2.003106485,4.0,-8.798925971,-2.369306961,4.0,    3877P   3414
0,0;                                                                3877P   3415
120,3875,3877,0.0,6.283185307,0,0;                                  3879P   3416
126,5,5,0,0,1,0,0.0,0.0,0.0,0.0,0.0,0.0,3.335779341,3.335779341,    3881P   3417
3.335779341,3.335779341,3.335779341,3.335779341,1.0,1.0,1.0,1.0,    3881P   3418
1.0,1.0,-9.056383616,-0.8898965095,5.5,-9.010250751,                3881P   3419
-1.359385844,5.5,-8.933840573,-1.827154202,5.317468696,             3881P   3420
-8.834761279,-2.187951095,4.943890954,-8.786870825,-2.366622298,    3881P   3421
4.471750438,-8.786870825,-2.366622298,4.0,0.0,3.335779341,0.0,      3881P   3422
0.0,0.0,0,0;                                                        3881P   3423
110,-8.786870825,-2.366622298,4.0,-7.223295343,-2.018416305,4.0,    3883P   3424
0,0;                                                                3883P   3425
126,5,5,0,0,1,0,0.0,0.0,0.0,0.0,0.0,0.0,3.337566549,3.337566549,    3885P   3426
3.337566549,3.337566549,3.337566549,3.337566549,1.0,1.0,1.0,1.0,    3885P   3427
1.0,1.0,-7.223295343,-2.018416305,4.0,-7.223295343,-2.018416305,    3885P   3428
4.472003188,-7.272849314,-1.839965446,4.943863651,-7.375868882,     3885P   3429
-1.479895835,5.318501642,-7.44668911,-1.009756556,5.5,              3885P   3430
-7.480608753,-0.5389737323,5.5,0.0,3.337566549,0.0,0.0,0.0,0,0;     3885P   3431
110,-7.480608753,-0.5389737323,5.5,-9.056383616,-0.8898965095,      3887P   3432
5.5,0,0;                                                            3887P   3433
102,4,3881,3883,3885,3887,0,0;                                      3889P   3434
142,0,3879,0,3889,2,0,0;                                            3891P   3435
144,3879,1,0,3891,0,0;                                              3893P   3436
108,-0.2173734941,0.9760885022,0.0,-3.7,0,-7.310765488,             3895P   3437
-5.418736751,12.0,1.0,0,0;                                          3895P   3438
110,-7.310765488,-5.418736751,2.5,-5.563526753,-5.029629218,2.5,    3897P   3439
0,0;                                                                3897P   3440
110,-5.563526753,-5.029629218,2.5,-5.563526753,-5.029629218,        3899P   3441
12.0,0,0;                                                           3899P   3442
110,-5.563526753,-5.029629218,12.0,-7.310765488,-5.418736751,       3901P   3443
12.0,0,0;                                                           3901P   3444
110,-7.310765488,-5.418736751,12.0,-7.310765488,-5.418736751,       3903P   3445
2.5,0,0;                                                            3903P   3446
102,4,3897,3899,3901,3903,0,0;                                      3905P   3447
142,0,3895,0,3905,2,0,0;                                            3907P   3448
144,3895,1,0,3907,0,0;                                              3909P   3449
110,-7.103373962,-3.835805063,2.5,-6.12728546,-3.618431569,2.5,     3911P   3450
0,0;                                                                3911P   3451
110,-7.814640344,-5.530948951,2.5,-5.542465928,-5.024939003,2.5,    3913P   3452
0,0;                                                                3913P   3453
120,3911,3913,0.0,6.283185307,0,0;                                  3915P   3454
126,5,5,0,0,1,0,0.0,0.0,0.0,0.0,0.0,0.0,3.422723051,3.422723051,    3917P   3455
3.422723051,3.422723051,3.422723051,3.422723051,1.0,1.0,1.0,1.0,    3917P   3456
1.0,1.0,-7.310765488,-5.418736751,2.5,-7.310765488,-5.418736751,    3917P   3457
2.015953864,-7.441723737,-5.243016727,1.530623608,-7.681728085,     3917P   3458
-4.91606432,1.185935629,-7.924378973,-4.499835391,1.0,              3917P   3459
-8.140700585,-4.066816198,1.0,0.0,3.422723051,0.0,0.0,0.0,0,0;      3917P   3460
110,-8.140700585,-4.066816198,1.0,-6.520407747,-3.705979332,1.0,    3919P   3461
0,0;                                                                3919P   3462
126,5,5,0,0,1,0,0.0,0.0,0.0,0.0,0.0,0.0,3.472353994,3.472353994,    3921P   3463
3.472353994,3.472353994,3.472353994,3.472353994,1.0,1.0,1.0,1.0,    3921P   3464
1.0,1.0,-6.520407747,-3.705979332,1.0,-6.27775751,-4.132905213,     3921P   3465
1.0,-6.004048293,-4.536673901,1.187773038,-5.725817571,             3921P   3466
-4.851926185,1.517318942,-5.563526753,-5.029629218,2.008934989,     3921P   3467
-5.563526753,-5.029629218,2.5,0.0,3.472353994,0.0,0.0,0.0,0,0;      3921P   3468
110,-5.563526753,-5.029629218,2.5,-7.310765488,-5.418736751,2.5,    3923P   3469
0,0;                                                                3923P   3470
102,4,3917,3919,3921,3923,0,0;                                      3925P   3471
142,0,3915,0,3925,2,0,0;                                            3927P   3472
144,3915,1,0,3927,0,0;                                              3929P   3473
110,3.885780586E-016,1.016547957E-015,23.0,3.885780586E-016,        3931P   3474
1.016547957E-015,24.0,0,0;                                          3931P   3475
110,-7.5,5.265671796E-015,4.0,-7.5,5.265671796E-015,12.0,0,0;       3933P   3476
120,3931,3933,0.0,6.283185307,0,0;                                  3935P   3477
110,-7.072127712,-2.497000125,4.0,-7.072127712,-2.497000125,        3937P   3478
12.0,0,0;                                                           3937P   3479
124,-0.9429503616,-0.33293335,0.0,3.885780586E-016,-0.33293335,     3939P   3480
0.9429503616,0.0,1.016547957E-015,0.0,0.0,-1.0,12.0,0,0;            3939P   3481
100,0.0,0.0,0.0,7.5,0.0,7.072127712,2.497000125,0,0;                3941P   3482
110,-7.5,5.265671796E-015,12.0,-7.5,-1.395666352E-015,              3943P   3483
5.403132435,0,0;                                                    3943P   3484
126,3,3,0,0,1,0,0.0,0.0,0.0,0.0,0.7791289322,0.7791289322,          3945P   3485
0.7791289322,0.7791289322,1.0,1.0,1.0,1.0,-7.5,1.942890293E-015,    3945P   3486
5.403132435,-7.5,-0.1722926321,5.466691845,-7.493805881,            3945P   3487
-0.3558060893,5.5,-7.480608753,-0.5389737323,5.5,0.0,               3945P   3488
0.7791289322,0.0,0.0,0.0,0,0;                                       3945P   3489
126,5,5,0,0,1,0,0.0,0.0,0.0,0.0,0.0,0.0,3.337566549,3.337566549,    3947P   3490
3.337566549,3.337566549,3.337566549,3.337566549,1.0,1.0,1.0,1.0,    3947P   3491
1.0,1.0,-7.480608753,-0.5389737323,5.5,-7.44668911,-1.009756556,    3947P   3492
5.5,-7.375871313,-1.479897222,5.318500658,-7.272847222,             3947P   3493
-1.839963559,4.943863544,-7.223295343,-2.018416305,4.472003188,     3947P   3494
-7.223295343,-2.018416305,4.0,0.0,3.337566549,0.0,0.0,0.0,0,0;      3947P   3495
124,-0.9631060458,0.269122174,0.0,3.885780586E-016,-0.269122174,    3949P   3496
-0.9631060458,0.0,1.016547957E-015,0.0,0.0,1.0,4.0,0,0;             3949P   3497
100,0.0,0.0,0.0,7.5,0.0,7.483207058,0.5016095318,0,0;               3951P   3498
102,6,3937,3941,3943,3945,3947,3951,0,0;                            3953P   3499
142,0,3935,0,3953,2,0,0;                                            3955P   3500
144,3935,1,0,3955,0,0;                                              3957P   3501
110,3.885780586E-016,1.016547957E-015,23.0,3.885780586E-016,        3959P   3502
1.016547957E-015,24.0,0,0;                                          3959P   3503
110,-7.5,5.265671796E-015,-4.0,-7.5,5.265671796E-015,12.0,0,0;      3961P   3504
120,3959,3961,0.0,6.283185307,0,0;                                  3963P   3505
124,-0.9631060458,-0.269122174,0.0,3.885780586E-016,                3965P   3506
-0.269122174,0.9631060458,0.0,1.016547957E-015,0.0,0.0,-1.0,1.0,    3965P   3507
0,0;                                                                3965P   3508
100,0.0,0.0,0.0,7.5,0.0,7.223295343,2.018416305,0,0;                3967P   3509
110,-7.5,5.265671796E-015,1.0,-7.5,5.265671796E-015,-4.0,0,0;       3969P   3510
124,-1.0,-5.665498452E-016,0.0,3.885780586E-016,                    3971P   3511
5.665498452E-016,-1.0,0.0,1.016547957E-015,0.0,0.0,1.0,-4.0,0,0;    3971P   3512
100,0.0,0.0,0.0,7.5,0.0,-7.5,4.249123839E-015,0,0;                  3973P   3513
110,7.5,-7.481699722E-015,-4.0,7.5,-7.481699722E-015,1.0,0,0;       3975P   3514
124,1.0,-1.13309969E-015,0.0,3.885780586E-016,-1.13309969E-015,     3977P   3515
-1.0,0.0,1.016547957E-015,0.0,0.0,-1.0,1.0,0,0;                     3977P   3516
100,0.0,0.0,0.0,7.5,0.0,7.431868714,1.0086265,0,0;                  3979P   3517
110,7.431868714,-1.0086265,1.0,7.431868714,-1.0086265,4.0,0,0;      3981P   3518
126,4,4,0,0,1,0,0.0,0.0,0.0,0.0,0.0,2.602842091,2.602842091,        3983P   3519
2.602842091,2.602842091,2.602842091,1.0,1.0,1.0,1.0,1.0,            3983P   3520
7.431868714,-1.0086265,4.0,7.431868714,-1.0086265,4.460121823,      3983P   3521
7.463163437,-0.8042714402,4.919528302,7.5,-0.4316844421,            3983P   3522
5.24388196,7.5,-8.881784197E-016,5.403132187,0.0,2.602842091,       3983P   3523
0.0,0.0,0.0,0,0;                                                    3983P   3524
110,7.5,-7.481699722E-015,5.403132187,7.5,-8.498247678E-015,        3985P   3525
12.0,0,0;                                                           3985P   3526
124,1.0,-1.268639418E-015,0.0,3.885780586E-016,                     3987P   3527
-1.268639418E-015,-1.0,0.0,1.016547957E-015,0.0,0.0,-1.0,12.0,0,    3987P   3528
0;                                                                  3987P   3529
100,0.0,0.0,0.0,7.5,0.0,6.834711737,3.088157295,0,0;                3989P   3530
124,0.9112948982,-0.411754306,0.0,3.885780586E-016,-0.411754306,    3991P   3531
-0.9112948982,0.0,1.016547957E-015,0.0,0.0,-1.0,12.0,0,0;           3991P   3532
100,0.0,0.0,0.0,7.5,0.0,-2.1,7.2,0,0;                               3993P   3533
124,-0.6504467052,-0.7595518966,0.0,3.885780586E-016,               3995P   3534
-0.7595518966,0.6504467052,0.0,1.016547957E-015,0.0,0.0,-1.0,       3995P   3535
12.0,0,0;                                                           3995P   3536
100,0.0,0.0,0.0,7.5,0.0,7.439042058,0.9542815433,0,0;               3997P   3537
110,-5.563526753,-5.029629218,12.0,-5.563526753,-5.029629218,       3999P   3538
2.5,0,0;                                                            3999P   3539
126,5,5,0,0,1,0,0.0,0.0,0.0,0.0,0.0,0.0,3.472353994,3.472353994,    4001P   3540
3.472353994,3.472353994,3.472353994,3.472353994,1.0,1.0,1.0,1.0,    4001P   3541
1.0,1.0,-5.563526753,-5.029629218,2.5,-5.563526753,-5.029629218,    4001P   3542
2.008934989,-5.725813999,-4.851939787,1.517326246,-6.004054683,     4001P   3543
-4.536657422,1.187769737,-6.27775751,-4.132905213,1.0,              4001P   3544
-6.520407747,-3.705979332,1.0,0.0,3.472353994,0.0,0.0,0.0,0,0;      4001P   3545
124,-0.8693876996,-0.4941305776,0.0,3.885780586E-016,               4003P   3546
-0.4941305776,0.8693876996,0.0,1.016547957E-015,0.0,0.0,-1.0,       4003P   3547
1.0,0,0;                                                            4003P   3548
100,0.0,0.0,0.0,7.5,0.0,7.382264957,1.323693357,0,0;                4005P   3549
124,-0.9429503616,-0.33293335,0.0,3.885780586E-016,-0.33293335,     4007P   3550
0.9429503616,0.0,1.016547957E-015,0.0,0.0,-1.0,1.0,0,0;             4007P   3551
100,0.0,0.0,0.0,7.5,0.0,7.483207058,0.5016095318,0,0;               4009P   3552
102,15,3967,3969,3973,3975,3979,3981,3983,3985,3989,3993,3997,      4011P   3553
3999,4001,4005,4009,0,0;                                            4011P   3554
142,0,3963,0,4011,2,0,0;                                            4013P   3555
144,3963,1,0,4013,0,0;                                              4015P   3556
110,3.885780586E-016,1.016547957E-015,23.0,3.885780586E-016,        4017P   3557
1.016547957E-015,24.0,0,0;                                          4017P   3558
110,7.5,-4.712978776E-011,4.0,7.5,-4.712978776E-011,12.0,0,0;       4019P   3559
120,4017,4019,0.0,6.283185307,0,0;                                  4021P   3560
110,7.072127712,2.497000125,4.0,7.072127712,2.497000125,12.0,0,     4023P   3561
0;                                                                  4023P   3562
124,0.9429503616,0.33293335,0.0,3.885780586E-016,0.33293335,        4025P   3563
-0.9429503616,0.0,1.016547957E-015,0.0,0.0,-1.0,12.0,0,0;           4025P   3564
100,0.0,0.0,0.0,7.5,0.0,7.072127712,2.497000125,0,0;                4027P   3565
110,7.5,-8.498247678E-015,12.0,7.5,-7.481699722E-015,               4029P   3566
5.403132187,0,0;                                                    4029P   3567
126,3,3,0,0,1,0,0.0,0.0,0.0,0.0,0.7791084561,0.7791084561,          4031P   3568
0.7791084561,0.7791084561,1.0,1.0,1.0,1.0,7.5,-7.494005416E-015,    4031P   3569
5.403132187,7.5,0.1722943392,5.466691705,7.493805534,               4031P   3570
0.3558109031,5.5,7.480608753,0.5389737323,5.5,0.0,0.7791084561,     4031P   3571
0.0,0.0,0.0,0,0;                                                    4031P   3572
126,5,5,0,0,1,0,0.0,0.0,0.0,0.0,0.0,0.0,3.337566549,3.337566549,    4033P   3573
3.337566549,3.337566549,3.337566549,3.337566549,1.0,1.0,1.0,1.0,    4033P   3574
1.0,1.0,7.480608753,0.5389737323,5.5,7.44668911,1.009756556,5.5,    4033P   3575
7.375871313,1.479897222,5.318500658,7.272847222,1.839963559,        4033P   3576
4.943863544,7.223295343,2.018416305,4.472003188,7.223295343,        4033P   3577
2.018416305,4.0,0.0,3.337566549,0.0,0.0,0.0,0,0;                    4033P   3578
124,0.9631060458,-0.269122174,0.0,3.885780586E-016,0.269122174,     4035P   3579
0.9631060458,0.0,1.016547957E-015,0.0,0.0,1.0,4.0,0,0;              4035P   3580
100,0.0,0.0,0.0,7.5,0.0,7.483207058,0.5016095318,0,0;               4037P   3581
102,6,4023,4027,4029,4031,4033,4037,0,0;                            4039P   3582
142,0,4021,0,4039,2,0,0;                                            4041P   3583
144,4021,1,0,4041,0,0;                                              4043P   3584
110,3.885780586E-016,1.016547957E-015,23.0,3.885780586E-016,        4045P   3585
1.016547957E-015,24.0,0,0;                                          4045P   3586
110,7.5,-7.481699722E-015,-4.0,7.5,-7.481699722E-015,12.0,0,0;      4047P   3587
120,4045,4047,0.0,6.283185307,0,0;                                  4049P   3588
124,0.9631060458,0.269122174,0.0,3.885780586E-016,0.269122174,      4051P   3589
-0.9631060458,0.0,1.016547957E-015,0.0,0.0,-1.0,1.0,0,0;            4051P   3590
100,0.0,0.0,0.0,7.5,0.0,7.223295343,2.018416305,0,0;                4053P   3591
110,7.5,-7.481699722E-015,1.0,7.5,-7.481699722E-015,-4.0,0,0;       4055P   3592
124,1.0,1.13309969E-015,0.0,3.885780586E-016,-1.13309969E-015,      4057P   3593
1.0,0.0,1.016547957E-015,0.0,0.0,1.0,-4.0,0,0;                      4057P   3594
100,0.0,0.0,0.0,7.5,0.0,-7.5,-4.249123839E-015,0,0;                 4059P   3595
110,-7.5,5.265671796E-015,-4.0,-7.5,5.265671796E-015,1.0,0,0;       4061P   3596
124,-1.0,5.665498452E-016,0.0,3.885780586E-016,5.665498452E-016,    4063P   3597
1.0,0.0,1.016547957E-015,0.0,0.0,-1.0,1.0,0,0;                      4063P   3598
100,0.0,0.0,0.0,7.5,0.0,7.431868714,1.0086265,0,0;                  4065P   3599
110,-7.431868714,1.0086265,1.0,-7.431868714,1.0086265,4.0,0,0;      4067P   3600
126,4,4,0,0,1,0,0.0,0.0,0.0,0.0,0.0,2.602837105,2.602837105,        4069P   3601
2.602837105,2.602837105,2.602837105,1.0,1.0,1.0,1.0,1.0,            4069P   3602
-7.431868714,1.0086265,4.0,-7.431868714,1.0086265,4.460120942,      4069P   3603
-7.463163168,0.8042752572,4.919524271,-7.5,0.4316836763,            4069P   3604
5.24388268,-7.5,1.687538997E-014,5.403132435,0.0,2.602837105,       4069P   3605
0.0,0.0,0.0,0,0;                                                    4069P   3606
110,-7.5,-1.395666352E-015,5.403132435,-7.5,5.265671796E-015,       4071P   3607
12.0,0,0;                                                           4071P   3608
124,-1.0,5.665498452E-016,0.0,3.885780586E-016,5.665498452E-016,    4073P   3609
1.0,0.0,1.016547957E-015,0.0,0.0,-1.0,12.0,0,0;                     4073P   3610
100,0.0,0.0,0.0,7.5,0.0,6.834711737,3.088157295,0,0;                4075P   3611
124,-0.9112948982,0.411754306,0.0,3.885780586E-016,0.411754306,     4077P   3612
0.9112948982,0.0,1.016547957E-015,0.0,0.0,-1.0,12.0,0,0;            4077P   3613
100,0.0,0.0,0.0,7.5,0.0,-2.1,7.2,0,0;                               4079P   3614
124,0.6504467052,0.7595518966,0.0,3.885780586E-016,0.7595518966,    4081P   3615
-0.6504467052,0.0,1.016547957E-015,0.0,0.0,-1.0,12.0,0,0;           4081P   3616
100,0.0,0.0,0.0,7.5,0.0,7.439042058,0.9542815433,0,0;               4083P   3617
110,5.563526753,5.029629218,12.0,5.563526753,5.029629218,2.5,0,     4085P   3618
0;                                                                  4085P   3619
126,5,5,0,0,1,0,0.0,0.0,0.0,0.0,0.0,0.0,3.472353994,3.472353994,    4087P   3620
3.472353994,3.472353994,3.472353994,3.472353994,1.0,1.0,1.0,1.0,    4087P   3621
1.0,1.0,5.563526753,5.029629218,2.5,5.563526753,5.029629218,        4087P   3622
2.008934989,5.725813999,4.851939787,1.517326246,6.004054683,        4087P   3623
4.536657422,1.187769737,6.27775751,4.132905213,1.0,6.520407747,     4087P   3624
3.705979332,1.0,0.0,3.472353994,0.0,0.0,0.0,0,0;                    4087P   3625
124,0.8693876996,0.4941305776,0.0,3.885780586E-016,0.4941305776,    4089P   3626
-0.8693876996,0.0,1.016547957E-015,0.0,0.0,-1.0,1.0,0,0;            4089P   3627
100,0.0,0.0,0.0,7.5,0.0,7.382264957,1.323693357,0,0;                4091P   3628
124,0.9429503616,0.33293335,0.0,3.885780586E-016,0.33293335,        4093P   3629
-0.9429503616,0.0,1.016547957E-015,0.0,0.0,-1.0,1.0,0,0;            4093P   3630
100,0.0,0.0,0.0,7.5,0.0,7.483207058,0.5016095318,0,0;               4095P   3631
102,15,4053,4055,4059,4061,4065,4067,4069,4071,4075,4079,4083,      4097P   3632
4085,4087,4091,4095,0,0;                                            4097P   3633
142,0,4049,0,4097,2,0,0;                                            4099P   3634
144,4049,1,0,4099,0,0;                                              4101P   3635
108,0.2173734941,-0.9760885022,0.0,-0.9,0,8.643221171,              4103P   3636
2.84688036,12.0,1.0,0,0;                                            4103P   3637
110,8.643221171,2.84688036,4.0,8.643221171,2.84688036,12.0,0,0;     4105P   3638
110,8.643221171,2.84688036,12.0,7.072127712,2.497000125,12.0,0,     4107P   3639
0;                                                                  4107P   3640
110,7.072127712,2.497000125,12.0,7.072127712,2.497000125,4.0,0,     4109P   3641
0;                                                                  4109P   3642
110,7.072127712,2.497000125,4.0,8.643221171,2.84688036,4.0,0,0;     4111P   3643
102,4,4105,4107,4109,4111,0,0;                                      4113P   3644
142,0,4103,0,4113,2,0,0;                                            4115P   3645
144,4103,1,0,4115,0,0;                                              4117P   3646
108,-0.2173734941,0.9760885022,0.0,-0.9,0,-8.643221171,             4119P   3647
-2.84688036,12.0,1.0,0,0;                                           4119P   3648
110,-8.643221171,-2.84688036,4.0,-8.643221171,-2.84688036,12.0,     4121P   3649
0,0;                                                                4121P   3650
110,-8.643221171,-2.84688036,12.0,-7.072127712,-2.497000125,        4123P   3651
12.0,0,0;                                                           4123P   3652
110,-7.072127712,-2.497000125,12.0,-7.072127712,-2.497000125,       4125P   3653
4.0,0,0;                                                            4125P   3654
110,-7.072127712,-2.497000125,4.0,-8.643221171,-2.84688036,4.0,     4127P   3655
0,0;                                                                4127P   3656
102,4,4121,4123,4125,4127,0,0;                                      4129P   3657
142,0,4119,0,4129,2,0,0;                                            4131P   3658
144,4119,1,0,4131,0,0;                                              4133P   3659
108,0.0,0.0,1.0,4.0,0,0.0,0.0,4.0,1.0,0,0;                          4135P   3660
124,-0.9655902006,0.2600683844,0.0,0.0,-0.2600683844,               4137P   3661
-0.9655902006,0.0,0.0,0.0,0.0,1.0,4.0,0,0;                          4137P   3662
100,0.0,0.0,0.0,9.1,0.0,9.08619324,0.5010912122,0,0;                4139P   3663
110,-8.643221171,-2.84688036,4.0,-7.072127712,-2.497000125,4.0,     4141P   3664
0,0;                                                                4141P   3665
124,-0.9429503616,-0.33293335,0.0,1.776356839E-015,-0.33293335,     4143P   3666
0.9429503616,0.0,1.776356839E-015,0.0,0.0,-1.0,4.0,0,0;             4143P   3667
100,0.0,0.0,0.0,7.5,0.0,7.483207058,0.5016095318,0,0;               4145P   3668
110,-7.223295343,-2.018416305,4.0,-8.786870825,-2.366622298,4.0,    4147P   3669
0,0;                                                                4147P   3670
102,4,4139,4141,4145,4147,0,0;                                      4149P   3671
142,0,4135,0,4149,2,0,0;                                            4151P   3672
144,4135,1,0,4151,0,0;                                              4153P   3673
124,0.9655902006,-0.2600683844,0.0,0.0,0.2600683844,                4155P   3674
0.9655902006,0.0,0.0,0.0,0.0,1.0,4.0,0,0;                           4155P   3675
100,0.0,0.0,0.0,9.1,0.0,9.08619324,0.5010912122,0,0;                4157P   3676
110,8.643221171,2.84688036,4.0,7.072127712,2.497000125,4.0,0,0;     4159P   3677
124,0.9429503616,0.33293335,0.0,-8.881784197E-016,0.33293335,       4161P   3678
-0.9429503616,0.0,1.33226763E-015,0.0,0.0,-1.0,4.0,0,0;             4161P   3679
100,0.0,0.0,0.0,7.5,0.0,7.483207058,0.5016095318,0,0;               4163P   3680
110,7.223295343,2.018416305,4.0,8.786870825,2.366622298,4.0,0,0;    4165P   3681
102,4,4157,4159,4163,4165,0,0;                                      4167P   3682
142,0,4135,0,4167,2,0,0;                                            4169P   3683
144,4135,1,0,4169,0,0;                                              4171P   3684
108,0.0,0.0,1.0,1.0,0,0.0,0.0,1.0,1.0,0,0;                          4173P   3685
124,0.9655902006,0.2600683844,0.0,0.0,0.2600683844,                 4175P   3686
-0.9655902006,0.0,0.0,0.0,0.0,-1.0,1.0,0,0;                         4175P   3687
100,0.0,0.0,0.0,9.1,0.0,9.078024344,0.632039565,0,0;                4177P   3688
124,0.9813214127,0.1923753752,0.0,0.0,0.1923753752,                 4179P   3689
-0.9813214127,0.0,0.0,0.0,0.0,-1.0,1.0,0,0;                         4179P   3690
100,0.0,0.0,0.0,9.1,0.0,8.784219383,2.37644479,0,0;                 4181P   3691
110,9.077312032,-0.6421886588,1.0,7.431868714,-1.0086265,1.0,0,     4183P   3692
0;                                                                  4183P   3693
124,0.9909158285,0.1344835333,0.0,1.509903313E-014,                 4185P   3694
-0.1344835333,0.9909158285,0.0,-8.881784197E-016,0.0,0.0,1.0,       4185P   3695
1.0,0,0;                                                            4185P   3696
100,0.0,0.0,0.0,7.5,0.0,7.431868714,1.0086265,0,0;                  4187P   3697
124,1.0,1.130786726E-015,0.0,3.552713679E-015,-1.130786726E-015,    4189P   3698
1.0,0.0,9.992007222E-016,0.0,0.0,1.0,1.0,0,0;                       4189P   3699
100,0.0,0.0,0.0,7.5,0.0,7.223295343,2.018416305,0,0;                4191P   3700
124,0.9631060458,-0.269122174,0.0,-8.881784197E-016,0.269122174,    4193P   3701
0.9631060458,0.0,1.33226763E-015,0.0,0.0,1.0,1.0,0,0;               4193P   3702
100,0.0,0.0,0.0,7.5,0.0,7.483207058,0.5016095318,0,0;               4195P   3703
124,0.9429503616,-0.33293335,0.0,8.881784197E-016,0.33293335,       4197P   3704
0.9429503616,0.0,6.661338148E-016,0.0,0.0,1.0,1.0,0,0;              4197P   3705
100,0.0,0.0,0.0,7.5,0.0,7.382264957,1.323693357,0,0;                4199P   3706
110,6.520407747,3.705979332,1.0,8.140700585,4.066816198,1.0,0,0;    4201P   3707
124,0.8945824819,0.4469028789,0.0,0.0,0.4469028789,                 4203P   3708
-0.8945824819,0.0,0.0,0.0,0.0,-1.0,1.0,0,0;                         4203P   3709
100,0.0,0.0,0.0,9.1,0.0,9.08458514,0.5294457735,0,0;                4205P   3710
124,0.9190683035,0.394098279,0.0,0.0,0.394098279,-0.9190683035,     4207P   3711
0.0,0.0,0.0,0.0,-1.0,1.0,0,0;                                       4207P   3712
100,0.0,0.0,0.0,9.1,0.0,9.008416237,1.287803129,0,0;                4209P   3713
102,10,4177,4181,4183,4187,4191,4195,4199,4201,4205,4209,0,0;       4211P   3714
142,0,4173,0,4211,2,0,0;                                            4213P   3715
144,4173,1,0,4213,0,0;                                              4215P   3716
124,-0.9429503616,0.33293335,0.0,8.881784197E-016,-0.33293335,      4217P   3717
-0.9429503616,0.0,0.0,0.0,0.0,1.0,1.0,0,0;                          4217P   3718
100,0.0,0.0,0.0,7.5,0.0,7.382264957,1.323693357,0,0;                4219P   3719
110,-6.520407747,-3.705979332,1.0,-8.140700585,-4.066816198,1.0,    4221P   3720
0,0;                                                                4221P   3721
124,-0.8945824819,-0.4469028789,0.0,0.0,-0.4469028789,              4223P   3722
0.8945824819,0.0,0.0,0.0,0.0,-1.0,1.0,0,0;                          4223P   3723
100,0.0,0.0,0.0,9.1,0.0,9.08458514,0.5294457735,0,0;                4225P   3724
124,-0.9190683035,-0.394098279,0.0,0.0,-0.394098279,                4227P   3725
0.9190683035,0.0,0.0,0.0,0.0,-1.0,1.0,0,0;                          4227P   3726
100,0.0,0.0,0.0,9.1,0.0,8.897217513,1.910371828,0,0;                4229P   3727
124,-0.9813214127,-0.1923753752,0.0,0.0,-0.1923753752,              4231P   3728
0.9813214127,0.0,0.0,0.0,0.0,-1.0,1.0,0,0;                          4231P   3729
100,0.0,0.0,0.0,9.1,0.0,8.784219383,2.37644479,0,0;                 4233P   3730
110,-9.077312032,0.6421886588,1.0,-7.431868714,1.0086265,1.0,0,     4235P   3731
0;                                                                  4235P   3732
124,-0.9909158285,-0.1344835333,0.0,2.664535259E-015,               4237P   3733
0.1344835333,-0.9909158285,0.0,-4.440892099E-016,0.0,0.0,1.0,       4237P   3734
1.0,0,0;                                                            4237P   3735
100,0.0,0.0,0.0,7.5,0.0,7.431868714,1.0086265,0,0;                  4239P   3736
124,-1.0,6.766505758E-017,0.0,1.953992523E-014,                     4241P   3737
-6.766505758E-017,-1.0,0.0,5.773159728E-015,0.0,0.0,1.0,1.0,0,0;    4241P   3738
100,0.0,0.0,0.0,7.5,0.0,7.223295343,2.018416305,0,0;                4243P   3739
124,-0.9631060458,0.269122174,0.0,1.776356839E-015,-0.269122174,    4245P   3740
-0.9631060458,0.0,1.776356839E-015,0.0,0.0,1.0,1.0,0,0;             4245P   3741
100,0.0,0.0,0.0,7.5,0.0,7.483207058,0.5016095318,0,0;               4247P   3742
102,9,4219,4221,4225,4229,4233,4235,4239,4243,4247,0,0;             4249P   3743
142,0,4173,0,4249,2,0,0;                                            4251P   3744
144,4173,1,0,4251,0,0;                                              4253P   3745
110,0.0,0.0,6.5,0.0,0.0,7.5,0,0;                                    4255P   3746
110,8.786870825,2.366622298,0.9297793941,8.786870825,               4257P   3747
2.366622298,12.0,0,0;                                               4257P   3748
120,4255,4257,0.0,6.283185307,0,0;                                  4259P   3749
124,0.9498045243,0.3128439956,0.0,0.0,0.3128439956,                 4261P   3750
-0.9498045243,0.0,0.0,0.0,0.0,-1.0,4.0,0,0;                         4261P   3751
100,0.0,0.0,0.0,9.1,0.0,9.08619324,0.5010912122,0,0;                4263P   3752
110,8.786870825,2.366622298,4.0,8.786870825,2.366622298,1.0,0,0;    4265P   3753
124,0.9655902006,-0.2600683844,0.0,0.0,0.2600683844,                4267P   3754
0.9655902006,0.0,0.0,0.0,0.0,1.0,1.0,0,0;                           4267P   3755
100,0.0,0.0,0.0,9.1,0.0,9.008416237,1.287803129,0,0;                4269P   3756
124,0.9190683035,-0.394098279,0.0,0.0,0.394098279,0.9190683035,     4271P   3757
0.0,0.0,0.0,0.0,1.0,1.0,0,0;                                        4271P   3758
100,0.0,0.0,0.0,9.1,0.0,9.08458514,0.5294457735,0,0;                4273P   3759
126,5,5,0,0,1,0,0.0,0.0,0.0,0.0,0.0,0.0,3.422723051,3.422723051,    4275P   3760
3.422723051,3.422723051,3.422723051,3.422723051,1.0,1.0,1.0,1.0,    4275P   3761
1.0,1.0,8.140700585,4.066816198,1.0,7.924378973,4.499835391,1.0,    4275P   3762
7.681735126,4.916055616,1.185935255,7.441719022,5.24302413,         4275P   3763
1.530627843,7.310765488,5.418736751,2.015953864,7.310765488,        4275P   3764
5.418736751,2.5,0.0,3.422723051,0.0,0.0,0.0,0,0;                    4275P   3765
110,7.310765488,5.418736751,2.5,7.310765488,5.418736751,12.0,0,     4277P   3766
0;                                                                  4277P   3767
124,0.8033808229,0.5954655771,0.0,0.0,0.5954655771,                 4279P   3768
-0.8033808229,0.0,0.0,0.0,0.0,-1.0,12.0,0,0;                        4279P   3769
100,0.0,0.0,0.0,9.1,0.0,8.639017393,2.859611596,0,0;                4281P   3770
110,8.643221171,2.84688036,12.0,8.643221171,2.84688036,4.0,0,0;     4283P   3771
102,8,4263,4265,4269,4273,4275,4277,4281,4283,0,0;                  4285P   3772
142,0,4259,0,4285,2,0,0;                                            4287P   3773
144,4259,1,0,4287,0,0;                                              4289P   3774
110,0.0,0.0,-2.9,0.0,0.0,-1.9,0,0;                                  4291P   3775
110,9.074212012,-0.6845994122,1.0,9.074212012,-0.6845994122,        4293P   3776
5.541194128,0,0;                                                    4293P   3777
120,4291,4293,0.0,6.283185307,0,0;                                  4295P   3778
124,0.9813214127,-0.1923753752,0.0,0.0,0.1923753752,                4297P   3779
0.9813214127,0.0,0.0,0.0,0.0,1.0,1.0,0,0;                           4297P   3780
100,0.0,0.0,0.0,9.1,0.0,9.078024344,0.632039565,0,0;                4299P   3781
110,8.786870825,2.366622298,1.0,8.786870825,2.366622298,4.0,0,0;    4301P   3782
126,5,5,0,0,1,0,0.0,0.0,0.0,0.0,0.0,0.0,3.335779341,3.335779341,    4303P   3783
3.335779341,3.335779341,3.335779341,3.335779341,1.0,1.0,1.0,1.0,    4303P   3784
1.0,1.0,8.786870825,2.366622298,4.0,8.786870825,2.366622298,        4303P   3785
4.471750438,8.834759606,2.187949295,4.943891484,8.933842554,        4303P   3786
1.827154759,5.317467765,9.010250751,1.359385844,5.5,9.056383616,    4303P   3787
0.8898965095,5.5,0.0,3.335779341,0.0,0.0,0.0,0,0;                   4303P   3788
126,5,5,0,0,1,0,0.0,0.0,0.0,0.0,0.0,0.0,3.365194305,3.365194305,    4305P   3789
3.365194305,3.365194305,3.365194305,3.365194305,1.0,1.0,1.0,1.0,    4305P   3790
1.0,1.0,9.056383616,0.8898965095,5.5,9.102923281,0.4162672095,      4305P   3791
5.5,9.118997479,-0.05935583055,5.312832132,9.091448427,             4305P   3792
-0.4433755289,4.952562022,9.077312032,-0.6421886588,4.475910343,    4305P   3793
9.077312032,-0.6421886588,4.0,0.0,3.365194305,0.0,0.0,0.0,0,0;      4305P   3794
110,9.077312032,-0.6421886588,4.0,9.077312032,-0.6421886588,1.0,    4307P   3795
0,0;                                                                4307P   3796
124,0.9975068167,0.07057018229,0.0,0.0,-0.07057018229,              4309P   3797
0.9975068167,0.0,0.0,0.0,0.0,1.0,1.0,0,0;                           4309P   3798
100,0.0,0.0,0.0,9.1,0.0,8.784219383,2.37644479,0,0;                 4311P   3799
102,6,4299,4301,4303,4305,4307,4311,0,0;                            4313P   3800
142,0,4295,0,4313,2,0,0;                                            4315P   3801
144,4295,1,0,4315,0,0;                                              4317P   3802
110,0.0,0.0,-2.9,0.0,0.0,-1.9,0,0;                                  4319P   3803
110,-9.074212012,0.6845994122,0.9297793941,-9.074212012,            4321P   3804
0.6845994122,12.0,0,0;                                              4321P   3805
120,4319,4321,0.0,6.283185307,0,0;                                  4323P   3806
124,-0.9498045243,-0.3128439956,0.0,0.0,-0.3128439956,              4325P   3807
0.9498045243,0.0,0.0,0.0,0.0,-1.0,4.0,0,0;                          4325P   3808
100,0.0,0.0,0.0,9.1,0.0,9.08619324,0.5010912122,0,0;                4327P   3809
126,5,5,0,0,1,0,0.0,0.0,0.0,0.0,0.0,0.0,3.335779341,3.335779341,    4329P   3810
3.335779341,3.335779341,3.335779341,3.335779341,1.0,1.0,1.0,1.0,    4329P   3811
1.0,1.0,-8.786870825,-2.366622298,4.0,-8.786870825,-2.366622298,    4329P   3812
4.471750438,-8.834759606,-2.187949295,4.943891484,-8.933842554,     4329P   3813
-1.827154759,5.317467764,-9.010250751,-1.359385844,5.5,             4329P   3814
-9.056383616,-0.8898965095,5.5,0.0,3.335779341,0.0,0.0,0.0,0,0;     4329P   3815
126,5,5,0,0,1,0,0.0,0.0,0.0,0.0,0.0,0.0,3.365194305,3.365194305,    4331P   3816
3.365194305,3.365194305,3.365194305,3.365194305,1.0,1.0,1.0,1.0,    4331P   3817
1.0,1.0,-9.056383616,-0.8898965095,5.5,-9.102923281,                4331P   3818
-0.4162672095,5.5,-9.118997479,0.0593558305,5.312832132,            4331P   3819
-9.091448427,0.4433755289,4.952562022,-9.077312032,0.6421886588,    4331P   3820
4.475910343,-9.077312032,0.6421886588,4.0,0.0,3.365194305,0.0,      4331P   3821
0.0,0.0,0,0;                                                        4331P   3822
110,-9.077312032,0.6421886588,4.0,-9.077312032,0.6421886588,1.0,    4333P   3823
0,0;                                                                4333P   3824
124,-0.9975068167,-0.07057018229,0.0,0.0,0.07057018229,             4335P   3825
-0.9975068167,0.0,0.0,0.0,0.0,1.0,1.0,0,0;                          4335P   3826
100,0.0,0.0,0.0,9.1,0.0,8.784219383,2.37644479,0,0;                 4337P   3827
124,-0.9813214127,0.1923753752,0.0,0.0,-0.1923753752,               4339P   3828
-0.9813214127,0.0,0.0,0.0,0.0,1.0,1.0,0,0;                          4339P   3829
100,0.0,0.0,0.0,9.1,0.0,8.897217513,1.910371828,0,0;                4341P   3830
124,-0.9190683035,0.394098279,0.0,0.0,-0.394098279,                 4343P   3831
-0.9190683035,0.0,0.0,0.0,0.0,1.0,1.0,0,0;                          4343P   3832
100,0.0,0.0,0.0,9.1,0.0,9.08458514,0.5294457735,0,0;                4345P   3833
126,5,5,0,0,1,0,0.0,0.0,0.0,0.0,0.0,0.0,3.422723051,3.422723051,    4347P   3834
3.422723051,3.422723051,3.422723051,3.422723051,1.0,1.0,1.0,1.0,    4347P   3835
1.0,1.0,-8.140700585,-4.066816198,1.0,-7.924378973,-4.499835391,    4347P   3836
1.0,-7.681735126,-4.916055616,1.185935255,-7.441719022,             4347P   3837
-5.24302413,1.530627843,-7.310765488,-5.418736751,2.015953864,      4347P   3838
-7.310765488,-5.418736751,2.5,0.0,3.422723051,0.0,0.0,0.0,0,0;      4347P   3839
110,-7.310765488,-5.418736751,2.5,-7.310765488,-5.418736751,        4349P   3840
12.0,0,0;                                                           4349P   3841
124,-0.8033808229,-0.5954655771,0.0,0.0,-0.5954655771,              4351P   3842
0.8033808229,0.0,0.0,0.0,0.0,-1.0,12.0,0,0;                         4351P   3843
100,0.0,0.0,0.0,9.1,0.0,8.639017393,2.859611596,0,0;                4353P   3844
110,-8.643221171,-2.84688036,12.0,-8.643221171,-2.84688036,4.0,     4355P   3845
0,0;                                                                4355P   3846
102,11,4327,4329,4331,4333,4337,4341,4345,4347,4349,4353,4355,0,    4357P   3847
0;                                                                  4357P   3848
142,0,4323,0,4357,2,0,0;                                            4359P   3849
144,4323,1,0,4359,0,0;                                              4361P   3850
110,-15.4,0.0,-5.95,-14.4,0.0,-5.95,0,0;                            4363P   3851
110,-16.9,3.6,-5.95,-13.9,3.6,-5.95,0,0;                            4365P   3852
120,4363,4365,0.0,6.283185307,0,0;                                  4367P   3853
110,-13.9,3.6,-5.95,-16.9,3.6,-5.95,0,0;                            4369P   3854
124,0.0,0.0,1.0,-16.9,1.0,1.233581138E-015,0.0,0.0,                 4371P   3855
-1.233581138E-015,1.0,0.0,-5.95,0,0;                                4371P   3856
100,0.0,0.0,0.0,3.6,0.0,-3.6,-4.440892099E-015,0,0;                 4373P   3857
110,-16.9,-3.6,-5.95,-13.9,-3.6,-5.95,0,0;                          4375P   3858
124,0.0,0.0,-1.0,-13.9,-1.0,0.0,0.0,0.0,0.0,1.0,0.0,-5.95,0,0;      4377P   3859
100,0.0,0.0,0.0,3.6,0.0,-3.6,0.0,0,0;                               4379P   3860
102,4,4369,4373,4375,4379,0,0;                                      4381P   3861
142,0,4367,0,4381,2,0,0;                                            4383P   3862
144,4367,1,0,4383,0,0;                                              4385P   3863
110,-15.4,0.0,-5.95,-14.4,0.0,-5.95,0,0;                            4387P   3864
110,-16.9,-3.6,-5.95,-13.9,-3.6,-5.95,0,0;                          4389P   3865
120,4387,4389,0.0,6.283185307,0,0;                                  4391P   3866
110,-13.9,-3.6,-5.95,-16.9,-3.6,-5.95,0,0;                          4393P   3867
124,0.0,0.0,1.0,-16.9,-1.0,0.0,0.0,0.0,0.0,-1.0,0.0,-5.95,0,0;      4395P   3868
100,0.0,0.0,0.0,3.6,0.0,-3.6,4.440892099E-015,0,0;                  4397P   3869
110,-16.9,3.6,-5.95,-13.9,3.6,-5.95,0,0;                            4399P   3870
124,0.0,0.0,-1.0,-13.9,1.0,0.0,0.0,0.0,0.0,-1.0,0.0,-5.95,0,0;      4401P   3871
100,0.0,0.0,0.0,3.6,0.0,-3.6,0.0,0,0;                               4403P   3872
102,4,4393,4397,4399,4403,0,0;                                      4405P   3873
142,0,4391,0,4405,2,0,0;                                            4407P   3874
144,4391,1,0,4407,0,0;                                              4409P   3875
108,1.0,0.0,0.0,-13.9,0,-13.9,0.0,0.0,1.0,0,0;                      4411P   3876
124,0.0,0.0,1.0,-13.9,1.0,0.0,0.0,0.0,0.0,1.0,0.0,-5.95,0,0;        4413P   3877
100,0.0,0.0,0.0,3.6,0.0,-3.6,0.0,0,0;                               4415P   3878
124,0.0,0.0,1.0,-13.9,-1.0,0.0,0.0,0.0,0.0,-1.0,0.0,-5.95,0,0;      4417P   3879
100,0.0,0.0,0.0,3.6,0.0,-3.6,0.0,0,0;                               4419P   3880
102,2,4415,4419,0,0;                                                4421P   3881
142,0,4411,0,4421,2,0,0;                                            4423P   3882
144,4411,1,0,4423,0,0;                                              4425P   3883
108,0.0,0.0,1.0,-2.0,0,30.0,0.0,-2.0,1.0,0,0;                       4427P   3884
124,0.9812705671,0.1926345609,0.0,0.0,-0.1926345609,                4429P   3885
0.9812705671,0.0,0.0,0.0,0.0,1.0,-2.0,0,0;                          4429P   3886
100,0.0,0.0,0.0,17.65,0.0,13.56917898,11.28715561,0,0;              4431P   3887
124,0.8775825619,-0.4794255386,0.0,0.0,0.4794255386,                4433P   3888
0.8775825619,0.0,0.0,0.0,0.0,1.0,-2.0,0,0;                          4433P   3889
100,0.0,0.0,0.0,17.65,0.0,-17.65,9.797718192E-016,0,0;              4435P   3890
124,-0.8775825619,0.4794255386,0.0,0.0,-0.4794255386,               4437P   3891
-0.8775825619,0.0,0.0,0.0,0.0,1.0,-2.0,0,0;                         4437P   3892
100,0.0,0.0,0.0,17.65,0.0,-10.8547014,13.91754136,0,0;              4439P   3893
124,0.9177519221,0.3971541382,0.0,0.0,-0.3971541382,                4441P   3894
0.9177519221,0.0,0.0,0.0,0.0,1.0,-2.0,0,0;                          4441P   3895
100,0.0,0.0,0.0,17.65,0.0,17.24526012,3.758124977,0,0;              4443P   3896
102,4,4431,4435,4439,4443,0,0;                                      4445P   3897
142,0,4427,0,4445,2,0,0;                                            4447P   3898
124,-1.0,0.0,0.0,-16.4,0.0,1.0,0.0,4.25,0.0,0.0,-1.0,-2.0,0,0;      4449P   3899
100,0.0,0.0,0.0,0.5,0.0,0.0,0.5,0,0;                                4451P   3900
110,-16.4,4.75,-2.0,-7.761926307,4.75,-2.0,0,0;                     4453P   3901
124,-0.8529589349,0.521978022,0.0,0.0,0.521978022,0.8529589349,     4455P   3902
0.0,0.0,2.928060724E-016,0.0,-1.0,-2.0,0,0;                         4455P   3903
100,0.0,0.0,0.0,9.1,0.0,2.927941837,8.616098688,0,0;                4457P   3904
110,2.0,8.877499648,-2.0,2.0,16.29236364,-2.0,0,0;                  4459P   3905
126,14,5,0,0,1,0,0.0,0.0,0.0,0.0,0.0,0.0,0.3394643427,              4461P   3906
0.3394643427,0.3394643427,0.6777293236,0.6777293236,                4461P   3907
0.6777293236,1.013838382,1.013838382,1.013838382,1.119155513,       4461P   3908
1.119155513,1.119155513,1.119155513,1.119155513,1.119155513,1.0,    4461P   3909
1.0,1.0,1.0,1.0,1.0,1.0,1.0,1.0,1.0,1.0,1.0,1.0,1.0,1.0,2.0,        4461P   3910
16.29236364,-2.0,2.0,16.34037115,-2.0,2.005589757,16.38837827,      4461P   3911
-2.0,2.01677045,16.43552319,-2.0,2.049885255,16.52616969,-2.0,      4461P   3912
2.103077957,16.60668504,-2.0,2.13426701,16.6435556,-2.0,            4461P   3913
2.204587499,16.7089831,-2.0,2.288304072,16.75605013,-2.0,           4461P   3914
2.332658668,16.77438916,-2.0,2.393240116,16.79123279,-2.0,          4461P   3915
2.45530965,16.79830751,-2.0,2.470211857,16.79943695,-2.0,           4461P   3916
2.485105908,16.8,-2.0,2.5,16.8,-2.0,0.0,1.119155513,0.0,0.0,0.0,    4461P   3917
0,0;                                                                4461P   3918
110,2.5,16.8,-2.0,3.5,16.8,-2.0,0,0;                                4463P   3919
126,14,5,0,0,1,0,0.0,0.0,0.0,0.0,0.0,0.0,0.1053171315,              4465P   3920
0.1053171315,0.1053171315,0.4414261898,0.4414261898,                4465P   3921
0.4414261898,0.7796911707,0.7796911707,0.7796911707,1.119155513,    4465P   3922
1.119155513,1.119155513,1.119155513,1.119155513,1.119155513,1.0,    4465P   3923
1.0,1.0,1.0,1.0,1.0,1.0,1.0,1.0,1.0,1.0,1.0,1.0,1.0,1.0,3.5,        4465P   3924
16.8,-2.0,3.514894092,16.8,-2.0,3.529788143,16.79943695,-2.0,       4465P   3925
3.54469035,16.79830751,-2.0,3.606759884,16.79123279,-2.0,           4465P   3926
3.667341332,16.77438916,-2.0,3.711695928,16.75605013,-2.0,          4465P   3927
3.795412501,16.7089831,-2.0,3.86573299,16.6435556,-2.0,             4465P   3928
3.896922043,16.60668504,-2.0,3.950114745,16.52616969,-2.0,          4465P   3929
3.98322955,16.43552319,-2.0,3.994410243,16.38837827,-2.0,4.0,       4465P   3930
16.34037115,-2.0,4.0,16.29236364,-2.0,0.0,1.119155513,0.0,0.0,      4465P   3931
0.0,0,0;                                                            4465P   3932
110,4.0,16.29236364,-2.0,4.0,8.173738435,-2.0,0,0;                  4467P   3933
124,0.4395604396,0.8982130148,0.0,0.0,0.8982130148,                 4469P   3934
-0.4395604396,0.0,0.0,0.0,0.0,-1.0,-2.0,0,0;                        4469P   3935
100,0.0,0.0,0.0,9.1,0.0,8.846972277,2.130981355,0,0;                4471P   3936
110,5.80285421,7.009770539,-2.0,5.64474242,7.009770539,-2.0,0,0;    4473P   3937
124,0.6271936022,0.7788633933,0.0,0.0,0.7788633933,                 4475P   3938
-0.6271936022,0.0,0.0,2.960594732E-016,0.0,-1.0,-2.0,0,0;           4475P   3939
100,0.0,0.0,0.0,9.0,0.0,8.31439053,3.445418713,0,0;                 4477P   3940
124,0.8775825619,0.4794255386,0.0,0.0,0.4794255386,                 4479P   3941
-0.8775825619,0.0,0.0,2.960594732E-016,0.0,-1.0,-2.0,0,0;           4479P   3942
100,0.0,0.0,0.0,9.0,0.0,8.943000821,1.011304262,0,0;                4481P   3943
110,8.333066662,3.4,-2.0,16.4,3.4,-2.0,0,0;                         4483P   3944
124,0.0,1.0,0.0,16.4,1.0,0.0,0.0,2.9,0.0,0.0,-1.0,-2.0,0,0;         4485P   3945
100,0.0,0.0,0.0,0.5,0.0,0.0,0.5,0,0;                                4487P   3946
110,16.9,2.9,-2.0,16.9,-2.9,-2.0,0,0;                               4489P   3947
124,1.0,0.0,0.0,16.4,0.0,-1.0,0.0,-2.9,0.0,0.0,-1.0,-2.0,0,0;       4491P   3948
100,0.0,0.0,0.0,0.5,0.0,0.0,0.5,0,0;                                4493P   3949
110,16.4,-3.4,-2.0,8.333066662,-3.4,-2.0,0,0;                       4495P   3950
124,0.9258962958,-0.3777777778,0.0,0.0,-0.3777777778,               4497P   3951
-0.9258962958,0.0,0.0,2.960594732E-016,0.0,-1.0,-2.0,0,0;           4497P   3952
100,0.0,0.0,0.0,9.0,0.0,7.953657957,4.211807818,0,0;                4499P   3953
124,0.7703152897,0.6376631983,0.0,3.0,0.6376631983,                 4501P   3954
-0.7703152897,0.0,-9.2,7.401486831E-016,0.0,-1.0,-2.0,0,0;          4501P   3955
100,0.0,0.0,0.0,3.6,0.0,2.773135043,2.295587514,0,0;                4503P   3956
124,1.0,-4.934324554E-016,0.0,3.0,-4.934324554E-016,-1.0,0.0,       4505P   3957
-9.2,0.0,0.0,-1.0,-2.0,0,0;                                         4505P   3958
100,0.0,0.0,0.0,3.6,0.0,-3.6,3.552713679E-015,0,0;                  4507P   3959
124,-1.0,4.934324554E-016,0.0,3.0,4.934324554E-016,1.0,0.0,-9.2,    4509P   3960
0.0,0.0,-1.0,-2.0,0,0;                                              4509P   3961
100,0.0,0.0,0.0,3.6,0.0,3.598010418,0.1196705159,0,0;               4511P   3962
124,-0.06571543054,-0.9978384048,0.0,0.0,-0.9978384048,             4513P   3963
0.06571543054,0.0,0.0,2.928060724E-016,0.0,-1.0,-2.0,0,0;           4513P   3964
100,0.0,0.0,0.0,9.1,0.0,8.989740949,1.412288098,0,0;                4515P   3965
110,-2.0,-8.877499648,-2.0,-2.0,-16.29236364,-2.0,0,0;              4517P   3966
126,14,5,0,0,1,0,0.0,0.0,0.0,0.0,0.0,0.0,0.3394643427,              4519P   3967
0.3394643427,0.3394643427,0.6777293236,0.6777293236,                4519P   3968
0.6777293236,1.013838382,1.013838382,1.013838382,1.119155513,       4519P   3969
1.119155513,1.119155513,1.119155513,1.119155513,1.119155513,1.0,    4519P   3970
1.0,1.0,1.0,1.0,1.0,1.0,1.0,1.0,1.0,1.0,1.0,1.0,1.0,1.0,-2.0,       4519P   3971
-16.29236364,-2.0,-2.0,-16.34037115,-2.0,-2.005589757,              4519P   3972
-16.38837827,-2.0,-2.01677045,-16.43552319,-2.0,-2.049885255,       4519P   3973
-16.52616969,-2.0,-2.103077957,-16.60668504,-2.0,-2.13426701,       4519P   3974
-16.6435556,-2.0,-2.204587499,-16.7089831,-2.0,-2.288304072,        4519P   3975
-16.75605013,-2.0,-2.332658668,-16.77438916,-2.0,-2.393240116,      4519P   3976
-16.79123279,-2.0,-2.45530965,-16.79830751,-2.0,-2.470211857,       4519P   3977
-16.79943695,-2.0,-2.485105908,-16.8,-2.0,-2.5,-16.8,-2.0,0.0,      4519P   3978
1.119155513,0.0,0.0,0.0,0,0;                                        4519P   3979
110,-2.5,-16.8,-2.0,-3.5,-16.8,-2.0,0,0;                            4521P   3980
126,14,5,0,0,1,0,0.0,0.0,0.0,0.0,0.0,0.0,0.1053171315,              4523P   3981
0.1053171315,0.1053171315,0.4414261898,0.4414261898,                4523P   3982
0.4414261898,0.7796911707,0.7796911707,0.7796911707,1.119155513,    4523P   3983
1.119155513,1.119155513,1.119155513,1.119155513,1.119155513,1.0,    4523P   3984
1.0,1.0,1.0,1.0,1.0,1.0,1.0,1.0,1.0,1.0,1.0,1.0,1.0,1.0,-3.5,       4523P   3985
-16.8,-2.0,-3.514894092,-16.8,-2.0,-3.529788143,-16.79943695,       4523P   3986
-2.0,-3.54469035,-16.79830751,-2.0,-3.606759884,-16.79123279,       4523P   3987
-2.0,-3.667341332,-16.77438916,-2.0,-3.711695928,-16.75605013,      4523P   3988
-2.0,-3.795412501,-16.7089831,-2.0,-3.86573299,-16.6435556,-2.0,    4523P   3989
-3.896922043,-16.60668504,-2.0,-3.950114745,-16.52616969,-2.0,      4523P   3990
-3.98322955,-16.43552319,-2.0,-3.994410243,-16.38837827,-2.0,       4523P   3991
-4.0,-16.34037115,-2.0,-4.0,-16.29236364,-2.0,0.0,1.119155513,      4523P   3992
0.0,0.0,0.0,0,0;                                                    4523P   3993
110,-4.0,-16.29236364,-2.0,-4.0,-8.173738435,-2.0,0,0;              4525P   3994
124,-0.4395604396,-0.8982130148,0.0,0.0,-0.8982130148,              4527P   3995
0.4395604396,0.0,0.0,2.928060724E-016,0.0,-1.0,-2.0,0,0;            4527P   3996
100,0.0,0.0,0.0,9.1,0.0,7.67834756,4.883951141,0,0;                 4529P   3997
110,-7.761926307,-4.75,-2.0,-16.4,-4.75,-2.0,0,0;                   4531P   3998
124,0.0,-1.0,0.0,-16.4,-1.0,0.0,0.0,-4.25,0.0,0.0,-1.0,-2.0,0,0;    4533P   3999
100,0.0,0.0,0.0,0.5,0.0,0.0,0.5,0,0;                                4535P   4000
110,-16.9,-4.25,-2.0,-16.9,4.25,-2.0,0,0;                           4537P   4001
102,31,4451,4453,4457,4459,4461,4463,4465,4467,4471,4473,4477,      4539P   4002
4481,4483,4487,4489,4493,4495,4499,4503,4507,4511,4515,4517,        4539P   4003
4519,4521,4523,4525,4529,4531,4535,4537,0,0;                        4539P   4004
142,0,4427,0,4539,2,0,0;                                            4541P   4005
144,4427,1,1,4447,4541,0,0;                                         4543P   4006
110,-16.4,-4.75,-2.0,-7.761926307,-4.75,-2.0,0,0;                   4545P   4007
110,-7.761926307,-4.75,-2.0,-7.761926307,-4.75,-5.2,0,0;            4547P   4008
126,14,5,0,0,1,0,0.0,0.0,0.0,0.0,0.0,0.0,0.405478161,               4549P   4009
0.405478161,0.405478161,0.8332388535,0.8332388535,0.8332388535,     4549P   4010
1.453443946,1.453443946,1.453443946,1.458948599,1.458948599,        4549P   4011
1.458948599,1.458948599,1.458948599,1.458948599,1.0,1.0,1.0,1.0,    4549P   4012
1.0,1.0,1.0,1.0,1.0,1.0,1.0,1.0,1.0,1.0,1.0,-7.761926307,-4.75,     4549P   4013
-5.2,-7.761926307,-4.75,-5.257343271,-7.753894828,-4.75,            4549P   4014
-5.314685998,-7.737828542,-4.75,-5.370507066,-7.689897615,-4.75,    4549P   4015
-5.479351576,-7.615616958,-4.75,-5.572607611,-7.571701289,-4.75,    4549P   4016
-5.615428263,-7.453314555,-4.75,-5.706984954,-7.314537215,-4.75,    4549P   4017
-5.765426637,-7.228355087,-4.75,-5.788178557,-7.13976376,-4.75,     4549P   4018
-5.799701237,-7.051271551,-4.75,-5.799997395,-7.050493052,-4.75,    4549P   4019
-5.799999132,-7.049714565,-4.75,-5.8,-7.04893609,-4.75,-5.8,0.0,    4549P   4020
1.458948599,0.0,0.0,0.0,0,0;                                        4549P   4021
110,-7.04893609,-4.75,-5.8,-4.0,-4.75,-5.8,0,0;                     4551P   4022
110,-4.0,-4.75,-5.8,-4.0,-4.75,-5.95,0,0;                           4553P   4023
110,-4.0,-4.75,-5.95,-16.4,-4.75,-5.95,0,0;                         4555P   4024
110,-16.4,-4.75,-5.95,-16.4,-4.75,-2.0,0,0;                         4557P   4025
102,7,4545,4547,4549,4551,4553,4555,4557,0,0;                       4559P   4026
142,0,261,0,4559,2,0,0;                                             4561P   4027
144,261,1,0,4561,0,0;                                               4563P   4028
108,0.0,-1.0,-1.668727068E-016,-4.75,0,0.0,4.75,-0.6275093625,      4565P   4029
1.0,0,0;                                                            4565P   4030
110,-16.4,4.75,-5.95,2.0,4.75,-5.95,0,0;                            4567P   4031
110,2.0,4.75,-5.95,2.0,4.75,-5.8,0,0;                               4569P   4032
110,2.0,4.75,-5.8,-7.04893609,4.75,-5.8,0,0;                        4571P   4033
126,14,5,0,0,1,0,0.0,0.0,0.0,0.0,0.0,0.0,0.005504653047,            4573P   4034
0.005504653047,0.005504653047,0.6257097456,0.6257097456,            4573P   4035
0.6257097456,1.053470438,1.053470438,1.053470438,1.458948599,       4573P   4036
1.458948599,1.458948599,1.458948599,1.458948599,1.458948599,1.0,    4573P   4037
1.0,1.0,1.0,1.0,1.0,1.0,1.0,1.0,1.0,1.0,1.0,1.0,1.0,1.0,            4573P   4038
-7.04893609,4.75,-5.8,-7.049714565,4.75,-5.8,-7.050493052,4.75,     4573P   4039
-5.799999132,-7.051271551,4.75,-5.799997395,-7.13976376,4.75,       4573P   4040
-5.799701237,-7.228355087,4.75,-5.788178557,-7.314537215,4.75,      4573P   4041
-5.765426637,-7.453314555,4.75,-5.706984954,-7.571701289,4.75,      4573P   4042
-5.615428263,-7.615616958,4.75,-5.572607611,-7.689897615,4.75,      4573P   4043
-5.479351576,-7.737828542,4.75,-5.370507066,-7.753894828,4.75,      4573P   4044
-5.314685998,-7.761926307,4.75,-5.257343271,-7.761926307,4.75,      4573P   4045
-5.2,0.0,1.458948599,0.0,0.0,0.0,0,0;                               4573P   4046
110,-7.761926307,4.75,-5.2,-7.761926307,4.75,-2.0,0,0;              4575P   4047
110,-7.761926307,4.75,-2.0,-16.4,4.75,-2.0,0,0;                     4577P   4048
110,-16.4,4.75,-2.0,-16.4,4.75,-5.95,0,0;                           4579P   4049
102,7,4567,4569,4571,4573,4575,4577,4579,0,0;                       4581P   4050
142,0,4565,0,4581,2,0,0;                                            4583P   4051
144,4565,1,0,4583,0,0;                                              4585P   4052
110,0.0,0.0,-5.95,1.0,0.0,-5.95,0,0;                                4587P   4053
110,-16.4,-4.75,-5.95,6.358390642,-4.75,-5.95,0,0;                  4589P   4054
120,4587,4589,0.0,6.283185307,0,0;                                  4591P   4055
124,0.0,0.0,-1.0,-16.4,1.0,-1.869849305E-016,0.0,0.0,               4593P   4056
-1.869849305E-016,-1.0,0.0,-5.95,0,0;                               4593P   4057
100,0.0,0.0,0.0,4.75,0.0,-4.75,-3.552713679E-015,0,0;               4595P   4058
110,-16.4,-4.75,-5.95,-4.0,-4.75,-5.95,0,0;                         4597P   4059
124,0.0,0.0,1.0,-4.0,-1.0,-9.349246523E-016,0.0,0.0,                4599P   4060
9.349246523E-016,-1.0,0.0,-5.95,0,0;                                4599P   4061
100,0.0,0.0,0.0,4.75,0.0,4.73341297,0.396612723,0,0;                4601P   4062
126,5,5,0,0,1,0,0.0,0.0,0.0,0.0,0.0,0.0,1.317708811,1.317708811,    4603P   4063
1.317708811,1.317708811,1.317708811,1.317708811,1.0,1.0,1.0,1.0,    4603P   4064
1.0,1.0,-4.0,-4.73341297,-6.346612723,-4.0,-4.717853046,            4603P   4065
-6.532314147,-3.956166934,-4.694669937,-6.71330254,-3.874727233,    4603P   4066
-4.656948727,-6.898292731,-3.686352167,-4.629537722,                4603P   4067
-7.012958362,-3.5,-4.629537722,-7.012958362,0.0,1.317708811,0.0,    4603P   4068
0.0,0.0,0,0;                                                        4603P   4069
110,-3.5,-4.629537722,-7.012958362,-2.5,-4.629537722,               4605P   4070
-7.012958362,0,0;                                                   4605P   4071
126,5,5,0,0,1,0,0.0,0.0,0.0,0.0,0.0,0.0,1.317708811,1.317708811,    4607P   4072
1.317708811,1.317708811,1.317708811,1.317708811,1.0,1.0,1.0,1.0,    4607P   4073
1.0,1.0,-2.5,-4.629537722,-7.012958362,-2.313647833,                4607P   4074
-4.629537722,-7.012958362,-2.125272767,-4.656948727,                4607P   4075
-6.898292731,-2.043833066,-4.694669937,-6.71330254,-2.0,            4607P   4076
-4.717853046,-6.532314147,-2.0,-4.73341297,-6.346612723,0.0,        4607P   4077
1.317708811,0.0,0.0,0.0,0,0;                                        4607P   4078
124,0.0,0.0,-1.0,-2.0,-0.9965079938,-0.08349741537,0.0,0.0,         4609P   4079
-0.08349741537,0.9965079938,0.0,-5.95,0,0;                          4609P   4080
100,0.0,0.0,0.0,4.75,0.0,4.73341297,0.396612723,0,0;                4611P   4081
110,-2.0,-4.75,-5.95,3.06173141,-4.75,-5.95,0,0;                    4613P   4082
126,8,5,0,0,1,0,0.0,0.0,0.0,0.0,0.0,0.0,3.221414788,3.221414788,    4615P   4083
3.221414788,5.48739718,5.48739718,5.48739718,5.48739718,            4615P   4084
5.48739718,5.48739718,1.0,1.0,1.0,1.0,1.0,1.0,1.0,1.0,1.0,          4615P   4085
3.06173141,-4.75,-5.95,3.06173141,-4.75,-6.405576848,               4615P   4086
3.156333411,-4.695381509,-6.861152477,3.343500629,-4.587320089,     4615P   4087
-7.276992035,3.744089554,-4.356040607,-7.907563628,4.248384729,     4615P   4088
-4.064885201,-8.425030253,4.468952216,-3.937540791,-8.621173507,    4615P   4089
4.698728718,-3.804879164,-8.801637884,4.935898385,-3.667949192,     4615P   4090
-8.968053797,0.0,5.48739718,0.0,0.0,0.0,0,0;                        4615P   4091
126,3,3,0,0,1,0,0.0,0.0,0.0,0.0,0.8010445225,0.8010445225,          4617P   4092
0.8010445225,0.8010445225,1.0,1.0,1.0,1.0,4.935898385,              4617P   4093
-3.667949192,-8.968053797,5.075634292,-3.587272629,-9.066102923,    4617P   4094
5.236877825,-3.517335075,-9.143072294,5.412353571,-3.469740736,     4617P   4095
-9.193978919,0.0,0.8010445225,0.0,0.0,0.0,0,0;                      4617P   4096
126,3,3,0,0,1,0,0.0,0.0,0.0,0.0,0.7413162304,0.7413162304,          4619P   4097
0.7413162304,0.7413162304,1.0,1.0,1.0,1.0,5.412353571,              4619P   4098
-3.469740736,-9.193978919,5.519774493,-3.440604923,-9.225142413,    4619P   4099
5.632833349,-3.419474135,-9.247052926,5.755301047,-3.398972889,     4619P   4100
-9.268054143,0.0,0.7413162304,0.0,0.0,0.0,0,0;                      4619P   4101
126,3,3,0,0,1,0,0.0,0.0,0.0,0.0,0.3912007784,0.3912007784,          4621P   4102
0.3912007784,0.3912007784,1.0,1.0,1.0,1.0,5.755301047,              4621P   4103
-3.398972889,-9.268054143,5.825448546,-3.387230117,-9.280083291,    4621P   4104
5.896145551,-3.377013753,-9.290417634,5.967287782,-3.369559216,     4621P   4105
-9.297920353,0.0,0.3912007784,0.0,0.0,0.0,0,0;                      4621P   4106
126,17,5,0,0,1,0,0.0,0.0,0.0,0.0,0.0,0.0,0.3900551186,              4623P   4107
0.3900551186,0.3900551186,0.6283076012,0.6283076012,                4623P   4108
0.6283076012,0.7748565239,0.7748565239,0.7748565239,                4623P   4109
0.9323595192,0.9323595192,0.9323595192,1.275139675,1.275139675,     4623P   4110
1.275139675,1.275139675,1.275139675,1.275139675,1.0,1.0,1.0,1.0,    4623P   4111
1.0,1.0,1.0,1.0,1.0,1.0,1.0,1.0,1.0,1.0,1.0,1.0,1.0,1.0,            4623P   4112
5.967287782,-3.369559216,-9.297920353,6.021850237,-3.36384194,      4623P   4113
-9.303674582,6.07617962,-3.357007504,-9.310528624,6.126788,         4623P   4114
-3.349051654,-9.318456226,6.213438748,-3.333074747,-9.334358741,    4623P   4115
6.293549895,-3.305127517,-9.361595992,6.325064251,-3.293599501,     4623P   4116
-9.372845548,6.365653106,-3.259265035,-9.405661617,6.357569745,     4623P   4117
-3.217448861,-9.444461043,6.346614676,-3.202672182,-9.45796879,     4623P   4118
6.32163012,-3.1765527,-9.481667428,6.289803322,-3.154687179,        4623P   4119
-9.501164044,6.272318392,-3.144011852,-9.510612369,6.215342624,     4623P   4120
-3.112443959,-9.538358007,6.153657801,-3.085803104,-9.561245499,    4623P   4121
6.111697739,-3.069146751,-9.575398958,6.067958408,-3.053117221,     4623P   4122
-9.588868976,6.023711638,-3.037893213,-9.601534585,0.0,             4623P   4123
1.275139675,0.0,0.0,0.0,0,0;                                        4623P   4124
126,3,3,0,0,1,0,0.0,0.0,0.0,0.0,0.4161360779,0.4161360779,          4625P   4125
0.4161360779,0.4161360779,1.0,1.0,1.0,1.0,6.023711638,              4625P   4126
-3.037893213,-9.601534585,5.946490072,-3.011323567,-9.623639195,    4625P   4127
5.867221231,-2.985633911,-9.64450412,5.785512979,-2.962570964,      4625P   4128
-9.662906313,0.0,0.4161360779,0.0,0.0,0.0,0,0;                      4625P   4129
126,3,3,0,0,1,0,0.0,0.0,0.0,0.0,0.2701048115,0.2701048115,          4627P   4130
0.2701048115,0.2701048115,1.0,1.0,1.0,1.0,5.785512979,              4627P   4131
-2.962570964,-9.662906313,5.729423092,-2.946739009,-9.675538813,    4627P   4132
5.671274994,-2.935336943,-9.684486019,5.612530445,-2.927916896,     4627P   4133
-9.69029446,0.0,0.2701048115,0.0,0.0,0.0,0,0;                       4627P   4134
126,3,3,0,0,1,0,0.0,0.0,0.0,0.0,0.2795250806,0.2795250806,          4629P   4135
0.2795250806,0.2795250806,1.0,1.0,1.0,1.0,5.612530445,              4629P   4136
-2.927916896,-9.69029446,5.547488356,-2.919701381,-9.696725597,     4629P   4137
5.481621445,-2.915475947,-9.7,5.415736752,-2.915475947,-9.7,0.0,    4629P   4138
0.2795250806,0.0,0.0,0.0,0,0;                                       4629P   4139
110,5.415736752,-2.915475947,-9.7,-7.9,-2.915475947,-9.7,0,0;       4631P   4140
124,0.0,0.0,1.0,-7.9,-0.61378441,0.7894736842,0.0,0.0,              4633P   4141
-0.7894736842,-0.61378441,0.0,-5.95,0,0;                            4633P   4142
100,0.0,0.0,0.0,4.75,0.0,1.171052632,4.603383075,0,0;               4635P   4143
110,-7.9,2.915475947,-9.7,5.415736752,2.915475947,-9.7,0,0;         4637P   4144
126,3,3,0,0,1,0,0.0,0.0,0.0,0.0,0.2795250838,0.2795250838,          4639P   4145
0.2795250838,0.2795250838,1.0,1.0,1.0,1.0,5.415736752,              4639P   4146
2.915475947,-9.7,5.481621446,2.915475947,-9.7,5.547488357,          4639P   4147
2.919701381,-9.696725597,5.612530447,2.927916896,-9.69029446,       4639P   4148
0.0,0.2795250838,0.0,0.0,0.0,0,0;                                   4639P   4149
126,3,3,0,0,1,0,0.0,0.0,0.0,0.0,0.2701046913,0.2701046913,          4641P   4150
0.2701046913,0.2701046913,1.0,1.0,1.0,1.0,5.612530447,              4641P   4151
2.927916896,-9.69029446,5.671274989,2.935336945,-9.684486017,       4641P   4152
5.729423113,2.946739017,-9.675538806,5.785512992,2.962570968,       4641P   4153
-9.662906309,0.0,0.2701046913,0.0,0.0,0.0,0,0;                      4641P   4154
126,3,3,0,0,1,0,0.0,0.0,0.0,0.0,0.4161350644,0.4161350644,          4643P   4155
0.4161350644,0.4161350644,1.0,1.0,1.0,1.0,5.785512992,              4643P   4156
2.962570968,-9.662906309,5.867221321,2.985633941,-9.644504096,      4643P   4157
5.946490219,3.011323579,-9.623639185,6.023711721,3.037893215,       4643P   4158
-9.601534583,0.0,0.4161350644,0.0,0.0,0.0,0,0;                      4643P   4159
126,17,5,0,0,1,0,0.0,0.0,0.0,0.0,0.0,0.0,0.3427784061,              4645P   4160
0.3427784061,0.3427784061,0.5002813746,0.5002813746,                4645P   4161
0.5002813746,0.6468302658,0.6468302658,0.6468302658,                4645P   4162
0.8850827868,0.8850827868,0.8850827868,1.275137805,1.275137805,     4645P   4163
1.275137805,1.275137805,1.275137805,1.275137805,1.0,1.0,1.0,1.0,    4645P   4164
1.0,1.0,1.0,1.0,1.0,1.0,1.0,1.0,1.0,1.0,1.0,1.0,1.0,1.0,            4645P   4165
6.023711721,3.037893215,-9.601534583,6.067958266,3.053117142,       4645P   4166
-9.588869041,6.111697379,3.069146584,-9.575399098,6.153658303,      4645P   4167
3.08580332,-9.561245315,6.215342888,3.112444099,-9.538357883,       4645P   4168
6.272318448,3.144011886,-9.510612339,6.289803374,3.154687212,       4645P   4169
-9.501164014,6.321630161,3.176552733,-9.481667398,6.346614702,      4645P   4170
3.202672216,-9.457968759,6.357569761,3.217448897,-9.44446101,       4645P   4171
6.365653087,3.259265074,-9.405661581,6.325064203,3.293599524,       4645P   4172
-9.372845526,6.293549847,3.305127537,-9.361595973,6.213438703,      4645P   4173
3.333074756,-9.334358733,6.126787964,3.34905166,-9.31845622,        4645P   4174
6.076179592,3.357007508,-9.310528621,6.021850223,3.363841941,       4645P   4175
-9.30367458,5.967287782,3.369559216,-9.297920353,0.0,               4645P   4176
1.275137805,0.0,0.0,0.0,0,0;                                        4645P   4177
126,3,3,0,0,1,0,0.0,0.0,0.0,0.0,0.3911996946,0.3911996946,          4647P   4178
0.3911996946,0.3911996946,1.0,1.0,1.0,1.0,5.967287782,              4647P   4179
3.369559216,-9.297920353,5.896145618,3.377013787,-9.290417601,      4647P   4180
5.825448633,3.387230244,-9.280083162,5.755301055,3.398973038,       4647P   4181
-9.268053991,0.0,0.3911996946,0.0,0.0,0.0,0,0;                      4647P   4182
126,3,3,0,0,1,0,0.0,0.0,0.0,0.0,0.7413180627,0.7413180627,          4649P   4183
0.7413180627,0.7413180627,1.0,1.0,1.0,1.0,5.755301055,              4649P   4184
3.398973038,-9.268053991,5.63283302,3.419474324,-9.247052729,       4649P   4185
5.519775162,3.440604693,-9.225142662,5.412353056,3.469740875,       4649P   4186
-9.19397877,0.0,0.7413180627,0.0,0.0,0.0,0,0;                       4649P   4187
126,3,3,0,0,1,0,0.7585859381,0.7585859381,0.7585859381,             4651P   4188
0.7585859381,1.559629677,1.559629677,1.559629677,1.559629677,       4651P   4189
1.0,1.0,1.0,1.0,5.412353056,3.469740875,-9.19397877,5.236877509,    4651P   4190
3.517335211,-9.143072144,5.075634155,3.587272708,-9.066102827,      4651P   4191
4.935898385,3.667949192,-8.968053797,0.7585859381,1.559629677,      4651P   4192
0.0,0.0,0.0,0,0;                                                    4651P   4193
126,4,4,0,0,1,0,0.0,0.0,0.0,0.0,0.0,3.933660825,3.933660825,        4653P   4194
3.933660825,3.933660825,3.933660825,1.0,1.0,1.0,1.0,1.0,            4653P   4195
4.935898385,3.667949192,-8.968053797,4.421251276,3.965080839,       4653P   4196
-8.606939034,3.945855308,4.23955172,-8.179065234,3.521691412,       4653P   4197
4.484441918,-7.644898917,3.270378194,4.629537722,-7.012958362,      4653P   4198
0.0,3.933660825,0.0,0.0,0.0,0,0;                                    4653P   4199
110,3.270378194,4.629537723,-7.01295836,2.5,4.629537722,            4655P   4200
-7.012958362,0,0;                                                   4655P   4201
126,5,5,0,0,1,0,0.0,0.0,0.0,0.0,0.0,0.0,1.317708811,1.317708811,    4657P   4202
1.317708811,1.317708811,1.317708811,1.317708811,1.0,1.0,1.0,1.0,    4657P   4203
1.0,1.0,2.5,4.629537722,-7.012958362,2.313647833,4.629537722,       4657P   4204
-7.012958362,2.125272767,4.656948727,-6.898292731,2.043833066,      4657P   4205
4.694669937,-6.71330254,2.0,4.717853046,-6.532314147,2.0,           4657P   4206
4.73341297,-6.346612723,0.0,1.317708811,0.0,0.0,0.0,0,0;            4657P   4207
124,9.349246523E-017,0.0,1.0,2.0,0.9965079938,0.08349741537,0.0,    4659P   4208
0.0,-0.08349741537,0.9965079938,0.0,-5.95,0,0;                      4659P   4209
100,0.0,0.0,0.0,4.75,0.0,4.73341297,0.396612723,0,0;                4661P   4210
110,2.0,4.75,-5.95,-16.4,4.75,-5.95,0,0;                            4663P   4211
102,31,4595,4597,4601,4603,4605,4607,4611,4613,4615,4617,4619,      4665P   4212
4621,4623,4625,4627,4629,4631,4635,4637,4639,4641,4643,4645,        4665P   4213
4647,4649,4651,4653,4655,4657,4661,4663,0,0;                        4665P   4214
142,0,4591,0,4665,2,0,0;                                            4667P   4215
144,4591,1,0,4667,0,0;                                              4669P   4216
108,1.0,0.0,0.0,-16.9,0,-16.9,0.0,0.0,1.0,0,0;                      4671P   4217
110,-16.9,4.25,-2.0,-16.9,-4.25,-2.0,0,0;                           4673P   4218
110,-16.9,-4.25,-2.0,-16.9,-4.25,-5.949999999,0,0;                  4675P   4219
124,0.0,0.0,1.0,-16.9,-1.0,-3.508726904E-010,0.0,                   4677P   4220
-3.64486219E-013,3.508726904E-010,-1.0,0.0,-5.95,0,0;               4677P   4221
100,0.0,0.0,0.0,4.25,0.0,-4.25,-1.491253343E-009,0,0;               4679P   4222
110,-16.9,4.25,-5.95,-16.9,4.25,-2.0,0,0;                           4681P   4223
102,4,4673,4675,4679,4681,0,0;                                      4683P   4224
142,0,4671,0,4683,2,0,0;                                            4685P   4225
124,0.0,0.0,-1.0,-16.9,-1.0,0.0,0.0,0.0,0.0,1.0,0.0,-5.95,0,0;      4687P   4226
100,0.0,0.0,0.0,3.6,0.0,-3.6,-4.440892099E-015,0,0;                 4689P   4227
124,0.0,0.0,-1.0,-16.9,1.0,-1.233581138E-015,0.0,0.0,               4691P   4228
-1.233581138E-015,-1.0,0.0,-5.95,0,0;                               4691P   4229
100,0.0,0.0,0.0,3.6,0.0,-3.6,4.440892099E-015,0,0;                  4693P   4230
102,2,4689,4693,0,0;                                                4695P   4231
142,0,4671,0,4695,2,0,0;                                            4697P   4232
144,4671,1,1,4685,4697,0,0;                                         4699P   4233
110,-16.4,-3.95683486E-013,-5.95,-15.4,-3.95683486E-013,-5.95,0,    4701P   4234
0;                                                                  4701P   4235
124,-1.0,-1.836909531E-016,0.0,-16.4,0.0,-1.0,3.508233704E-010,     4703P   4236
-4.25,0.0,3.508233704E-010,1.0,-5.949999999,0,0;                    4703P   4237
100,0.0,0.0,0.0,0.5,0.0,3.061616998E-017,0.5,0,0;                   4705P   4238
120,4701,4705,0.0,3.141592654,0,0;                                  4707P   4239
124,0.0,0.0,1.0,-16.4,-1.0,3.197442311E-014,0.0,                    4709P   4240
-3.95683486E-013,-3.197442311E-014,-1.0,0.0,-5.95,0,0;              4709P   4241
100,0.0,0.0,0.0,4.75,0.0,-4.75,3.090860901E-013,0,0;                4711P   4242
124,0.0,-1.0,0.0,-16.4,1.0,0.0,3.81361609E-014,4.25,                4713P   4243
8.881784197E-015,0.0,1.0,-5.95,0,0;                                 4713P   4244
100,0.0,0.0,0.0,0.5,0.0,1.048050535E-013,0.5,0,0;                   4715P   4245
124,0.0,0.0,-1.0,-16.9,1.0,-3.887086731E-014,0.0,                   4717P   4246
-3.95683486E-013,-3.887086731E-014,-1.0,0.0,-5.95,0,0;              4717P   4247
100,0.0,0.0,0.0,4.25,0.0,-4.25,-1.490834123E-009,0,0;               4719P   4248
124,-1.0,-2.753353101E-013,0.0,-16.4,2.753353101E-013,-1.0,         4721P   4249
3.508233704E-010,-4.25,0.0,3.508233704E-010,1.0,-5.949999999,0,     4721P   4250
0;                                                                  4721P   4251
100,0.0,0.0,0.0,0.5,0.0,-1.376676551E-013,0.5,0,0;                  4723P   4252
102,4,4711,4715,4719,4723,0,0;                                      4725P   4253
142,0,4707,0,4725,2,0,0;                                            4727P   4254
144,4707,1,0,4727,0,0;                                              4729P   4255
110,-16.4,4.25,-6.35,-16.4,4.25,-7.35,0,0;                          4731P   4256
110,-16.9,4.25,-2.0,-16.9,4.25,-5.95,0,0;                           4733P   4257
120,4731,4733,0.0,6.283185307,0,0;                                  4735P   4258
124,0.0,-1.0,0.0,-16.4,1.0,0.0,0.0,4.25,-5.329070518E-015,0.0,      4737P   4259
1.0,-2.0,0,0;                                                       4737P   4260
100,0.0,0.0,0.0,0.5,0.0,1.419949629E-029,0.5,0,0;                   4739P   4261
110,-16.9,4.25,-2.0,-16.9,4.25,-5.95,0,0;                           4741P   4262
124,-1.0,0.0,0.0,-16.4,0.0,1.0,0.0,4.25,0.0,0.0,-1.0,-5.95,0,0;     4743P   4263
100,0.0,0.0,0.0,0.5,0.0,0.0,0.5,0,0;                                4745P   4264
110,-16.4,4.75,-5.95,-16.4,4.75,-2.0,0,0;                           4747P   4265
102,4,4739,4741,4745,4747,0,0;                                      4749P   4266
142,0,4735,0,4749,2,0,0;                                            4751P   4267
144,4735,1,0,4751,0,0;                                              4753P   4268
110,-16.4,-4.25,-6.35,-16.4,-4.25,-5.35,0,0;                        4755P   4269
110,-16.9,-4.25,-5.95,-16.9,-4.25,-2.0,0,0;                         4757P   4270
120,4755,4757,0.0,6.283185307,0,0;                                  4759P   4271
124,-1.0,0.0,0.0,-16.4,0.0,-1.0,0.0,-4.25,-3.552713679E-015,0.0,    4761P   4272
1.0,-2.0,0,0;                                                       4761P   4273
100,0.0,0.0,0.0,0.5,0.0,6.310887242E-030,0.5,0,0;                   4763P   4274
110,-16.4,-4.75,-2.0,-16.4,-4.75,-5.95,0,0;                         4765P   4275
124,0.0,-1.0,0.0,-16.4,-1.0,0.0,0.0,-4.25,8.881784197E-015,0.0,     4767P   4276
-1.0,-5.95,0,0;                                                     4767P   4277
100,0.0,0.0,0.0,0.5,0.0,5.497824418E-013,0.5,0,0;                   4769P   4278
110,-16.9,-4.25,-5.949999999,-16.9,-4.25,-2.0,0,0;                  4771P   4279
102,4,4763,4765,4769,4771,0,0;                                      4773P   4280
142,0,4759,0,4773,2,0,0;                                            4775P   4281
144,4759,1,0,4775,0,0;                                              4777P   4282
108,0.0,0.0,1.0,-12.0,0,0.0,0.0,-12.0,1.0,0,0;                      4779P   4283
124,-1.0,-1.765558796E-007,0.0,3.0,1.765558796E-007,-1.0,0.0,       4781P   4284
-9.2,0.0,0.0,1.0,-12.0,0,0;                                         4781P   4285
100,0.0,0.0,0.0,3.1,0.0,-3.1,-5.473232978E-007,0,0;                 4783P   4286
124,1.0,-4.87065585E-014,0.0,3.0,4.87065585E-014,1.0,0.0,-9.2,      4785P   4287
0.0,0.0,1.0,-12.0,0,0;                                              4785P   4288
100,0.0,0.0,0.0,3.1,0.0,-3.1,5.473234577E-007,0,0;                  4787P   4289
102,2,4783,4787,0,0;                                                4789P   4290
142,0,4779,0,4789,2,0,0;                                            4791P   4291
124,-1.0,-1.078502367E-013,0.0,3.0,-1.078502367E-013,1.0,0.0,       4793P   4292
-9.2,0.0,0.0,-1.0,-12.0,0,0;                                        4793P   4293
100,0.0,0.0,0.0,2.8,0.0,-2.8,-8.881784197E-015,0,0;                 4795P   4294
124,1.0,1.046781709E-013,0.0,3.0,1.046781709E-013,-1.0,0.0,-9.2,    4797P   4295
0.0,0.0,-1.0,-12.0,0,0;                                             4797P   4296
100,0.0,0.0,0.0,2.8,0.0,-2.8,8.881784197E-015,0,0;                  4799P   4297
102,2,4795,4799,0,0;                                                4801P   4298
142,0,4779,0,4801,2,0,0;                                            4803P   4299
144,4779,1,1,4791,4803,0,0;                                         4805P   4300
110,3.0,-9.2,-10.5,3.0,-9.2,-9.5,0,0;                               4807P   4301
110,5.8,-9.2,-12.0,5.8,-9.2,-9.0,0,0;                               4809P   4302
120,4807,4809,0.0,6.283185307,0,0;                                  4811P   4303
110,5.8,-9.2,-9.0,5.8,-9.2,-12.0,0,0;                               4813P   4304
124,1.0,-1.046781709E-013,0.0,3.0,1.046781709E-013,1.0,0.0,-9.2,    4815P   4305
0.0,0.0,1.0,-12.0,0,0;                                              4815P   4306
100,0.0,0.0,0.0,2.8,0.0,-2.8,-8.881784197E-015,0,0;                 4817P   4307
110,0.2,-9.2,-12.0,0.2,-9.2,-9.0,0,0;                               4819P   4308
124,-1.0,-1.084846498E-013,0.0,3.0,-1.084846498E-013,1.0,0.0,       4821P   4309
-9.2,0.0,0.0,-1.0,-9.0,0,0;                                         4821P   4310
100,0.0,0.0,0.0,2.8,0.0,-2.8,3.552713679E-015,0,0;                  4823P   4311
102,4,4813,4817,4819,4823,0,0;                                      4825P   4312
142,0,4811,0,4825,2,0,0;                                            4827P   4313
144,4811,1,0,4827,0,0;                                              4829P   4314
110,3.0,-9.2,-10.5,3.0,-9.2,-9.5,0,0;                               4831P   4315
110,0.2,-9.2,-12.0,0.2,-9.2,-9.0,0,0;                               4833P   4316
120,4831,4833,0.0,6.283185307,0,0;                                  4835P   4317
110,0.2,-9.2,-9.0,0.2,-9.2,-12.0,0,0;                               4837P   4318
124,-1.0,1.078502367E-013,0.0,3.0,-1.078502367E-013,-1.0,0.0,       4839P   4319
-9.2,0.0,0.0,1.0,-12.0,0,0;                                         4839P   4320
100,0.0,0.0,0.0,2.8,0.0,-2.8,8.881784197E-015,0,0;                  4841P   4321
110,5.8,-9.2,-12.0,5.8,-9.2,-9.0,0,0;                               4843P   4322
124,1.0,1.097534761E-013,0.0,3.0,1.097534761E-013,-1.0,0.0,-9.2,    4845P   4323
0.0,0.0,-1.0,-9.0,0,0;                                              4845P   4324
100,0.0,0.0,0.0,2.8,0.0,-2.8,-3.552713679E-015,0,0;                 4847P   4325
102,4,4837,4841,4843,4847,0,0;                                      4849P   4326
142,0,4835,0,4849,2,0,0;                                            4851P   4327
144,4835,1,0,4851,0,0;                                              4853P   4328
108,0.0,0.0,1.0,-9.0,0,0.0,0.0,-9.0,1.0,0,0;                        4855P   4329
124,1.0,-1.097534761E-013,0.0,3.0,1.097534761E-013,1.0,0.0,-9.2,    4857P   4330
0.0,0.0,1.0,-9.0,0,0;                                               4857P   4331
100,0.0,0.0,0.0,2.8,0.0,-2.8,3.552713679E-015,0,0;                  4859P   4332
124,-1.0,1.084846498E-013,0.0,3.0,-1.084846498E-013,-1.0,0.0,       4861P   4333
-9.2,0.0,0.0,1.0,-9.0,0,0;                                          4861P   4334
100,0.0,0.0,0.0,2.8,0.0,-2.8,-3.552713679E-015,0,0;                 4863P   4335
102,2,4859,4863,0,0;                                                4865P   4336
142,0,4855,0,4865,2,0,0;                                            4867P   4337
144,4855,1,0,4867,0,0;                                              4869P   4338
108,-0.6627073721,0.0,0.7488784541,-8.383343875,0,7.0,0.0,-5.0,     4871P   4339
1.0,0,0;                                                            4871P   4340
110,7.299551382,1.6,-4.734917051,7.0,1.6,-5.0,0,0;                  4873P   4341
110,7.0,1.6,-5.0,7.0,-1.6,-5.0,0,0;                                 4875P   4342
110,7.0,-1.6,-5.0,7.299551382,-1.6,-4.734917051,0,0;                4877P   4343
110,7.299551382,-1.6,-4.734917051,7.299551382,1.6,-4.734917051,     4879P   4344
0,0;                                                                4879P   4345
102,4,4873,4875,4877,4879,0,0;                                      4881P   4346
142,0,4871,0,4881,2,0,0;                                            4883P   4347
144,4871,1,0,4883,0,0;                                              4885P   4348
108,-0.7488784541,0.0,-0.6627073721,-1.928612318,0,7.0,0.0,-5.0,    4887P   4349
1.0,0,0;                                                            4887P   4350
110,7.0,1.6,-5.0,4.092054367,1.6,-1.713937521,0,0;                  4889P   4351
110,4.092054367,1.6,-1.713937521,4.092054367,-1.6,-1.713937521,     4891P   4352
0,0;                                                                4891P   4353
110,4.092054367,-1.6,-1.713937521,7.0,-1.6,-5.0,0,0;                4893P   4354
110,7.0,-1.6,-5.0,7.0,1.6,-5.0,0,0;                                 4895P   4355
102,4,4889,4891,4893,4895,0,0;                                      4897P   4356
142,0,4887,0,4897,2,0,0;                                            4899P   4357
144,4887,1,0,4899,0,0;                                              4901P   4358
108,-0.9605680464,0.0,-0.278045011,-3.454144892,0,4.092054367,      4903P   4359
0.0,-1.713937521,1.0,0,0;                                           4903P   4360
110,4.092054367,1.6,-1.713937521,3.384190792,1.6,0.7315339116,0,    4905P   4361
0;                                                                  4905P   4362
110,3.384190792,1.6,0.7315339116,3.384190792,-1.6,0.7315339116,     4907P   4363
0,0;                                                                4907P   4364
110,3.384190792,-1.6,0.7315339116,4.092054367,-1.6,-1.713937521,    4909P   4365
0,0;                                                                4909P   4366
110,4.092054367,-1.6,-1.713937521,4.092054367,1.6,-1.713937521,     4911P   4367
0,0;                                                                4911P   4368
102,4,4905,4907,4909,4911,0,0;                                      4913P   4369
142,0,4903,0,4913,2,0,0;                                            4915P   4370
144,4903,1,0,4915,0,0;                                              4917P   4371
108,-0.9579920091,0.0,-0.2867948927,-3.791599123,0,4.391605749,     4919P   4372
0.0,-1.448854572,1.0,0,0;                                           4919P   4373
110,3.649151697,1.6,1.03119325,4.391605749,1.6,-1.448854572,0,0;    4921P   4374
110,4.391605749,1.6,-1.448854572,4.391605749,-1.6,-1.448854572,     4923P   4375
0,0;                                                                4923P   4376
110,4.391605749,-1.6,-1.448854572,3.649151697,-1.6,1.03119325,0,    4925P   4377
0;                                                                  4925P   4378
110,3.649151697,-1.6,1.03119325,3.649151697,1.6,1.03119325,0,0;     4927P   4379
102,4,4921,4923,4925,4927,0,0;                                      4929P   4380
142,0,4919,0,4929,2,0,0;                                            4931P   4381
144,4919,1,0,4931,0,0;                                              4933P   4382
108,-0.7488784541,0.0,-0.6627073721,-2.328612318,0,7.299551382,     4935P   4383
0.0,-4.734917051,1.0,0,0;                                           4935P   4384
110,4.391605749,1.6,-1.448854572,7.299551382,1.6,-4.734917051,0,    4937P   4385
0;                                                                  4937P   4386
110,7.299551382,1.6,-4.734917051,7.299551382,-1.6,-4.734917051,     4939P   4387
0,0;                                                                4939P   4388
110,7.299551382,-1.6,-4.734917051,4.391605749,-1.6,-1.448854572,    4941P   4389
0,0;                                                                4941P   4390
110,4.391605749,-1.6,-1.448854572,4.391605749,1.6,-1.448854572,     4943P   4391
0,0;                                                                4943P   4392
102,4,4937,4939,4941,4943,0,0;                                      4945P   4393
142,0,4935,0,4945,2,0,0;                                            4947P   4394
144,4935,1,0,4947,0,0;                                              4949P   4395
108,0.0,1.0,0.0,-1.6,0,0.0,-1.6,0.0,1.0,0,0;                        4951P   4396
110,0.640548945,-1.6,3.691421066,3.649151697,-1.6,1.03119325,0,     4953P   4397
0;                                                                  4953P   4398
110,3.649151697,-1.6,1.03119325,4.391605749,-1.6,-1.448854572,0,    4955P   4399
0;                                                                  4955P   4400
110,4.391605749,-1.6,-1.448854572,7.299551382,-1.6,-4.734917051,    4957P   4401
0,0;                                                                4957P   4402
110,7.299551382,-1.6,-4.734917051,7.0,-1.6,-5.0,0,0;                4959P   4403
110,7.0,-1.6,-5.0,4.092054367,-1.6,-1.713937521,0,0;                4961P   4404
110,4.092054367,-1.6,-1.713937521,3.384190792,-1.6,0.7315339116,    4963P   4405
0,0;                                                                4963P   4406
110,3.384190792,-1.6,0.7315339116,0.3755880403,-1.6,3.391761728,    4965P   4407
0,0;                                                                4965P   4408
110,0.3755880403,-1.6,3.391761728,0.640548945,-1.6,3.691421066,     4967P   4409
0,0;                                                                4967P   4410
102,8,4953,4955,4957,4959,4961,4963,4965,4967,0,0;                  4969P   4411
142,0,4951,0,4969,2,0,0;                                            4971P   4412
144,4951,1,0,4971,0,0;                                              4973P   4413
110,0.4272640708,0.0,3.450205086,1.089666333,0.0,4.199353432,0,     4975P   4414
0;                                                                  4975P   4415
110,-0.8230493126,2.939055249E-016,4.451605347,-0.558088408,        4977P   4416
2.939055249E-016,4.751264685,0,0;                                   4977P   4417
120,4975,4977,0.0,6.283185307,0,0;                                  4979P   4418
110,0.640548945,-1.6,3.691421066,0.3755880403,-1.6,3.391761728,     4981P   4419
0,0;                                                                4981P   4420
124,-7.979727989E-016,-0.7491483456,-0.6624022617,0.3755880403,     4983P   4421
-1.0,2.300928809E-016,0.0,0.0,-5.551115123E-016,0.6624022617,       4983P   4422
-0.7491483456,3.391761728,0,0;                                      4983P   4423
100,0.0,0.0,0.0,1.6,0.0,-2.372542381E-017,1.6,0,0;                  4985P   4424
110,-0.8230493126,3.918740332E-016,4.451605347,-0.558088408,        4987P   4425
3.918740332E-016,4.751264685,0,0;                                   4987P   4426
124,-0.7491483456,-1.834823648E-016,0.6624022617,0.640548945,       4989P   4427
2.449212708E-016,-1.0,0.0,0.0,0.6624022617,1.622364037E-016,        4989P   4428
0.7491483456,3.691421066,0,0;                                       4989P   4429
100,0.0,0.0,0.0,1.6,0.0,-1.319020299E-015,1.6,0,0;                  4991P   4430
102,4,4981,4985,4987,4991,0,0;                                      4993P   4431
142,0,4979,0,4993,2,0,0;                                            4995P   4432
144,4979,1,0,4995,0,0;                                              4997P   4433
108,0.0,1.0,0.0,1.6,0,0.0,1.6,0.0,1.0,0,0;                          4999P   4434
110,0.640548945,1.6,3.691421066,0.3755880403,1.6,3.391761728,0,     5001P   4435
0;                                                                  5001P   4436
110,0.3755880403,1.6,3.391761728,3.384190792,1.6,0.7315339116,0,    5003P   4437
0;                                                                  5003P   4438
110,3.384190792,1.6,0.7315339116,4.092054367,1.6,-1.713937521,0,    5005P   4439
0;                                                                  5005P   4440
110,4.092054367,1.6,-1.713937521,7.0,1.6,-5.0,0,0;                  5007P   4441
110,7.0,1.6,-5.0,7.299551382,1.6,-4.734917051,0,0;                  5009P   4442
110,7.299551382,1.6,-4.734917051,4.391605749,1.6,-1.448854572,0,    5011P   4443
0;                                                                  5011P   4444
110,4.391605749,1.6,-1.448854572,3.649151697,1.6,1.03119325,0,0;    5013P   4445
110,3.649151697,1.6,1.03119325,0.640548945,1.6,3.691421066,0,0;     5015P   4446
102,8,5001,5003,5005,5007,5009,5011,5013,5015,0,0;                  5017P   4447
142,0,4999,0,5017,2,0,0;                                            5019P   4448
144,4999,1,0,5019,0,0;                                              5021P   4449
108,-0.6624022617,0.0,-0.7491483456,-2.789723054,0,3.384190792,     5023P   4450
0.0,0.7315339116,1.0,0,0;                                           5023P   4451
124,-1.387778781E-016,-0.7491483456,0.6624022617,0.3755880403,      5025P   4452
1.0,-1.039652178E-016,0.0,0.0,0.0,0.6624022617,0.7491483456,        5025P   4453
3.391761728,0,0;                                                    5025P   4454
100,0.0,0.0,0.0,1.6,0.0,5.582183816E-016,1.6,0,0;                   5027P   4455
124,-0.7491483456,-1.834823648E-016,0.6624022617,0.3755880403,      5029P   4456
2.449212708E-016,-1.0,0.0,0.0,0.6624022617,1.622364037E-016,        5029P   4457
0.7491483456,3.391761728,0,0;                                       5029P   4458
100,0.0,0.0,0.0,1.6,0.0,-5.918533638E-017,1.6,0,0;                  5031P   4459
110,0.3755880403,-1.6,3.391761728,3.384190792,-1.6,0.7315339116,    5033P   4460
0,0;                                                                5033P   4461
110,3.384190792,-1.6,0.7315339116,3.384190792,1.6,0.7315339116,     5035P   4462
0,0;                                                                5035P   4463
110,3.384190792,1.6,0.7315339116,0.3755880403,1.6,3.391761728,0,    5037P   4464
0;                                                                  5037P   4465
102,5,5027,5031,5033,5035,5037,0,0;                                 5039P   4466
142,0,5023,0,5039,2,0,0;                                            5041P   4467
144,5023,1,0,5041,0,0;                                              5043P   4468
108,-0.6624022617,0.0,-0.7491483456,-3.189723054,0,3.649151697,     5045P   4469
0.0,1.03119325,1.0,0,0;                                             5045P   4470
110,0.640548945,1.6,3.691421066,3.649151697,1.6,1.03119325,0,0;     5047P   4471
110,3.649151697,1.6,1.03119325,3.649151697,-1.6,1.03119325,0,0;     5049P   4472
110,3.649151697,-1.6,1.03119325,0.640548945,-1.6,3.691421066,0,     5051P   4473
0;                                                                  5051P   4474
124,6.938893904E-017,-0.7491483456,-0.6624022617,0.640548945,       5053P   4475
-1.0,-4.196897301E-016,0.0,0.0,-5.551115123E-016,0.6624022617,      5053P   4476
-0.7491483456,3.691421066,0,0;                                      5053P   4477
100,0.0,0.0,0.0,1.6,0.0,-1.063377601E-015,1.6,0,0;                  5055P   4478
124,-0.7491483456,1.834823648E-016,-0.6624022617,0.640548945,       5057P   4479
2.449212708E-016,1.0,0.0,0.0,0.6624022617,-1.622364037E-016,        5057P   4480
-0.7491483456,3.691421066,0,0;                                      5057P   4481
100,0.0,0.0,0.0,1.6,0.0,-1.028179103E-015,1.6,0,0;                  5059P   4482
102,5,5047,5049,5051,5055,5059,0,0;                                 5061P   4483
142,0,5045,0,5061,2,0,0;                                            5063P   4484
144,5045,1,0,5063,0,0;                                              5065P   4485
110,0.4272640708,0.0,3.450205086,1.089666333,0.0,4.199353432,0,     5067P   4486
0;                                                                  5067P   4487
110,0.3755880403,1.6,3.391761728,0.640548945,1.6,3.691421066,0,     5069P   4488
0;                                                                  5069P   4489
120,5067,5069,0.0,6.283185307,0,0;                                  5071P   4490
110,-0.558088408,3.918740332E-016,4.751264685,-0.8230493126,        5073P   4491
3.918740332E-016,4.451605347,0,0;                                   5073P   4492
124,-0.7491483456,1.834823648E-016,-0.6624022617,0.3755880403,      5075P   4493
2.449212708E-016,1.0,0.0,0.0,0.6624022617,-1.622364037E-016,        5075P   4494
-0.7491483456,3.391761728,0,0;                                      5075P   4495
100,0.0,0.0,0.0,1.6,0.0,6.273722542E-016,1.6,0,0;                   5077P   4496
110,0.3755880403,1.6,3.391761728,0.640548945,1.6,3.691421066,0,     5079P   4497
0;                                                                  5079P   4498
124,3.191891196E-015,-0.7491483456,0.6624022617,0.640548945,1.0,    5081P   4499
5.526644023E-016,0.0,0.0,2.775557562E-015,0.6624022617,             5081P   4500
0.7491483456,3.691421066,0,0;                                       5081P   4501
100,0.0,0.0,0.0,1.6,0.0,-4.923890104E-016,1.6,0,0;                  5083P   4502
102,4,5073,5077,5079,5083,0,0;                                      5085P   4503
142,0,5071,0,5085,2,0,0;                                            5087P   4504
144,5071,1,0,5087,0,0;                                              5089P   4505
110,-25.15,0.0,-5.95,-24.15,0.0,-5.95,0,0;                          5091P   4506
110,-16.4,1.725931939,-9.109297223,-13.9,1.725931939,               5093P   4507
-9.109297223,0,0;                                                   5093P   4508
120,5091,5093,0.0,6.283185307,0,0;                                  5095P   4509
110,-13.9,-1.725931939,-2.790702777,-16.4,-1.725931939,             5097P   4510
-2.790702777,0,0;                                                   5097P   4511
124,-9.868649108E-016,0.0,-1.0,-16.4,-0.4794255386,0.8775825619,    5099P   4512
0.0,0.0,0.8775825619,0.4794255386,0.0,-5.95,0,0;                    5099P   4513
100,0.0,0.0,0.0,3.6,0.0,-3.6,9.992007222E-016,0,0;                  5101P   4514
110,-16.4,1.725931939,-9.109297223,-13.9,1.725931939,               5103P   4515
-9.109297223,0,0;                                                   5103P   4516
124,-9.868649108E-016,0.0,1.0,-13.9,0.4794255386,0.8775825619,      5105P   4517
0.0,0.0,-0.8775825619,0.4794255386,0.0,-5.95,0,0;                   5105P   4518
100,0.0,0.0,0.0,3.6,0.0,-3.6,7.993605777E-016,0,0;                  5107P   4519
102,4,5097,5101,5103,5107,0,0;                                      5109P   4520
142,0,5095,0,5109,2,0,0;                                            5111P   4521
144,5095,1,0,5111,0,0;                                              5113P   4522
110,-25.15,0.0,-5.95,-24.15,0.0,-5.95,0,0;                          5115P   4523
110,-16.4,-1.725931939,-2.790702777,-13.9,-1.725931939,             5117P   4524
-2.790702777,0,0;                                                   5117P   4525
120,5115,5117,0.0,6.283185307,0,0;                                  5119P   4526
110,-13.9,1.725931939,-9.109297223,-16.4,1.725931939,               5121P   4527
-9.109297223,0,0;                                                   5121P   4528
124,-9.868649108E-016,0.0,-1.0,-16.4,0.4794255386,-0.8775825619,    5123P   4529
0.0,0.0,-0.8775825619,-0.4794255386,0.0,-5.95,0,0;                  5123P   4530
100,0.0,0.0,0.0,3.6,0.0,-3.6,-7.993605777E-016,0,0;                 5125P   4531
110,-16.4,-1.725931939,-2.790702777,-13.9,-1.725931939,             5127P   4532
-2.790702777,0,0;                                                   5127P   4533
124,-9.868649108E-016,0.0,1.0,-13.9,-0.4794255386,-0.8775825619,    5129P   4534
0.0,0.0,0.8775825619,-0.4794255386,0.0,-5.95,0,0;                   5129P   4535
100,0.0,0.0,0.0,3.6,0.0,-3.6,-9.992007222E-016,0,0;                 5131P   4536
102,4,5121,5125,5127,5131,0,0;                                      5133P   4537
142,0,5119,0,5133,2,0,0;                                            5135P   4538
144,5119,1,0,5135,0,0;                                              5137P   4539
110,-25.15,0.0,-5.95,-24.15,0.0,-5.95,0,0;                          5139P   4540
110,-36.4,0.671195754,-7.178615587,-16.4,0.671195754,               5141P   4541
-7.178615587,0,0;                                                   5141P   4542
120,5139,5141,0.0,6.283185307,0,0;                                  5143P   4543
110,-16.4,-0.671195754,-4.721384413,-36.4,-0.671195754,             5145P   4544
-4.721384413,0,0;                                                   5145P   4545
124,0.0,0.0,-1.0,-36.4,-0.4794255386,0.8775825619,0.0,0.0,          5147P   4546
0.8775825619,0.4794255386,0.0,-5.95,0,0;                            5147P   4547
100,0.0,0.0,0.0,1.4,0.0,-1.4,6.217248938E-016,0,0;                  5149P   4548
110,-36.4,0.671195754,-7.178615587,-16.4,0.671195754,               5151P   4549
-7.178615587,0,0;                                                   5151P   4550
124,0.0,0.0,1.0,-16.4,0.4794255386,0.8775825619,0.0,0.0,            5153P   4551
-0.8775825619,0.4794255386,0.0,-5.95,0,0;                           5153P   4552
100,0.0,0.0,0.0,1.4,0.0,-1.4,5.440092821E-016,0,0;                  5155P   4553
102,4,5145,5149,5151,5155,0,0;                                      5157P   4554
142,0,5143,0,5157,2,0,0;                                            5159P   4555
144,5143,1,0,5159,0,0;                                              5161P   4556
110,-25.15,0.0,-5.95,-24.15,0.0,-5.95,0,0;                          5163P   4557
110,-36.4,-0.671195754,-4.721384413,-16.4,-0.671195754,             5165P   4558
-4.721384413,0,0;                                                   5165P   4559
120,5163,5165,0.0,6.283185307,0,0;                                  5167P   4560
110,-16.4,0.671195754,-7.178615587,-36.4,0.671195754,               5169P   4561
-7.178615587,0,0;                                                   5169P   4562
124,0.0,0.0,-1.0,-36.4,0.4794255386,-0.8775825619,0.0,0.0,          5171P   4563
-0.8775825619,-0.4794255386,0.0,-5.95,0,0;                          5171P   4564
100,0.0,0.0,0.0,1.4,0.0,-1.4,-5.440092821E-016,0,0;                 5173P   4565
110,-36.4,-0.671195754,-4.721384413,-16.4,-0.671195754,             5175P   4566
-4.721384413,0,0;                                                   5175P   4567
124,0.0,0.0,1.0,-16.4,-0.4794255386,-0.8775825619,0.0,0.0,          5177P   4568
0.8775825619,-0.4794255386,0.0,-5.95,0,0;                           5177P   4569
100,0.0,0.0,0.0,1.4,0.0,-1.4,-6.217248938E-016,0,0;                 5179P   4570
102,4,5169,5173,5175,5179,0,0;                                      5181P   4571
142,0,5167,0,5181,2,0,0;                                            5183P   4572
144,5167,1,0,5183,0,0;                                              5185P   4573
124,-9.868649108E-016,0.0,-1.0,-13.9,0.4794255386,-0.8775825619,    5187P   4574
0.0,0.0,-0.8775825619,-0.4794255386,0.0,-5.95,0,0;                  5187P   4575
100,0.0,0.0,0.0,3.6,0.0,-3.6,-7.993605777E-016,0,0;                 5189P   4576
124,-9.868649108E-016,0.0,-1.0,-13.9,-0.4794255386,0.8775825619,    5191P   4577
0.0,0.0,0.8775825619,0.4794255386,0.0,-5.95,0,0;                    5191P   4578
100,0.0,0.0,0.0,3.6,0.0,-3.6,9.992007222E-016,0,0;                  5193P   4579
102,2,5189,5193,0,0;                                                5195P   4580
142,0,4411,0,5195,2,0,0;                                            5197P   4581
144,4411,1,0,5197,0,0;                                              5199P   4582
108,1.0,0.0,0.0,-16.4,0,-16.4,0.0,-7.35,1.0,0,0;                    5201P   4583
124,-2.960594732E-015,0.0,1.0,-16.4,-0.4794255386,-0.8775825619,    5203P   4584
0.0,0.0,0.8775825619,-0.4794255386,0.0,-5.95,0,0;                   5203P   4585
100,0.0,0.0,0.0,3.6,0.0,-3.6,-9.992007222E-016,0,0;                 5205P   4586
124,-2.960594732E-015,0.0,1.0,-16.4,0.4794255386,0.8775825619,      5207P   4587
0.0,0.0,-0.8775825619,0.4794255386,0.0,-5.95,0,0;                   5207P   4588
100,0.0,0.0,0.0,3.6,0.0,-3.6,7.993605777E-016,0,0;                  5209P   4589
102,2,5205,5209,0,0;                                                5211P   4590
142,0,5201,0,5211,2,0,0;                                            5213P   4591
124,0.0,0.0,-1.0,-16.4,-0.4794255386,0.8775825619,0.0,0.0,          5215P   4592
0.8775825619,0.4794255386,0.0,-5.95,0,0;                            5215P   4593
100,0.0,0.0,0.0,1.4,0.0,-1.4,6.217248938E-016,0,0;                  5217P   4594
124,0.0,0.0,-1.0,-16.4,0.4794255386,-0.8775825619,0.0,0.0,          5219P   4595
-0.8775825619,-0.4794255386,0.0,-5.95,0,0;                          5219P   4596
100,0.0,0.0,0.0,1.4,0.0,-1.4,-5.440092821E-016,0,0;                 5221P   4597
102,2,5217,5221,0,0;                                                5223P   4598
142,0,5201,0,5223,2,0,0;                                            5225P   4599
144,5201,1,1,5213,5225,0,0;                                         5227P   4600
108,1.0,0.0,0.0,-36.4,0,-36.4,0.0,-5.95,1.0,0,0;                    5229P   4601
124,0.0,0.0,1.0,-36.4,-0.4794255386,-0.8775825619,0.0,0.0,          5231P   4602
0.8775825619,-0.4794255386,0.0,-5.95,0,0;                           5231P   4603
100,0.0,0.0,0.0,1.4,0.0,-1.4,-6.217248938E-016,0,0;                 5233P   4604
124,0.0,0.0,1.0,-36.4,0.4794255386,0.8775825619,0.0,0.0,            5235P   4605
-0.8775825619,0.4794255386,0.0,-5.95,0,0;                           5235P   4606
100,0.0,0.0,0.0,1.4,0.0,-1.4,5.440092821E-016,0,0;                  5237P   4607
102,2,5233,5237,0,0;                                                5239P   4608
142,0,5229,0,5239,2,0,0;                                            5241P   4609
144,5229,1,0,5241,0,0;                                              5243P   4610
314,44.70588235,47.05882353,43.52941176,5HColor,0,0;                5245P   4611
108,0.0,0.0,-1.0,-11.0,0,3.861462051,-7.35106315,11.0,1.0,0,0;      5247P   4612
110,1.492799422,-8.150711415,11.0,3.387729525,-7.510992803,11.0,    5249P   4613
0,0;                                                                5249P   4614
110,3.387729525,-7.510992803,11.0,3.419715456,-7.605739308,11.0,    5251P   4615
0,0;                                                                5251P   4616
110,3.419715456,-7.605739308,11.0,1.524785352,-8.24545792,11.0,     5253P   4617
0,0;                                                                5253P   4618
110,1.524785352,-8.24545792,11.0,1.492799422,-8.150711415,11.0,     5255P   4619
0,0;                                                                5255P   4620
102,4,5249,5251,5253,5255,0,0;                                      5257P   4621
142,0,5247,0,5257,2,0,0;                                            5259P   4622
144,5247,1,0,5259,0,0;                                              5261P   4623
110,2.440264474,-7.830852109,9.5,1.492799422,-8.150711415,9.5,0,    5263P   4624
0;                                                                  5263P   4625
110,3.387729525,-7.510992803,11.0,1.492799422,-8.150711415,11.0,    5265P   4626
0,0;                                                                5265P   4627
120,5263,5265,0.0,6.283185307,0,0;                                  5267P   4628
124,-1.480297366E-016,-0.3198593059,-0.9474650518,1.492799422,      5269P   4629
0.0,0.9474650518,-0.3198593059,-8.150711415,1.0,                    5269P   4630
-4.734868881E-017,0.0,9.5,0,0;                                      5269P   4631
100,0.0,0.0,0.0,1.5,0.0,0.5015109202,1.413678463,0,0;               5271P   4632
110,1.04062121,-6.811300477,10.00151092,2.935551313,                5273P   4633
-6.171581865,10.00151092,0,0;                                       5273P   4634
124,-0.3014521413,0.1069419566,0.9474650518,3.387729525,            5275P   4635
0.8929406255,-0.3167760466,0.3198593059,-7.510992803,               5275P   4636
0.3343406134,0.9424523087,0.0,9.5,0,0;                              5275P   4637
100,0.0,0.0,0.0,1.5,0.0,0.5015109202,1.413678463,0,0;               5277P   4638
110,3.387729525,-7.510992803,11.0,1.492799422,-8.150711415,11.0,    5279P   4639
0,0;                                                                5279P   4640
102,4,5271,5273,5277,5279,0,0;                                      5281P   4641
142,0,5267,0,5281,2,0,0;                                            5283P   4642
144,5267,1,0,5283,0,0;                                              5285P   4643
108,0.3014521413,-0.8929406255,-0.3343406134,3.051873104,0,         5287P   4644
3.277871363,-5.622391289,8.843406134,1.0,0,0;                       5287P   4645
110,0.9092087334,-6.422039554,8.843406134,2.804138837,              5289P   4646
-5.782320942,8.843406134,0,0;                                       5289P   4647
110,2.804138837,-5.782320942,8.843406134,2.935551313,               5291P   4648
-6.171581865,10.00151092,0,0;                                       5291P   4649
110,2.935551313,-6.171581865,10.00151092,1.04062121,                5293P   4650
-6.811300477,10.00151092,0,0;                                       5293P   4651
110,1.04062121,-6.811300477,10.00151092,0.9092087334,               5295P   4652
-6.422039554,8.843406134,0,0;                                       5295P   4653
102,4,5289,5291,5293,5295,0,0;                                      5297P   4654
142,0,5287,0,5297,2,0,0;                                            5299P   4655
144,5287,1,0,5299,0,0;                                              5301P   4656
110,4.871195199,-15.0315865,5.5,3.923730147,-15.35144581,5.5,0,     5303P   4657
0;                                                                  5303P   4658
110,2.804138837,-5.782320942,8.843406134,0.9092087334,              5305P   4659
-6.422039554,8.843406134,0,0;                                       5305P   4660
120,5303,5305,0.0,6.283185307,0,0;                                  5307P   4661
124,-0.3014521413,-0.1069419566,-0.9474650518,3.923730147,          5309P   4662
0.8929406255,0.3167760466,-0.3198593059,-15.35144581,               5309P   4663
0.3343406134,-0.9424523087,0.0,5.5,0,0;                             5309P   4664
100,0.0,0.0,0.0,10.0,0.0,9.424523087,3.343406134,0,0;               5311P   4665
110,0.7251370875,-5.876795291,5.5,2.620067191,-5.237076679,5.5,     5313P   4666
0,0;                                                                5313P   4667
124,-0.3198593059,0.0,0.9474650518,5.818660251,0.9474650518,0.0,    5315P   4668
0.3198593059,-14.7117272,0.0,1.0,0.0,5.5,0,0;                       5315P   4669
100,0.0,0.0,0.0,10.0,0.0,9.424523087,3.343406134,0,0;               5317P   4670
110,2.804138837,-5.782320942,8.843406134,0.9092087334,              5319P   4671
-6.422039554,8.843406134,0,0;                                       5319P   4672
102,4,5311,5313,5317,5319,0,0;                                      5321P   4673
142,0,5307,0,5321,2,0,0;                                            5323P   4674
144,5307,1,0,5323,0,0;                                              5325P   4675
108,0.3198593059,-0.9474650518,0.0,5.8,0,3.093799717,               5327P   4676
-5.077147026,4.5,1.0,0,0;                                           5327P   4677
110,0.7251370875,-5.876795291,4.5,2.620067191,-5.237076679,4.5,     5329P   4678
0,0;                                                                5329P   4679
110,2.620067191,-5.237076679,4.5,2.620067191,-5.237076679,5.5,0,    5331P   4680
0;                                                                  5331P   4681
110,2.620067191,-5.237076679,5.5,0.7251370875,-5.876795291,5.5,     5333P   4682
0,0;                                                                5333P   4683
110,0.7251370875,-5.876795291,5.5,0.7251370875,-5.876795291,4.5,    5335P   4684
0,0;                                                                5335P   4685
102,4,5329,5331,5333,5335,0,0;                                      5337P   4686
142,0,5327,0,5337,2,0,0;                                            5339P   4687
144,5327,1,0,5339,0,0;                                              5341P   4688
110,2.152391098,-6.978133562,4.5,1.204926046,-7.297992868,4.5,0,    5343P   4689
0;                                                                  5343P   4690
110,2.620067191,-5.237076679,4.5,0.7251370875,-5.876795291,4.5,     5345P   4691
0,0;                                                                5345P   4692
120,5343,5345,0.0,6.283185307,0,0;                                  5347P   4693
124,-0.3198593059,1.893947553E-016,-0.9474650518,1.204926046,       5349P   4694
0.9474650518,-5.610120083E-016,-0.3198593059,-7.297992868,          5349P   4695
-5.921189465E-016,-1.0,0.0,4.5,0,0;                                 5349P   4696
100,0.0,0.0,0.0,1.5,0.0,9.592014529E-016,1.5,0,0;                   5351P   4697
110,1.204926046,-7.297992868,3.0,3.09985615,-6.658274256,3.0,0,     5353P   4698
0;                                                                  5353P   4699
124,-2.960594732E-016,-0.3198593059,0.9474650518,3.09985615,0.0,    5355P   4700
0.9474650518,0.3198593059,-6.658274256,-1.0,9.469737763E-017,       5355P   4701
0.0,4.5,0,0;                                                        5355P   4702
100,0.0,0.0,0.0,1.5,0.0,1.030224486E-015,1.5,0,0;                   5357P   4703
110,2.620067191,-5.237076679,4.5,0.7251370875,-5.876795291,4.5,     5359P   4704
0,0;                                                                5359P   4705
102,4,5351,5353,5357,5359,0,0;                                      5361P   4706
142,0,5347,0,5361,2,0,0;                                            5363P   4707
144,5347,1,0,5363,0,0;                                              5365P   4708
108,0.0,0.0,1.0,3.0,0,3.893447982,-7.445809655,3.0,1.0,0,0;         5367P   4709
110,1.524785352,-8.24545792,3.0,3.419715456,-7.605739308,3.0,0,     5369P   4710
0;                                                                  5369P   4711
110,3.419715456,-7.605739308,3.0,3.09985615,-6.658274256,3.0,0,     5371P   4712
0;                                                                  5371P   4713
110,3.09985615,-6.658274256,3.0,1.204926046,-7.297992868,3.0,0,     5373P   4714
0;                                                                  5373P   4715
110,1.204926046,-7.297992868,3.0,1.524785352,-8.24545792,3.0,0,     5375P   4716
0;                                                                  5375P   4717
102,4,5369,5371,5373,5375,0,0;                                      5377P   4718
142,0,5367,0,5377,2,0,0;                                            5379P   4719
144,5367,1,0,5379,0,0;                                              5381P   4720
108,0.3198593059,-0.9474650518,0.0,8.3,0,3.893447982,               5383P   4721
-7.445809655,3.0,1.0,0,0;                                           5383P   4722
110,1.524785352,-8.24545792,3.0,1.524785352,-8.24545792,3.4,0,0;    5385P   4723
110,1.524785352,-8.24545792,3.4,3.419715456,-7.605739308,3.4,0,     5387P   4724
0;                                                                  5387P   4725
110,3.419715456,-7.605739308,3.4,3.419715456,-7.605739308,3.0,0,    5389P   4726
0;                                                                  5389P   4727
110,3.419715456,-7.605739308,3.0,1.524785352,-8.24545792,3.0,0,     5391P   4728
0;                                                                  5391P   4729
102,4,5385,5387,5389,5391,0,0;                                      5393P   4730
142,0,5383,0,5393,2,0,0;                                            5395P   4731
144,5383,1,0,5395,0,0;                                              5397P   4732
108,0.0,0.0,1.0,3.4,0,3.893447982,-7.445809655,3.4,1.0,0,0;         5399P   4733
110,1.524785352,-8.24545792,3.4,1.204926046,-7.297992868,3.4,0,     5401P   4734
0;                                                                  5401P   4735
110,1.204926046,-7.297992868,3.4,3.09985615,-6.658274256,3.4,0,     5403P   4736
0;                                                                  5403P   4737
110,3.09985615,-6.658274256,3.4,3.419715456,-7.605739308,3.4,0,     5405P   4738
0;                                                                  5405P   4739
110,3.419715456,-7.605739308,3.4,1.524785352,-8.24545792,3.4,0,     5407P   4740
0;                                                                  5407P   4741
102,4,5401,5403,5405,5407,0,0;                                      5409P   4742
142,0,5399,0,5409,2,0,0;                                            5411P   4743
144,5399,1,0,5411,0,0;                                              5413P   4744
110,2.152391098,-6.978133562,4.5,1.204926046,-7.297992868,4.5,0,    5415P   4745
0;                                                                  5415P   4746
110,2.748010913,-5.616062699,4.5,0.8530808098,-6.255781311,4.5,     5417P   4747
0,0;                                                                5417P   4748
120,5415,5417,0.0,6.283185307,0,0;                                  5419P   4749
110,0.8530808098,-6.255781311,4.5,2.748010913,-5.616062699,4.5,     5421P   4750
0,0;                                                                5421P   4751
124,-0.3198593059,2.582655753E-016,-0.9474650518,3.09985615,        5423P   4752
0.9474650518,-7.650163749E-016,-0.3198593059,-6.658274256,          5423P   4753
-8.07434927E-016,-1.0,0.0,4.5,0,0;                                  5423P   4754
100,0.0,0.0,0.0,1.1,0.0,8.881784197E-016,1.1,0,0;                   5425P   4755
110,3.09985615,-6.658274256,3.4,1.204926046,-7.297992868,3.4,0,     5427P   4756
0;                                                                  5427P   4757
124,0.0,-0.3198593059,0.9474650518,1.204926046,0.0,0.9474650518,    5429P   4758
0.3198593059,-7.297992868,-1.0,0.0,0.0,4.5,0,0;                     5429P   4759
100,0.0,0.0,0.0,1.1,0.0,8.881784197E-016,1.1,0,0;                   5431P   4760
102,4,5421,5425,5427,5431,0,0;                                      5433P   4761
142,0,5419,0,5433,2,0,0;                                            5435P   4762
144,5419,1,0,5435,0,0;                                              5437P   4763
108,0.3198593059,-0.9474650518,0.0,6.2,0,3.221743439,               5439P   4764
-5.456133046,4.5,1.0,0,0;                                           5439P   4765
110,0.8530808098,-6.255781311,4.5,0.8530808098,-6.255781311,5.5,    5441P   4766
0,0;                                                                5441P   4767
110,0.8530808098,-6.255781311,5.5,2.748010913,-5.616062699,5.5,     5443P   4768
0,0;                                                                5443P   4769
110,2.748010913,-5.616062699,5.5,2.748010913,-5.616062699,4.5,0,    5445P   4770
0;                                                                  5445P   4771
110,2.748010913,-5.616062699,4.5,0.8530808098,-6.255781311,4.5,     5447P   4772
0,0;                                                                5447P   4773
102,4,5441,5443,5445,5447,0,0;                                      5449P   4774
142,0,5439,0,5449,2,0,0;                                            5451P   4775
144,5439,1,0,5451,0,0;                                              5453P   4776
110,4.871195199,-15.0315865,5.5,3.923730147,-15.35144581,5.5,0,     5455P   4777
0;                                                                  5455P   4778
110,2.924719694,-6.139497192,8.709669889,1.02978959,                5457P   4779
-6.779215804,8.709669889,0,0;                                       5457P   4780
120,5455,5457,0.0,6.283185307,0,0;                                  5459P   4781
110,1.02978959,-6.779215804,8.709669889,2.924719694,                5461P   4782
-6.139497192,8.709669889,0,0;                                       5461P   4783
124,-0.3014521413,-0.1069419566,-0.9474650518,5.818660251,          5463P   4784
0.8929406255,0.3167760466,-0.3198593059,-14.7117272,                5463P   4785
0.3343406134,-0.9424523087,0.0,5.5,0,0;                             5463P   4786
100,0.0,0.0,0.0,9.6,0.0,9.047542164,3.209669889,0,0;                5465P   4787
110,2.748010913,-5.616062699,5.5,0.8530808098,-6.255781311,5.5,     5467P   4788
0,0;                                                                5467P   4789
124,-0.3198593059,0.0,0.9474650518,3.923730147,0.9474650518,0.0,    5469P   4790
0.3198593059,-15.35144581,0.0,1.0,0.0,5.5,0,0;                      5469P   4791
100,0.0,0.0,0.0,9.6,0.0,9.047542164,3.209669889,0,0;                5471P   4792
102,4,5461,5465,5467,5471,0,0;                                      5473P   4793
142,0,5459,0,5473,2,0,0;                                            5475P   4794
144,5459,1,0,5475,0,0;                                              5477P   4795
108,0.3014521413,-0.8929406255,-0.3343406134,3.451873104,0,         5479P   4796
3.398452219,-5.979567539,8.709669889,1.0,0,0;                       5479P   4797
110,1.02978959,-6.779215804,8.709669889,1.161202066,                5481P   4798
-7.168476727,9.867774675,0,0;                                       5481P   4799
110,1.161202066,-7.168476727,9.867774675,3.05613217,                5483P   4800
-6.528758115,9.867774675,0,0;                                       5483P   4801
110,3.05613217,-6.528758115,9.867774675,2.924719694,                5485P   4802
-6.139497192,8.709669889,0,0;                                       5485P   4803
110,2.924719694,-6.139497192,8.709669889,1.02978959,                5487P   4804
-6.779215804,8.709669889,0,0;                                       5487P   4805
102,4,5481,5483,5485,5487,0,0;                                      5489P   4806
142,0,5479,0,5489,2,0,0;                                            5491P   4807
144,5479,1,0,5491,0,0;                                              5493P   4808
110,2.440264474,-7.830852109,9.5,1.492799422,-8.150711415,9.5,0,    5495P   4809
0;                                                                  5495P   4810
110,3.387729525,-7.510992803,10.6,1.492799422,-8.150711415,10.6,    5497P   4811
0,0;                                                                5497P   4812
120,5495,5497,0.0,6.283185307,0,0;                                  5499P   4813
110,1.492799422,-8.150711415,10.6,3.387729525,-7.510992803,10.6,    5501P   4814
0,0;                                                                5501P   4815
124,0.0,-0.3198593059,-0.9474650518,3.387729525,0.0,                5503P   4816
0.9474650518,-0.3198593059,-7.510992803,1.0,0.0,0.0,9.5,0,0;        5503P   4817
100,0.0,0.0,0.0,1.1,0.0,0.3677746748,1.03669754,0,0;                5505P   4818
110,3.05613217,-6.528758115,9.867774675,1.161202066,                5507P   4819
-7.168476727,9.867774675,0,0;                                       5507P   4820
124,-0.3014521413,0.1069419566,0.9474650518,1.492799422,            5509P   4821
0.8929406255,-0.3167760466,0.3198593059,-8.150711415,               5509P   4822
0.3343406134,0.9424523087,0.0,9.5,0,0;                              5509P   4823
100,0.0,0.0,0.0,1.1,0.0,0.3677746748,1.03669754,0,0;                5511P   4824
102,4,5501,5505,5507,5511,0,0;                                      5513P   4825
142,0,5499,0,5513,2,0,0;                                            5515P   4826
144,5499,1,0,5515,0,0;                                              5517P   4827
108,0.0,0.0,-1.0,-10.6,0,3.861462051,-7.35106315,10.6,1.0,0,0;      5519P   4828
110,1.492799422,-8.150711415,10.6,1.524785352,-8.24545792,10.6,     5521P   4829
0,0;                                                                5521P   4830
110,1.524785352,-8.24545792,10.6,3.419715456,-7.605739308,10.6,     5523P   4831
0,0;                                                                5523P   4832
110,3.419715456,-7.605739308,10.6,3.387729525,-7.510992803,10.6,    5525P   4833
0,0;                                                                5525P   4834
110,3.387729525,-7.510992803,10.6,1.492799422,-8.150711415,10.6,    5527P   4835
0,0;                                                                5527P   4836
102,4,5521,5523,5525,5527,0,0;                                      5529P   4837
142,0,5519,0,5529,2,0,0;                                            5531P   4838
144,5519,1,0,5531,0,0;                                              5533P   4839
110,1.524785352,-8.24545792,10.6,1.524785352,-8.24545792,11.0,0,    5535P   4840
0;                                                                  5535P   4841
110,1.524785352,-8.24545792,11.0,3.419715456,-7.605739308,11.0,     5537P   4842
0,0;                                                                5537P   4843
110,3.419715456,-7.605739308,11.0,3.419715456,-7.605739308,10.6,    5539P   4844
0,0;                                                                5539P   4845
110,3.419715456,-7.605739308,10.6,1.524785352,-8.24545792,10.6,     5541P   4846
0,0;                                                                5541P   4847
102,4,5535,5537,5539,5541,0,0;                                      5543P   4848
142,0,5383,0,5543,2,0,0;                                            5545P   4849
144,5383,1,0,5545,0,0;                                              5547P   4850
108,-0.9474650518,-0.3198593059,0.0,-0.8072943853,0,4.059434068,    5549P   4851
-9.500669412,0.0,1.0,0,0;                                           5549P   4852
110,3.419715456,-7.605739308,11.0,3.387729525,-7.510992803,11.0,    5551P   4853
0,0;                                                                5551P   4854
124,-2.960594732E-016,-0.3198593059,-0.9474650518,3.387729525,      5553P   4855
5.921189465E-016,0.9474650518,-0.3198593059,-7.510992803,1.0,       5553P   4856
-6.557093859E-016,0.0,9.5,0,0;                                      5553P   4857
100,0.0,0.0,0.0,1.5,0.0,0.5015109202,1.413678463,0,0;               5555P   4858
110,2.935551313,-6.171581865,10.00151092,2.804138837,               5557P   4859
-5.782320942,8.843406134,0,0;                                       5557P   4860
124,-0.3014521413,-0.1069419566,-0.9474650518,5.818660251,          5559P   4861
0.8929406255,0.3167760466,-0.3198593059,-14.7117272,                5559P   4862
0.3343406134,-0.9424523087,0.0,5.5,0,0;                             5559P   4863
100,0.0,0.0,0.0,10.0,0.0,9.424523087,3.343406134,0,0;               5561P   4864
110,2.620067191,-5.237076679,5.5,2.620067191,-5.237076679,4.5,0,    5563P   4865
0;                                                                  5563P   4866
124,-0.3198593059,1.893947553E-016,-0.9474650518,3.09985615,        5565P   4867
0.9474650518,-5.610120083E-016,-0.3198593059,-6.658274256,          5565P   4868
-5.921189465E-016,-1.0,0.0,4.5,0,0;                                 5565P   4869
100,0.0,0.0,0.0,1.5,0.0,1.030224486E-015,1.5,0,0;                   5567P   4870
110,3.09985615,-6.658274256,3.0,3.419715456,-7.605739308,3.0,0,     5569P   4871
0;                                                                  5569P   4872
110,3.419715456,-7.605739308,3.0,3.419715456,-7.605739308,3.4,0,    5571P   4873
0;                                                                  5571P   4874
110,3.419715456,-7.605739308,3.4,3.09985615,-6.658274256,3.4,0,     5573P   4875
0;                                                                  5573P   4876
124,0.0,-0.3198593059,0.9474650518,3.09985615,0.0,0.9474650518,     5575P   4877
0.3198593059,-6.658274256,-1.0,0.0,0.0,4.5,0,0;                     5575P   4878
100,0.0,0.0,0.0,1.1,0.0,8.881784197E-016,1.1,0,0;                   5577P   4879
110,2.748010913,-5.616062699,4.5,2.748010913,-5.616062699,5.5,0,    5579P   4880
0;                                                                  5579P   4881
124,-0.3198593059,0.0,0.9474650518,5.818660251,0.9474650518,0.0,    5581P   4882
0.3198593059,-14.7117272,0.0,1.0,0.0,5.5,0,0;                       5581P   4883
100,0.0,0.0,0.0,9.6,0.0,9.047542164,3.209669889,0,0;                5583P   4884
110,2.924719694,-6.139497192,8.709669889,3.05613217,                5585P   4885
-6.528758115,9.867774675,0,0;                                       5585P   4886
124,-0.3014521413,0.1069419566,0.9474650518,3.387729525,            5587P   4887
0.8929406255,-0.3167760466,0.3198593059,-7.510992803,               5587P   4888
0.3343406134,0.9424523087,0.0,9.5,0,0;                              5587P   4889
100,0.0,0.0,0.0,1.1,0.0,0.3677746748,1.03669754,0,0;                5589P   4890
110,3.387729525,-7.510992803,10.6,3.419715456,-7.605739308,10.6,    5591P   4891
0,0;                                                                5591P   4892
110,3.419715456,-7.605739308,10.6,3.419715456,-7.605739308,11.0,    5593P   4893
0,0;                                                                5593P   4894
102,16,5551,5555,5557,5561,5563,5567,5569,5571,5573,5577,5579,      5595P   4895
5583,5585,5589,5591,5593,0,0;                                       5595P   4896
142,0,5549,0,5595,2,0,0;                                            5597P   4897
144,5549,1,0,5597,0,0;                                              5599P   4898
108,-0.9474650518,-0.3198593059,0.0,1.192705615,0,2.164503964,      5601P   4899
-10.14038802,0.0,1.0,0,0;                                           5601P   4900
110,1.524785352,-8.24545792,11.0,1.524785352,-8.24545792,10.6,0,    5603P   4901
0;                                                                  5603P   4902
110,1.524785352,-8.24545792,10.6,1.492799422,-8.150711415,10.6,     5605P   4903
0,0;                                                                5605P   4904
124,0.0,-0.3198593059,-0.9474650518,1.492799422,0.0,                5607P   4905
0.9474650518,-0.3198593059,-8.150711415,1.0,0.0,0.0,9.5,0,0;        5607P   4906
100,0.0,0.0,0.0,1.1,0.0,0.3677746748,1.03669754,0,0;                5609P   4907
110,1.161202066,-7.168476727,9.867774675,1.02978959,                5611P   4908
-6.779215804,8.709669889,0,0;                                       5611P   4909
124,-0.3014521413,-0.1069419566,-0.9474650518,3.923730147,          5613P   4910
0.8929406255,0.3167760466,-0.3198593059,-15.35144581,               5613P   4911
0.3343406134,-0.9424523087,0.0,5.5,0,0;                             5613P   4912
100,0.0,0.0,0.0,9.6,0.0,9.047542164,3.209669889,0,0;                5615P   4913
110,0.8530808098,-6.255781311,5.5,0.8530808098,-6.255781311,4.5,    5617P   4914
0,0;                                                                5617P   4915
124,-0.3198593059,2.582655753E-016,-0.9474650518,1.204926046,       5619P   4916
0.9474650518,-7.650163749E-016,-0.3198593059,-7.297992868,          5619P   4917
-8.07434927E-016,-1.0,0.0,4.5,0,0;                                  5619P   4918
100,0.0,0.0,0.0,1.1,0.0,8.881784197E-016,1.1,0,0;                   5621P   4919
110,1.204926046,-7.297992868,3.4,1.524785352,-8.24545792,3.4,0,     5623P   4920
0;                                                                  5623P   4921
110,1.524785352,-8.24545792,3.4,1.524785352,-8.24545792,3.0,0,0;    5625P   4922
110,1.524785352,-8.24545792,3.0,1.204926046,-7.297992868,3.0,0,     5627P   4923
0;                                                                  5627P   4924
124,-1.480297366E-016,-0.3198593059,0.9474650518,1.204926046,       5629P   4925
0.0,0.9474650518,0.3198593059,-7.297992868,-1.0,                    5629P   4926
4.734868881E-017,0.0,4.5,0,0;                                       5629P   4927
100,0.0,0.0,0.0,1.5,0.0,9.592014529E-016,1.5,0,0;                   5631P   4928
110,0.7251370875,-5.876795291,4.5,0.7251370875,-5.876795291,5.5,    5633P   4929
0,0;                                                                5633P   4930
124,-0.3198593059,0.0,0.9474650518,3.923730147,0.9474650518,0.0,    5635P   4931
0.3198593059,-15.35144581,0.0,1.0,0.0,5.5,0,0;                      5635P   4932
100,0.0,0.0,0.0,10.0,0.0,9.424523087,3.343406134,0,0;               5637P   4933
110,0.9092087334,-6.422039554,8.843406134,1.04062121,               5639P   4934
-6.811300477,10.00151092,0,0;                                       5639P   4935
124,-0.3014521413,0.1069419566,0.9474650518,1.492799422,            5641P   4936
0.8929406255,-0.3167760466,0.3198593059,-8.150711415,               5641P   4937
0.3343406134,0.9424523087,0.0,9.5,0,0;                              5641P   4938
100,0.0,0.0,0.0,1.5,0.0,0.5015109202,1.413678463,0,0;               5643P   4939
110,1.492799422,-8.150711415,11.0,1.524785352,-8.24545792,11.0,     5645P   4940
0,0;                                                                5645P   4941
102,16,5603,5605,5609,5611,5615,5617,5621,5623,5625,5627,5631,      5647P   4942
5633,5637,5639,5643,5645,0,0;                                       5647P   4943
142,0,5601,0,5647,2,0,0;                                            5649P   4944
144,5601,1,0,5649,0,0;                                              5651P   4945
110,-2.0,-9.2,-11.5,-2.0,-8.2,-11.5,0,0;                            5653P   4946
124,1.268826314E-015,-1.0,0.0,3.0,1.0,1.194330008E-015,0.0,-9.2,    5655P   4947
0.0,0.0,1.0,-11.5,0,0;                                              5655P   4948
100,0.0,0.0,0.0,1.4,0.0,-1.4,7.931754457E-016,0,0;                  5657P   4949
120,5653,5657,0.0,1.570796327,0,0;                                  5659P   4950
124,0.0,-7.273661547E-016,-1.0,-2.0,-1.0,2.537652628E-015,0.0,      5661P   4951
-9.2,2.537652628E-015,1.0,-7.273661547E-016,-16.5,0,0;              5661P   4952
100,0.0,0.0,0.0,1.4,0.0,-1.4,3.552713679E-015,0,0;                  5663P   4953
124,7.105427358E-016,1.0,0.0,-2.0,0.0,0.0,-1.0,-7.8,-1.0,           5665P   4954
7.105427358E-016,0.0,-11.5,0,0;                                     5665P   4955
100,0.0,0.0,0.0,5.0,0.0,3.552713679E-015,5.0,0,0;                   5667P   4956
124,0.0,-1.0,0.0,3.0,1.0,0.0,0.0,-9.2,0.0,0.0,1.0,-11.5,0,0;        5669P   4957
100,0.0,0.0,0.0,1.4,0.0,-1.4,-1.776356839E-015,0,0;                 5671P   4958
124,1.0,0.0,0.0,-2.0,0.0,0.0,1.0,-10.6,0.0,-1.0,0.0,-11.5,0,0;      5673P   4959
100,0.0,0.0,0.0,5.0,0.0,3.552713679E-015,5.0,0,0;                   5675P   4960
102,4,5663,5667,5671,5675,0,0;                                      5677P   4961
142,0,5659,0,5677,2,0,0;                                            5679P   4962
144,5659,1,0,5679,0,0;                                              5681P   4963
110,-2.0,-9.2,-11.5,-2.0,-8.2,-11.5,0,0;                            5683P   4964
124,0.0,1.0,0.0,3.0,-1.0,-1.836909531E-016,0.0,-9.2,0.0,0.0,1.0,    5685P   4965
-11.5,0,0;                                                          5685P   4966
100,0.0,0.0,0.0,1.4,0.0,-1.4,2.036625233E-015,0,0;                  5687P   4967
120,5683,5687,0.0,1.570796327,0,0;                                  5689P   4968
124,0.0,7.273661547E-016,-1.0,-2.0,1.0,0.0,0.0,-9.2,0.0,-1.0,       5691P   4969
-7.273661547E-016,-16.5,0,0;                                        5691P   4970
100,0.0,0.0,0.0,1.4,0.0,-1.4,-3.552713679E-015,0,0;                 5693P   4971
124,7.105427358E-016,1.0,0.0,-2.0,0.0,0.0,-1.0,-10.6,-1.0,          5695P   4972
7.105427358E-016,0.0,-11.5,0,0;                                     5695P   4973
100,0.0,0.0,0.0,5.0,0.0,3.552713679E-015,5.0,0,0;                   5697P   4974
124,1.268826314E-015,1.0,0.0,3.0,-1.0,1.268826314E-015,0.0,-9.2,    5699P   4975
0.0,0.0,1.0,-11.5,0,0;                                              5699P   4976
100,0.0,0.0,0.0,1.4,0.0,-1.4,1.776356839E-015,0,0;                  5701P   4977
124,1.0,0.0,0.0,-2.0,1.776356839E-016,0.0,1.0,-7.8,0.0,-1.0,0.0,    5703P   4978
-11.5,0,0;                                                          5703P   4979
100,0.0,0.0,0.0,5.0,0.0,3.552713679E-015,5.0,0,0;                   5705P   4980
102,4,5693,5697,5701,5705,0,0;                                      5707P   4981
142,0,5689,0,5707,2,0,0;                                            5709P   4982
144,5689,1,0,5709,0,0;                                              5711P   4983
110,-19.2,-9.2,-16.5,-20.2,-9.2,-16.5,0,0;                          5713P   4984
110,-2.0,-10.6,-16.5,-36.4,-10.6,-16.5,0,0;                         5715P   4985
120,5713,5715,0.0,6.283185307,0,0;                                  5717P   4986
124,0.0,0.0,-1.0,-36.4,-1.0,0.0,0.0,-9.2,0.0,1.0,0.0,-16.5,0,0;     5719P   4987
100,0.0,0.0,0.0,1.4,0.0,-1.4,0.0,0,0;                               5721P   4988
110,-36.4,-7.8,-16.5,-2.0,-7.8,-16.5,0,0;                           5723P   4989
124,1.268826314E-015,0.0,1.0,-2.0,1.0,0.0,0.0,-9.2,0.0,1.0,0.0,     5725P   4990
-16.5,0,0;                                                          5725P   4991
100,0.0,0.0,0.0,1.4,0.0,-1.4,3.552713679E-015,0,0;                  5727P   4992
110,-2.0,-10.6,-16.5,-36.4,-10.6,-16.5,0,0;                         5729P   4993
102,4,5721,5723,5727,5729,0,0;                                      5731P   4994
142,0,5717,0,5731,2,0,0;                                            5733P   4995
144,5717,1,0,5733,0,0;                                              5735P   4996
110,-19.2,-9.2,-16.5,-20.2,-9.2,-16.5,0,0;                          5737P   4997
110,-2.0,-7.8,-16.5,-36.4,-7.8,-16.5,0,0;                           5739P   4998
120,5737,5739,0.0,6.283185307,0,0;                                  5741P   4999
124,0.0,0.0,-1.0,-36.4,1.0,0.0,0.0,-9.2,0.0,-1.0,0.0,-16.5,0,0;     5743P   5000
100,0.0,0.0,0.0,1.4,0.0,-1.4,0.0,0,0;                               5745P   5001
110,-36.4,-10.6,-16.5,-2.0,-10.6,-16.5,0,0;                         5747P   5002
124,1.268826314E-015,0.0,1.0,-2.0,-1.0,-2.537652628E-015,0.0,       5749P   5003
-9.2,2.537652628E-015,-1.0,0.0,-16.5,0,0;                           5749P   5004
100,0.0,0.0,0.0,1.4,0.0,-1.4,-3.552713679E-015,0,0;                 5751P   5005
110,-2.0,-7.8,-16.5,-36.4,-7.8,-16.5,0,0;                           5753P   5006
102,4,5745,5747,5751,5753,0,0;                                      5755P   5007
142,0,5741,0,5755,2,0,0;                                            5757P   5008
144,5741,1,0,5757,0,0;                                              5759P   5009
108,-1.0,0.0,0.0,36.4,0,-36.4,0.0,0.0,1.0,0,0;                      5761P   5010
124,0.0,0.0,1.0,-36.4,-1.0,0.0,0.0,-9.2,0.0,-1.0,0.0,-16.5,0,0;     5763P   5011
100,0.0,0.0,0.0,1.4,0.0,-1.4,0.0,0,0;                               5765P   5012
124,0.0,0.0,1.0,-36.4,1.0,0.0,0.0,-9.2,0.0,1.0,0.0,-16.5,0,0;       5767P   5013
100,0.0,0.0,0.0,1.4,0.0,-1.4,0.0,0,0;                               5769P   5014
102,2,5765,5769,0,0;                                                5771P   5015
142,0,5761,0,5771,2,0,0;                                            5773P   5016
144,5761,1,0,5773,0,0;                                              5775P   5017
108,0.0,0.0,1.0,-11.5,0,0.0,0.0,-11.5,1.0,0,0;                      5777P   5018
124,1.0,-1.110223025E-013,0.0,3.0,1.110223025E-013,1.0,0.0,-9.2,    5779P   5019
0.0,0.0,1.0,-11.5,0,0;                                              5779P   5020
100,0.0,0.0,0.0,2.8,0.0,-2.8,-1.776356839E-015,0,0;                 5781P   5021
124,-1.0,1.116567156E-013,0.0,3.0,-1.116567156E-013,-1.0,0.0,       5783P   5022
-9.2,0.0,0.0,1.0,-11.5,0,0;                                         5783P   5023
100,0.0,0.0,0.0,2.8,0.0,-2.8,1.776356839E-015,0,0;                  5785P   5024
102,2,5781,5785,0,0;                                                5787P   5025
142,0,5777,0,5787,2,0,0;                                            5789P   5026
124,1.268826314E-015,-1.0,0.0,3.0,-1.0,-1.268826314E-015,0.0,       5791P   5027
-9.2,0.0,0.0,-1.0,-11.5,0,0;                                        5791P   5028
100,0.0,0.0,0.0,1.4,0.0,-1.4,-1.776356839E-015,0,0;                 5793P   5029
124,0.0,1.0,0.0,3.0,1.0,0.0,0.0,-9.2,0.0,0.0,-1.0,-11.5,0,0;        5795P   5030
100,0.0,0.0,0.0,1.4,0.0,-1.4,1.776356839E-015,0,0;                  5797P   5031
102,2,5793,5797,0,0;                                                5799P   5032
142,0,5777,0,5799,2,0,0;                                            5801P   5033
144,5777,1,1,5789,5801,0,0;                                         5803P   5034
124,1.0,1.110223025E-013,0.0,3.0,1.110223025E-013,-1.0,0.0,-9.2,    5805P   5035
0.0,0.0,-1.0,-9.0,0,0;                                              5805P   5036
100,0.0,0.0,0.0,2.8,0.0,-2.8,1.776356839E-015,0,0;                  5807P   5037
124,-1.0,-1.116567156E-013,0.0,3.0,-1.116567156E-013,1.0,0.0,       5809P   5038
-9.2,0.0,0.0,-1.0,-9.0,0,0;                                         5809P   5039
100,0.0,0.0,0.0,2.8,0.0,-2.8,-1.776356839E-015,0,0;                 5811P   5040
102,2,5807,5811,0,0;                                                5813P   5041
142,0,4855,0,5813,2,0,0;                                            5815P   5042
144,4855,1,0,5815,0,0;                                              5817P   5043
110,3.0,-9.2,-10.25,3.0,-9.2,-9.25,0,0;                             5819P   5044
110,0.2,-9.2,-11.5,0.2,-9.2,-9.0,0,0;                               5821P   5045
120,5819,5821,0.0,6.283185307,0,0;                                  5823P   5046
110,0.2,-9.2,-11.5,0.2,-9.2,-9.0,0,0;                               5825P   5047
124,-1.0,1.116567156E-013,0.0,3.0,-1.116567156E-013,-1.0,0.0,       5827P   5048
-9.2,0.0,0.0,1.0,-9.0,0,0;                                          5827P   5049
100,0.0,0.0,0.0,2.8,0.0,-2.8,1.776356839E-015,0,0;                  5829P   5050
110,5.8,-9.2,-9.0,5.8,-9.2,-11.5,0,0;                               5831P   5051
124,1.0,1.110223025E-013,0.0,3.0,1.110223025E-013,-1.0,0.0,-9.2,    5833P   5052
0.0,0.0,-1.0,-11.5,0,0;                                             5833P   5053
100,0.0,0.0,0.0,2.8,0.0,-2.8,1.776356839E-015,0,0;                  5835P   5054
102,4,5825,5829,5831,5835,0,0;                                      5837P   5055
142,0,5823,0,5837,2,0,0;                                            5839P   5056
144,5823,1,0,5839,0,0;                                              5841P   5057
110,3.0,-9.2,-10.25,3.0,-9.2,-9.25,0,0;                             5843P   5058
110,5.8,-9.2,-11.5,5.8,-9.2,-9.0,0,0;                               5845P   5059
120,5843,5845,0.0,6.283185307,0,0;                                  5847P   5060
110,5.8,-9.2,-11.5,5.8,-9.2,-9.0,0,0;                               5849P   5061
124,1.0,-1.110223025E-013,0.0,3.0,1.110223025E-013,1.0,0.0,-9.2,    5851P   5062
0.0,0.0,1.0,-9.0,0,0;                                               5851P   5063
100,0.0,0.0,0.0,2.8,0.0,-2.8,-1.776356839E-015,0,0;                 5853P   5064
110,0.2,-9.2,-9.0,0.2,-9.2,-11.5,0,0;                               5855P   5065
124,-1.0,-1.116567156E-013,0.0,3.0,-1.116567156E-013,1.0,0.0,       5857P   5066
-9.2,0.0,0.0,-1.0,-11.5,0,0;                                        5857P   5067
100,0.0,0.0,0.0,2.8,0.0,-2.8,-1.776356839E-015,0,0;                 5859P   5068
102,4,5849,5853,5855,5859,0,0;                                      5861P   5069
142,0,5847,0,5861,2,0,0;                                            5863P   5070
144,5847,1,0,5863,0,0;                                              5865P   5071
110,0.0,0.0,1.4,0.0,0.0,2.4,0,0;                                    5867P   5072
124,-0.7423516256,0.468044033,0.4794255386,14.04132099,             5869P   5073
-0.4055485414,0.2556936206,-0.8775825619,7.670808618,               5869P   5074
-0.5333333333,-0.8459051694,-1.387778781E-016,1.4,0,0;              5869P   5075
100,0.0,0.0,0.0,1.5,0.0,0.6466666667,1.353448271,0,0;               5871P   5076
120,5867,5871,0.0,3.141592654,0,0;                                  5873P   5077
124,0.7423516256,-0.468044033,0.4794255386,-14.04132099,            5875P   5078
0.4055485414,-0.2556936206,-0.8775825619,-7.670808618,              5875P   5079
0.5333333333,0.8459051694,0.0,1.4,0,0;                              5875P   5080
100,0.0,0.0,0.0,1.5,0.0,0.6466666667,-1.353448271,0,0;              5877P   5081
124,-0.8775825619,-0.4794255386,0.0,0.0,-0.4794255386,              5879P   5082
0.8775825619,0.0,0.0,7.536571205E-017,0.0,-1.0,0.6,0,0;             5879P   5083
100,0.0,0.0,0.0,14.73114225,0.0,-14.73114225,8.17742665E-016,0,     5881P   5084
0;                                                                  5881P   5085
124,-0.7423516256,0.468044033,0.4794255386,14.04132099,             5883P   5086
-0.4055485414,0.2556936206,-0.8775825619,7.670808618,               5883P   5087
-0.5333333333,-0.8459051694,0.0,1.4,0,0;                            5883P   5088
100,0.0,0.0,0.0,1.5,0.0,0.6466666667,-1.353448271,0,0;              5885P   5089
124,0.8775825619,-0.4794255386,0.0,0.0,0.4794255386,                5887P   5090
0.8775825619,0.0,0.0,1.507314241E-016,0.0,1.0,2.2,0,0;              5887P   5091
100,0.0,0.0,0.0,14.73114225,0.0,-14.73114225,8.17742665E-016,0,     5889P   5092
0;                                                                  5889P   5093
102,4,5877,5881,5885,5889,0,0;                                      5891P   5094
142,0,5873,0,5891,2,0,0;                                            5893P   5095
144,5873,1,0,5893,0,0;                                              5895P   5096
110,0.0,0.0,1.4,0.0,0.0,2.4,0,0;                                    5897P   5097
124,0.7423516256,-0.468044033,-0.4794255386,-14.04132099,           5899P   5098
0.4055485414,-0.2556936206,0.8775825619,-7.670808618,               5899P   5099
-0.5333333333,-0.8459051694,1.110223025E-016,1.4,0,0;               5899P   5100
100,0.0,0.0,0.0,1.5,0.0,0.6466666667,-1.353448271,0,0;              5901P   5101
120,5897,5901,0.0,3.141592654,0,0;                                  5903P   5102
124,-0.7423516256,0.468044033,-0.4794255386,14.04132099,            5905P   5103
-0.4055485414,0.2556936206,0.8775825619,7.670808618,                5905P   5104
0.5333333333,0.8459051694,0.0,1.4,0,0;                              5905P   5105
100,0.0,0.0,0.0,1.5,0.0,0.6466666667,-1.353448271,0,0;              5907P   5106
124,0.8775825619,0.4794255386,0.0,0.0,0.4794255386,                 5909P   5107
-0.8775825619,0.0,0.0,7.536571205E-017,0.0,-1.0,0.6,0,0;            5909P   5108
100,0.0,0.0,0.0,14.73114225,0.0,-14.73114225,0.0,0,0;               5911P   5109
124,0.7423516256,-0.468044033,-0.4794255386,-14.04132099,           5913P   5110
0.4055485414,-0.2556936206,0.8775825619,-7.670808618,               5913P   5111
-0.5333333333,-0.8459051694,0.0,1.4,0,0;                            5913P   5112
100,0.0,0.0,0.0,1.5,0.0,0.6466666667,-1.353448271,0,0;              5915P   5113
124,-0.8775825619,0.4794255386,0.0,0.0,-0.4794255386,               5917P   5114
-0.8775825619,0.0,0.0,1.507314241E-016,0.0,1.0,2.2,0,0;             5917P   5115
100,0.0,0.0,0.0,14.73114225,0.0,-14.73114225,-1.63548533E-015,0,    5919P   5116
0;                                                                  5919P   5117
102,4,5907,5911,5915,5919,0,0;                                      5921P   5118
142,0,5903,0,5921,2,0,0;                                            5923P   5119
144,5903,1,0,5923,0,0;                                              5925P   5120
110,0.0,0.0,1.4,0.0,0.0,2.4,0,0;                                    5927P   5121
110,10.96978202,5.992819233,0.6,10.96978202,5.992819233,2.2,0,0;    5929P   5122
120,5927,5929,0.0,6.283185307,0,0;                                  5931P   5123
110,-10.96978202,-5.992819233,0.6,-10.96978202,-5.992819233,2.2,    5933P   5124
0,0;                                                                5933P   5125
124,-0.8775825619,-0.4794255386,0.0,0.0,-0.4794255386,              5935P   5126
0.8775825619,0.0,0.0,0.0,0.0,-1.0,2.2,0,0;                          5935P   5127
100,0.0,0.0,0.0,12.5,0.0,-12.5,1.387778781E-015,0,0;                5937P   5128
110,10.96978202,5.992819233,2.2,10.96978202,5.992819233,0.6,0,0;    5939P   5129
124,0.8775825619,-0.4794255386,0.0,0.0,0.4794255386,                5941P   5130
0.8775825619,0.0,0.0,0.0,0.0,1.0,0.6,0,0;                           5941P   5131
100,0.0,0.0,0.0,12.5,0.0,-12.5,1.387778781E-015,0,0;                5943P   5132
102,4,5933,5937,5939,5943,0,0;                                      5945P   5133
142,0,5931,0,5945,2,0,0;                                            5947P   5134
144,5931,1,0,5947,0,0;                                              5949P   5135
110,0.0,0.0,1.4,0.0,0.0,2.4,0,0;                                    5951P   5136
110,-10.96978202,-5.992819233,0.6,-10.96978202,-5.992819233,2.2,    5953P   5137
0,0;                                                                5953P   5138
120,5951,5953,0.0,6.283185307,0,0;                                  5955P   5139
110,10.96978202,5.992819233,0.6,10.96978202,5.992819233,2.2,0,0;    5957P   5140
124,0.8775825619,0.4794255386,0.0,0.0,0.4794255386,                 5959P   5141
-0.8775825619,0.0,0.0,0.0,0.0,-1.0,2.2,0,0;                         5959P   5142
100,0.0,0.0,0.0,12.5,0.0,-12.5,-1.387778781E-015,0,0;               5961P   5143
110,-10.96978202,-5.992819233,2.2,-10.96978202,-5.992819233,0.6,    5963P   5144
0,0;                                                                5963P   5145
124,-0.8775825619,0.4794255386,0.0,0.0,-0.4794255386,               5965P   5146
-0.8775825619,0.0,0.0,0.0,0.0,1.0,0.6,0,0;                          5965P   5147
100,0.0,0.0,0.0,12.5,0.0,-12.5,-1.387778781E-015,0,0;               5967P   5148
102,4,5957,5961,5963,5967,0,0;                                      5969P   5149
142,0,5955,0,5969,2,0,0;                                            5971P   5150
144,5955,1,0,5971,0,0;                                              5973P   5151
108,0.0,0.0,1.0,0.6,0,14.73114225,0.0,0.6,1.0,0,0;                  5975P   5152
124,-0.8775825619,0.4794255386,0.0,0.0,-0.4794255386,               5977P   5153
-0.8775825619,0.0,0.0,7.536571205E-017,0.0,1.0,0.6,0,0;             5977P   5154
100,0.0,0.0,0.0,14.73114225,0.0,-14.73114225,-8.17742665E-016,0,    5979P   5155
0;                                                                  5979P   5156
124,0.8775825619,-0.4794255386,0.0,0.0,0.4794255386,                5981P   5157
0.8775825619,0.0,0.0,7.536571205E-017,0.0,1.0,0.6,0,0;              5981P   5158
100,0.0,0.0,0.0,14.73114225,0.0,-14.73114225,0.0,0,0;               5983P   5159
102,2,5979,5983,0,0;                                                5985P   5160
142,0,5975,0,5985,2,0,0;                                            5987P   5161
124,-0.8775825619,-0.4794255386,0.0,0.0,-0.4794255386,              5989P   5162
0.8775825619,0.0,0.0,-8.881784197E-017,0.0,-1.0,0.6,0,0;            5989P   5163
100,0.0,0.0,0.0,12.5,0.0,-12.5,1.387778781E-015,0,0;                5991P   5164
124,0.8775825619,0.4794255386,0.0,0.0,0.4794255386,                 5993P   5165
-0.8775825619,0.0,0.0,-8.881784197E-017,0.0,-1.0,0.6,0,0;           5993P   5166
100,0.0,0.0,0.0,12.5,0.0,-12.5,-1.387778781E-015,0,0;               5995P   5167
102,2,5991,5995,0,0;                                                5997P   5168
142,0,5975,0,5997,2,0,0;                                            5999P   5169
144,5975,1,1,5987,5999,0,0;                                         6001P   5170
108,0.0,0.0,1.0,2.2,0,12.5,0.0,2.2,1.0,0,0;                         6003P   5171
124,-0.8775825619,-0.4794255386,0.0,0.0,-0.4794255386,              6005P   5172
0.8775825619,0.0,0.0,4.220479875E-016,0.0,-1.0,2.2,0,0;             6005P   5173
100,0.0,0.0,0.0,14.73114225,0.0,-14.73114225,1.63548533E-015,0,     6007P   5174
0;                                                                  6007P   5175
124,0.8775825619,0.4794255386,0.0,0.0,0.4794255386,                 6009P   5176
-0.8775825619,0.0,0.0,4.220479875E-016,0.0,-1.0,2.2,0,0;            6009P   5177
100,0.0,0.0,0.0,14.73114225,0.0,-14.73114225,-8.17742665E-016,0,    6011P   5178
0;                                                                  6011P   5179
102,2,6007,6011,0,0;                                                6013P   5180
142,0,6003,0,6013,2,0,0;                                            6015P   5181
124,-0.8775825619,0.4794255386,0.0,0.0,-0.4794255386,               6017P   5182
-0.8775825619,0.0,0.0,7.105427358E-017,0.0,1.0,2.2,0,0;             6017P   5183
100,0.0,0.0,0.0,12.5,0.0,-12.5,-1.387778781E-015,0,0;               6019P   5184
124,0.8775825619,-0.4794255386,0.0,0.0,0.4794255386,                6021P   5185
0.8775825619,0.0,0.0,7.105427358E-017,0.0,1.0,2.2,0,0;              6021P   5186
100,0.0,0.0,0.0,12.5,0.0,-12.5,1.387778781E-015,0,0;                6023P   5187
102,2,6019,6023,0,0;                                                6025P   5188
142,0,6003,0,6025,2,0,0;                                            6027P   5189
144,6003,1,1,6015,6027,0,0;                                         6029P   5190
S      1G      4D   6030P   5190                                        T      1
